model,window,horizon_h,seed,n_params,rmse,mae,r2,smape,bias,n,skill_vs_persistence
gru_h32_l1,24,1,42,5025,36.178010180439045,19.95065413415349,0.8452470529567728,17.829619543775816,-7.846568439447194,9334,0.011032415625193859
gru_h32_l1,24,1,1337,5025,35.29919850425454,19.545068971621166,0.8526740453249284,17.651339082066,-5.285340443490388,9334,0.035055745161058804
gru_h32_l1,24,1,2024,5025,34.422829464831246,19.32985902141287,0.8598985256393563,17.660020542829727,-2.701377099943958,9334,0.05901230240720434
gru_h32_l1,24,1,7,5025,34.63548121861018,19.154093647674785,0.8581621867430544,17.498530108872927,-3.5989563879726325,9334,0.05319922174856917
gru_h32_l1,24,1,31415,5025,36.59113319455699,19.913109577836185,0.8416925717145811,17.825724935980045,-5.840382326833868,9334,-0.00026077787229605853
gru_h32_l1,24,3,42,5025,48.71296290800776,29.462710591391087,0.7194601473228348,25.910126807991073,-9.046654188326983,9311,0.1935902910690691
gru_h32_l1,24,3,1337,5025,47.711614846385494,29.281555829930166,0.730875209467345,25.968720480259073,-4.815539718626859,9311,0.21016692182003127
gru_h32_l1,24,3,2024,5025,49.75754591383094,30.14476223787645,0.7072995583089259,26.375469892680144,-5.5421474096824,9311,0.1762979354537716
gru_h32_l1,24,3,7,5025,49.07904846903614,29.68902760037975,0.7152277010709585,26.271743258562935,-11.409255057071979,9311,0.18752999555244831
gru_h32_l1,24,3,31415,5025,48.847892167628395,29.385290947116737,0.7179038692148474,25.858106454508007,-8.405928157837934,9311,0.191356629668049
gru_h32_l1,24,6,42,5025,56.345760871949764,34.670064833310164,0.6243028307428347,30.0747595267433,-10.589866735799172,9277,0.31843672084225016
gru_h32_l1,24,6,1337,5025,56.33268835248637,34.61218637768636,0.6244771380467549,30.22803545825291,-13.28693571692337,9277,0.31859484718741693
gru_h32_l1,24,6,2024,5025,55.88903589286254,34.52155086531258,0.6303687652395917,30.21320088708528,-11.475089236562708,9277,0.32396130635858333
gru_h32_l1,24,6,7,5025,57.10109467519824,35.151513234532686,0.614162623967514,30.554940015539422,-13.279246789154545,9277,0.3093001367259993
gru_h32_l1,24,6,31415,5025,56.76136905787746,34.94964026007084,0.6187400812535105,30.392878006925393,-13.903009683314508,9277,0.31340948767222654
gru_h32_l1,24,12,42,5025,59.36714715400875,37.03899539672333,0.58305323358397,32.0918337008477,-10.613373678654373,9212,0.39823334082977446
gru_h32_l1,24,12,1337,5025,60.38647318250349,37.51201319921893,0.5686124747099126,32.901785213126,-15.712714818504576,9212,0.3879010872488289
gru_h32_l1,24,12,2024,5025,61.87309724325446,38.15751816018365,0.5471108006764412,33.225143355907846,-18.02956052606293,9212,0.37283213350309075
gru_h32_l1,24,12,7,5025,60.64364385006605,37.70663604581236,0.5649303106384778,32.893024022997324,-15.039937209008341,9212,0.3852943132858787
gru_h32_l1,24,12,31415,5025,58.32855298591713,36.66000022017718,0.5975141137421288,31.74000278951113,-7.848086541914657,9212,0.4087609031723751
gru_h32_l1,24,24,42,5025,59.31046076069691,36.92278496996672,0.5865997796105162,32.55326180886354,-12.348603683241697,9083,0.1959474803848119
gru_h32_l1,24,24,1337,5025,61.27684323693778,37.738518066294226,0.5587335835180248,33.140246661284294,-17.93153809152989,9083,0.1692898762409515
gru_h32_l1,24,24,2024,5025,57.688982549917256,36.30262288363433,0.6088945508429322,31.86141496908352,-6.337168386599965,9083,0.21792933019944805
gru_h32_l1,24,24,7,5025,58.29840664802908,36.560727852410906,0.6005876599906718,32.41887752415082,-10.204976651635151,9083,0.20966756700765476
gru_h32_l1,24,24,31415,5025,58.9403970364114,36.32076685192287,0.5917424527607664,31.51749230695458,-12.178589015706079,9083,0.20096431326915742
gru_h32_l1,48,1,42,5025,35.06946755378792,19.42487642790943,0.8545854313342789,17.716843999803807,-3.871737183796341,9334,0.04133570533592601
gru_h32_l1,48,1,1337,5025,34.370713981270235,19.280191471503745,0.8603224262348177,17.651117449233805,-4.816885364462911,9334,0.06043693918597681
gru_h32_l1,48,1,2024,5025,34.21292191814295,19.353536055714564,0.8616019702644102,17.770078654382946,-1.9949296767561897,9334,0.06475036700376435
gru_h32_l1,48,1,7,5025,35.24879898300656,19.39552056935362,0.8530944433593517,17.580175069147437,-5.539915735936844,9334,0.036433474133262256
gru_h32_l1,48,1,31415,5025,37.014494188649664,20.136728736104168,0.8380081321599008,17.98960055472427,-6.19071848742853,9334,-0.011833838346272385
gru_h32_l1,48,3,42,5025,49.4390813727836,30.08370743383669,0.7110343248784826,26.38632507280278,-8.984735687522171,9311,0.1815698976281067
gru_h32_l1,48,3,1337,5025,50.217563730315185,30.14800316380339,0.7018623995477473,26.154328220898808,-11.022318967964294,9311,0.16868265583724218
gru_h32_l1,48,3,2024,5025,50.31551568686998,30.412735630743004,0.7006981996043796,26.545225366801333,-6.695009767066228,9311,0.1670611283410861
gru_h32_l1,48,3,7,5025,49.44137829292073,29.934157976304657,0.7110074737931453,26.224968456945742,-9.890859747598157,9311,0.1815318736897411
gru_h32_l1,48,3,31415,5025,49.40913042749252,29.920103979416325,0.7113843384015193,26.295968575222968,-8.545592998240096,9311,0.18206571499647328
gru_h32_l1,48,6,42,5025,57.47308593998334,35.52855399306068,0.6091190902449108,30.659459326674583,-11.311910745623651,9277,0.3048004976702564
gru_h32_l1,48,6,1337,5025,57.81331921929089,35.80312070641199,0.604477462412781,31.04866032551938,-13.457128745093165,9277,0.30068500599998804
gru_h32_l1,48,6,2024,5025,59.017975594394656,36.63316168654849,0.5878227245933058,31.41130850648285,-15.637727850811507,9277,0.2861133765363286
gru_h32_l1,48,6,7,5025,59.266759472567216,36.40859651550586,0.584340423155002,31.349677918858056,-15.68347076949729,9277,0.2831040648652303
gru_h32_l1,48,6,31415,5025,57.85118236766706,35.753622994059214,0.6039592208488116,30.803558465822412,-14.49509244361735,9277,0.3002270100271385
gru_h32_l1,48,12,42,5025,59.68488718689012,37.053873642098075,0.5785781926963633,32.058853028691495,-10.280504930305442,9212,0.39501261409389743
gru_h32_l1,48,12,1337,5025,60.587098311610795,37.37464541940309,0.5657412704984643,32.17987485447159,-15.890129425736385,9212,0.38586747910903896
gru_h32_l1,48,12,2024,5025,61.215745364137476,37.80736852986006,0.5566828482290491,32.658677842860925,-14.658165186622881,9212,0.3794952875059151
gru_h32_l1,48,12,7,5025,58.313866321236915,37.20138360402677,0.5977167737003832,32.55149107735502,-5.7407848951311315,9212,0.40890977246393867
gru_h32_l1,48,12,31415,5025,59.41327961935119,37.56638552631026,0.5824049876578716,32.985237370172264,-9.094052553928888,9212,0.3977657256439481
gru_h32_l1,48,24,42,5025,61.08158478521473,37.42852716491883,0.5615412908630399,32.516409138559624,-17.97462236500948,9083,0.17193693121355624
gru_h32_l1,48,24,1337,5025,58.93601411408734,36.91251167798131,0.5918031681504666,32.48944327755357,-8.930077498220601,9083,0.20102373111371186
gru_h32_l1,48,24,2024,5025,58.30500300098486,36.5363623195224,0.6004972693959807,31.906179911877086,-6.087934675992443,9083,0.20957814240790718
gru_h32_l1,48,24,7,5025,59.93995810427034,37.14285731653963,0.5777778838284258,32.78248136500587,-14.347200401594788,9083,0.18741359076905817
gru_h32_l1,48,24,31415,5025,59.587886614706356,36.54153795329125,0.5827233593231891,31.753340160416045,-14.990133760166735,9083,0.1921865088114717
gru_h32_l1,168,1,42,5025,35.50641895503259,19.6756076799043,0.8509392433674783,18.008444928650285,-6.066303977303815,9334,0.02939113542666727
gru_h32_l1,168,1,1337,5025,34.51860488267983,19.441804055191298,0.8591178260603094,17.79118283755255,-5.220801777647315,9334,0.05639417102961364
gru_h32_l1,168,1,2024,5025,34.431566347128175,19.38419231764932,0.8598273981086653,17.725218220657236,-3.5566314491563227,9334,0.058773469664964884
gru_h32_l1,168,1,7,5025,35.268738152272654,19.545736727926744,0.8529281963769362,17.691345721480282,-5.811757100584731,9334,0.035888413971988053
gru_h32_l1,168,1,31415,5025,37.06351917726998,20.252879135023896,0.8375787377330444,18.035134654107477,-6.919820043286252,9334,-0.013173992885674224
gru_h32_l1,168,3,42,5025,49.60522657612319,30.189813825544302,0.7090888626543816,26.551857115413853,-7.717322743425307,9311,0.17881947767688422
gru_h32_l1,168,3,1337,5025,52.107672173772265,31.188205176392028,0.6789972024319506,26.83963185701813,-12.281260383373613,9311,0.13739320619702
gru_h32_l1,168,3,2024,5025,51.50541316520712,30.899344021791045,0.6863746033244069,26.857910266116157,-11.106822290922088,9311,0.14736319124422825
gru_h32_l1,168,3,7,5025,50.37587224602851,30.501088100638416,0.6999797070475164,26.67954987543016,-12.143863107318504,9311,0.16606196687773978
gru_h32_l1,168,3,31415,5025,49.6811652263462,30.14876286345962,0.7081974925287352,26.5623029726682,-9.005661440080788,9311,0.17756236537725678
gru_h32_l1,168,6,42,5025,58.20740294003722,36.42708291290876,0.5990669364363426,31.16705127843103,-10.625245362530173,9277,0.2959181346538906
gru_h32_l1,168,6,1337,5025,57.38369580359308,36.10414156414637,0.6103340493789978,31.140388455575916,-8.368313033229118,9277,0.3058817686219606
gru_h32_l1,168,6,2024,5025,61.625914489474994,38.02209735463636,0.5505905698460067,32.24982321570604,-17.650703899158795,9277,0.2545675182913144
gru_h32_l1,168,6,7,5025,59.68295479454751,36.71327384614736,0.578482063573933,31.522834209367744,-16.49727146381654,9277,0.2780697296458754
gru_h32_l1,168,6,31415,5025,58.771953757390705,36.35686180754213,0.5912519595761816,31.19229421230658,-15.068170086158426,9277,0.2890892783145279
gru_h32_l1,168,12,42,5025,59.709062312888584,37.01792217450047,0.578236733105514,32.21914893194892,-10.921253915573969,9212,0.3947675663611948
gru_h32_l1,168,12,1337,5025,59.99876896842491,37.21243945465609,0.5741340375963107,32.15483269233972,-12.444289991470505,9212,0.391830995975065
gru_h32_l1,168,12,2024,5025,61.53662353993665,37.818263512562204,0.5520231444124755,32.66202856640265,-15.351504178272904,9212,0.376242751429853
gru_h32_l1,168,12,7,5025,61.61936180859082,37.94815765728204,0.550817691632893,33.07493308701212,-17.25461980863576,9212,0.375404086715438
gru_h32_l1,168,12,31415,5025,59.43848142305375,37.39721329194232,0.582050643321004,32.79379750136581,-9.13060877375721,9212,0.3975102711384484
gru_h32_l1,168,24,42,5025,61.22093775584522,37.752396418496595,0.5595383886161122,32.80598017920674,-18.17751588908322,9083,0.17004776856477177
gru_h32_l1,168,24,1337,5025,60.50463120320276,37.13585364432537,0.5697852024321202,32.43461688877188,-17.712725507756254,9083,0.1797585022377547
gru_h32_l1,168,24,2024,5025,58.68890879960191,36.84024062974021,0.595218945431736,33.164337674829994,-11.327088471785533,9083,0.20437365704876675
gru_h32_l1,168,24,7,5025,59.98810315119719,37.22413653535986,0.5770993358900662,32.66531976375725,-14.201595072686423,9083,0.18676090411324686
gru_h32_l1,168,24,31415,5025,59.17634351731663,36.44417649930984,0.588467288650021,31.48364155307067,-12.842905751626851,9083,0.1977656639915597
gru_h32_l2,24,1,42,11361,37.20575286680128,20.6445266176647,0.8363297412429831,18.29490478422371,-10.079172852947872,9334,-0.01706211463838825
gru_h32_l2,24,1,1337,11361,35.661440991040166,19.845831098061606,0.8496347949265532,17.995645501896316,-4.401592840497854,9334,0.025153429491193702
gru_h32_l2,24,1,2024,11361,34.099920007517625,19.2719744435208,0.8625146905744027,17.56372591542079,-3.441798314020244,9334,0.06783940440586256
gru_h32_l2,24,1,7,11361,36.21712925344949,19.73302837938405,0.8449122050882033,17.752479193197388,-5.013786185934163,9334,0.009963050700335652
gru_h32_l2,24,1,31415,11361,35.78916052880585,19.736771892044718,0.8485558163979243,17.82433591459983,-6.792794453782524,9334,0.02166206879690402
gru_h32_l2,24,3,42,11361,50.21360918434142,30.37402240182126,0.7019093533359386,26.962087166546418,-12.257075528047748,9311,0.1687481206350554
gru_h32_l2,24,3,1337,11361,49.52086385934043,29.930464274980558,0.710077515926083,26.16254538751604,-9.35817079050514,9311,0.1802160446238359
gru_h32_l2,24,3,2024,11361,48.65132440731769,30.44914497308571,0.7201696552114568,26.794026804001845,0.7377894155079843,9311,0.19461067419571831
gru_h32_l2,24,3,7,11361,48.504493827542184,29.417735551474703,0.7218561725108157,25.957810919242913,-6.642827208799229,9311,0.19704135379372445
gru_h32_l2,24,3,31415,11361,49.50323965940023,29.752904918968582,0.7102838428024743,26.14812282607788,-9.958213401494463,9311,0.18050780117271914
gru_h32_l2,24,6,42,11361,58.141743834441016,35.77681665005206,0.5999709471813764,30.956894567460118,-15.211157403959358,9277,0.29671235296994836
gru_h32_l2,24,6,1337,11361,55.88976656505093,34.967143161877274,0.6303591003375464,30.403981617496484,-8.088409119698838,9277,0.3239524680835294
gru_h32_l2,24,6,2024,11361,58.12938577894885,36.09891801599845,0.6001409818424284,31.274820481825174,-12.2205784533607,9277,0.2968618370960815
gru_h32_l2,24,6,7,11361,58.19228109968417,36.24410718362029,0.5992752280945399,31.320642767027586,-11.754905630269045,9277,0.2961010497647779
gru_h32_l2,24,6,31415,11361,59.19131506762008,36.21133795344696,0.5853979883118343,31.254399116525207,-18.910829187962545,9277,0.2840166470228611
gru_h32_l2,24,12,42,11361,58.308253464143874,36.437803081152616,0.5977942115289989,31.734896044068638,-8.888930936850372,9212,0.4089666663930426
gru_h32_l2,24,12,1337,11361,58.6640951598005,37.33544050577158,0.5928700952979672,32.711304939493125,-8.44427367909395,9212,0.4053597275614821
gru_h32_l2,24,12,2024,11361,60.89695370877554,37.23892728938731,0.5612881280780133,32.342037360481434,-17.493970759752937,9212,0.38272667386377457
gru_h32_l2,24,12,7,11361,58.39495101593114,36.27198971934669,0.5965972564120652,31.812987773108464,-11.313119425236982,9212,0.4080878689672218
gru_h32_l2,24,12,31415,11361,59.390711960175885,36.881082973075834,0.5827221676597074,32.220438632243244,-12.198304867219516,9212,0.3979944795173991
gru_h32_l2,24,24,42,11361,62.07618356581758,38.60666387621889,0.5471460862864319,34.07282997006252,-18.749406665821528,9083,0.1584534808189193
gru_h32_l2,24,24,1337,11361,62.40446060525421,38.45984225361199,0.5423437735018428,33.288142094513326,-19.76335509021844,9083,0.15400313635513552
gru_h32_l2,24,24,2024,11361,57.9489593004214,36.86322096630517,0.6053615562521033,32.50540985518788,-4.960644807121533,9083,0.21440491041576726
gru_h32_l2,24,24,7,11361,58.51965159420691,36.77687922501112,0.5975503336946271,32.26141500735085,-9.347870750634423,9083,0.2066682216283604
gru_h32_l2,24,24,31415,11361,58.44879380425103,36.75823352560529,0.5985243459658892,32.2773192837565,-7.990647082562074,9083,0.20762881751343143
gru_h32_l2,48,1,42,11361,36.49079657240896,20.213232768453178,0.8425595716356488,18.087996256139398,-8.462005080131707,9334,0.0024820392792042067
gru_h32_l2,48,1,1337,11361,36.02919384010368,19.94146324477972,0.846517570669211,17.954365507776355,-6.179471496807481,9334,0.015100481720673575
gru_h32_l2,48,1,2024,11361,34.7870988621739,19.61414605512704,0.8569176719372876,17.880987866618618,-3.901491171471639,9334,0.04905457880231656
gru_h32_l2,48,1,7,11361,34.63344347664541,19.367001798541605,0.858178876008036,17.57174109942615,-4.168743610145375,9334,0.05325492577259994
gru_h32_l2,48,1,31415,11361,35.36557948624624,19.674062452276697,0.8521194244052931,17.903983541813034,-5.489277756127067,9334,0.033241144549213786
gru_h32_l2,48,3,42,11361,49.75685240805531,30.406261419547956,0.7073077173942872,26.76470442318399,-8.36457376196501,9311,0.1763094159664993
gru_h32_l2,48,3,1337,11361,48.76008270581134,30.42690555310881,0.7189171553276605,26.55212887728698,-1.5438219563768096,9311,0.19281025511635097
gru_h32_l2,48,3,2024,11361,49.998280972722505,30.255472915703923,0.7044604426293523,26.45259829148756,-8.533510910642656,9311,0.17231273157412197
gru_h32_l2,48,3,7,11361,48.48689090752224,29.684641388593423,0.7220580199985651,25.96412467340688,-4.509027854759197,9311,0.1973327580681149
gru_h32_l2,48,3,31415,11361,50.92428639559587,30.49659357908032,0.6934118415569834,26.476246094824322,-12.900750919183215,9311,0.15698334656139024
gru_h32_l2,48,6,42,11361,59.50786786513981,36.75897963006814,0.5809515802934151,31.671095463619604,-14.1220261118983,9277,0.28018759654301373
gru_h32_l2,48,6,1337,11361,56.5791655579655,35.576491027449975,0.6211838347663203,30.9016915252613,-7.9449829587315,9277,0.3156134372320919
gru_h32_l2,48,6,2024,11361,58.082655687085946,36.202718070077346,0.6007836150925082,31.182850110783004,-8.948866349875358,9277,0.2974270883972008
gru_h32_l2,48,6,7,11361,59.78814756064744,36.841211635704234,0.5769948813922873,31.565584212039017,-15.888480076314806,9277,0.27679730869535046
gru_h32_l2,48,6,31415,11361,59.137646747612756,36.49826476024799,0.5861494805200878,31.640011790363413,-17.424397184984684,9277,0.28466582374183746
gru_h32_l2,48,12,42,11361,59.165599928935094,36.619974881390824,0.5858794370414215,31.71834542361949,-10.12425262854838,9212,0.4002762956644236
gru_h32_l2,48,12,1337,11361,59.462645384545496,37.81564228295554,0.5817107502149843,32.89291110031642,-8.706563560512347,9212,0.3972653365731832
gru_h32_l2,48,12,2024,11361,61.03079955957075,37.246886456813634,0.5593575128184332,32.39121355747444,-16.87721950559258,9212,0.3813699643983881
gru_h32_l2,48,12,7,11361,58.69388024851896,36.02646202181292,0.5924565722146439,31.407385549428014,-11.656074074132867,9212,0.40505781523807716
gru_h32_l2,48,12,31415,11361,59.17415478448535,36.918123248688865,0.5857596715788453,32.06007265075017,-10.326204696637593,9212,0.40018958058561394
gru_h32_l2,48,24,42,11361,61.89107389421261,38.32435831675605,0.5498428581706676,33.746107255385155,-17.47914498244549,9083,0.1609629520985244
gru_h32_l2,48,24,1337,11361,61.819248972179956,38.18768168884279,0.5508870714492771,33.28051150130676,-18.412204027527434,9083,0.16193665907686894
gru_h32_l2,48,24,2024,11361,62.27909110870737,38.77731603141376,0.5441807734956856,33.68924877728468,-16.50059196437904,9083,0.15570272961892906
gru_h32_l2,48,24,7,11361,59.057350797600485,36.70922073907886,0.5901206575286175,32.122752219901976,-11.30744582078412,9083,0.19937880937732333
gru_h32_l2,48,24,31415,11361,58.301117168918225,36.86737185508177,0.6005505186442528,32.281362619109885,-4.919103162489288,9083,0.2096308213624105
gru_h32_l2,168,1,42,11361,35.406226265667996,19.944668356117706,0.851779301411955,18.189175751535007,-3.805577491873072,9334,0.032130018009725925
gru_h32_l2,168,1,1337,11361,35.19067084974518,19.88001342606374,0.8535785622503178,18.118540637940733,-3.391756661147174,9334,0.03802247361800459
gru_h32_l2,168,1,2024,11361,34.686012159221626,19.558028456068165,0.8577480203387517,17.85172127331826,-4.996817449439457,9334,0.05181790027667377
gru_h32_l2,168,1,7,11361,34.972832113843474,19.590382989804237,0.8553857195092388,17.712322494862644,-6.050382786540435,9334,0.04397734640822948
gru_h32_l2,168,1,31415,11361,35.41313281031789,19.71174659834308,0.8517214701870794,17.922446581548353,-5.349513296988604,9334,0.03194121965556784
gru_h32_l2,168,3,42,11361,49.80264468314802,30.515174677024298,0.7067687277908208,27.041195419471663,-7.722339142945732,9311,0.1755513562422626
gru_h32_l2,168,3,1337,11361,50.144919329892254,30.42668352104292,0.7027243434749395,26.448465533326214,-8.822384677392641,9311,0.16988523408958844
gru_h32_l2,168,3,2024,11361,49.829379542548786,31.122923222031435,0.7064538207786247,27.273152495116747,-0.39936467795305164,9311,0.17510877897123112
gru_h32_l2,168,3,7,11361,49.10004677978229,29.978050915137597,0.7149839711447717,26.380021933217428,-6.760725628659278,9311,0.18718238291207534
gru_h32_l2,168,3,31415,11361,49.95874666247173,30.24860577541782,0.7049276320205224,26.549553532589204,-9.169580412167388,9311,0.17296719498014224
gru_h32_l2,168,6,42,11361,57.01961134741799,35.94948866398409,0.6152630190332005,31.59870142210355,-9.05253827241014,9277,0.3102857662253471
gru_h32_l2,168,6,1337,11361,56.98621274647156,35.802560205134796,0.6157135978188384,31.034084907848914,-7.631067915225645,9277,0.3106897586398264
gru_h32_l2,168,6,2024,11361,58.36892402842249,36.43506802897108,0.596838732037718,31.351500204530435,-9.309585467928322,9277,0.2939643613628852
gru_h32_l2,168,6,7,11361,59.60882777707666,36.743761052643016,0.5795284750210665,31.54239918834929,-14.935759757805751,9277,0.2789663765687279
gru_h32_l2,168,6,31415,11361,61.098270293695734,37.42409509087323,0.5582533567484029,31.909513166932925,-20.221348566355005,9277,0.2609499488901511
gru_h32_l2,168,12,42,11361,58.89966604859736,36.600234179125934,0.5895937977022754,32.06017415010845,-9.805244400406215,9212,0.40297189668961453
gru_h32_l2,168,12,1337,11361,59.1875948245283,37.91431074892364,0.5855714799984011,32.86744746849235,-5.491574535546808,9212,0.40005334752771105
gru_h32_l2,168,12,2024,11361,60.776261212745034,37.0784805017883,0.5630253828088534,32.27413459915407,-15.948650515161097,9212,0.3839500562158822
gru_h32_l2,168,12,7,11361,60.45005140343317,37.092711614468215,0.5677036191932215,32.36015201856367,-16.10655459429422,9212,0.3872566356381495
gru_h32_l2,168,12,31415,11361,59.04368377033497,37.078691884116616,0.587584345661393,32.190753545044544,-8.551427470632307,9212,0.40151208149845297
gru_h32_l2,168,24,42,11361,60.56254802287438,37.54109341363207,0.5689611796146073,33.71528334038272,-16.778899358004313,9083,0.1789733428546072
gru_h32_l2,168,24,1337,11361,61.99180704682826,38.361971615419186,0.5483763252021776,33.429446542467204,-18.831328291359178,9083,0.15959734569232598
gru_h32_l2,168,24,2024,11361,62.0892235678098,38.66791509385319,0.5469558092482552,33.49792524310406,-15.821519922506562,9083,0.15827670177651842
gru_h32_l2,168,24,7,11361,59.076217745741864,36.737768517209545,0.5898587288289499,32.05547190266856,-11.93857069497945,9083,0.1991230363316251
gru_h32_l2,168,24,31415,11361,58.4379086883774,36.65043580185738,0.5986738683700357,32.23732511025918,-7.820031075097615,9083,0.20777638346945748
gru_h64_l1,24,1,42,16193,33.84917057564275,19.193783369973595,0.8645292179865348,17.483523962073544,-1.3393457332984635,9334,0.07469392898274851
gru_h64_l1,24,1,1337,16193,35.0542386130675,19.523437424253803,0.8547116966684463,17.72043525638487,-2.257008231258531,9334,0.041752005973848094
gru_h64_l1,24,1,2024,16193,35.260866007985584,19.481174721455638,0.852993843253433,17.649162775046754,-3.6337985724984883,9334,0.03610360810457314
gru_h64_l1,24,1,7,16193,36.1547074017525,19.657052344097337,0.8454463459672945,17.670448451850294,-4.548125513490038,9334,0.011669423924763334
gru_h64_l1,24,1,31415,16193,34.72202557186573,19.310303036925557,0.8574524753372202,17.51448066555346,-2.469648365375471,9334,0.05083343215556668
gru_h64_l1,24,3,42,16193,48.31809709284369,29.359811527579048,0.7239898092112778,25.927127295555085,-6.842188277823801,9311,0.20012702396447024
gru_h64_l1,24,3,1337,16193,48.27373752321819,29.205709929858525,0.7244963719157779,25.645873725913955,-7.3005738960258215,9311,0.20086136623179562
gru_h64_l1,24,3,2024,16193,50.16924599023,29.919934624736772,0.7024358405449385,26.323297652311467,-11.350726498202421,9311,0.1694825229032606
gru_h64_l1,24,3,7,16193,48.03082053436175,29.937427543652102,0.7272621046164862,26.286087102978005,-0.9072547862277689,9311,0.20488269046633312
gru_h64_l1,24,3,31415,16193,48.761560525179256,29.513595094140072,0.7189001169658038,25.996637974430353,-7.685470572736425,9311,0.19278579082973835
gru_h64_l1,24,6,42,16193,55.34062589549125,34.543636809527676,0.637587172931462,30.406864211957814,-8.812223618211895,9277,0.3305949219198445
gru_h64_l1,24,6,1337,16193,55.92547631215683,35.09132245381946,0.6298865988139659,30.634610865073732,-8.940018499005813,9277,0.32352051984183816
gru_h64_l1,24,6,2024,16193,55.72362277922203,35.53877681475929,0.6325535004959649,30.631047129513245,-1.2980307736733445,9277,0.32596215792938255
gru_h64_l1,24,6,7,16193,56.65766300317338,34.73792307721217,0.6201319730541265,30.344882684880808,-13.508094390658233,9277,0.31466392523095
gru_h64_l1,24,6,31415,16193,54.97113035586951,34.808061774119466,0.6424104968236444,30.230796671432525,-5.072431078168945,9277,0.3350643724645105
gru_h64_l1,24,12,42,16193,59.627445962586734,37.249380180004955,0.5793889619614135,32.35718504560783,-11.95459171846511,9212,0.39559485890950274
gru_h64_l1,24,12,1337,16193,57.50660985124903,36.21793079249587,0.6087775378329927,31.610900528258206,-6.001219696896526,9212,0.41709241307117484
gru_h64_l1,24,12,2024,16193,59.66555633185374,37.80709618667284,0.5788511302860003,32.81954306857152,-9.8234926702204,9212,0.3952085585617017
gru_h64_l1,24,12,7,16193,58.488272811543574,36.486113383632656,0.5953068588948955,31.672944799557158,-10.158831253229824,9212,0.4071419258342669
gru_h64_l1,24,12,31415,16193,58.7938774806264,36.769072116082484,0.5910667192910349,31.82902052877685,-10.056436275219946,9212,0.40404420749075753
gru_h64_l1,24,24,42,16193,57.24376348973644,36.167555464167535,0.6149080276426266,31.985369478165453,-7.788552488884141,9083,0.22396501939369406
gru_h64_l1,24,24,1337,16193,57.23559751855922,36.3378100560519,0.6150178885413142,31.78917486512439,-5.5680672570254774,9083,0.22407572279434107
gru_h64_l1,24,24,2024,16193,58.12004764983694,38.272666011717874,0.6030278573967114,33.138587093877334,3.315628771259221,9083,0.21208552161554517
gru_h64_l1,24,24,7,16193,57.80538205117171,36.82643548179553,0.6073146856849609,32.23333889889714,-4.600141125262154,9083,0.2163513402282824
gru_h64_l1,24,24,31415,16193,58.09226207121835,36.94702465234451,0.6034073293528228,32.37545800419556,-4.238223435775093,9083,0.21246220161787033
gru_h64_l1,48,1,42,16193,34.42521732768432,19.330521891049713,0.8598790876840878,17.652437439989807,-2.5154648987582746,9334,0.05894702742536184
gru_h64_l1,48,1,1337,16193,35.04252347190817,19.59017108344615,0.8548087912643016,17.828004880305464,-1.8445076062894201,9334,0.04207225285296512
gru_h64_l1,48,1,2024,16193,35.33556212385124,19.5118979738009,0.8523703520613467,17.733686747573195,-3.2433874213510028,9334,0.03406170372947348
gru_h64_l1,48,1,7,16193,35.48011849311804,19.48906111201861,0.851159987385768,17.674829247928635,-4.683534057086805,9334,0.030110088850524797
gru_h64_l1,48,1,31415,16193,35.11232380991124,19.421857060480704,0.8542298096347913,17.63262932172434,-4.11094091680562,9334,0.040164180205543465
gru_h64_l1,48,3,42,16193,49.62804403204335,30.128168209865766,0.7088211739790602,26.34405567637879,-8.831314640276121,9311,0.17844175033515242
gru_h64_l1,48,3,1337,16193,49.02044530733207,29.856977149979883,0.7159073635364052,26.248187838578,-7.864624041498114,9311,0.18850013072286398
gru_h64_l1,48,3,2024,16193,50.920000933414215,30.440130894910343,0.693463440382134,26.608908757654305,-11.816633278496361,9311,0.15705428945018696
gru_h64_l1,48,3,7,16193,50.013225296114484,30.025198284594833,0.7042837446031802,26.16234943862325,-10.22099000512211,9311,0.17206533854447903
gru_h64_l1,48,3,31415,16193,49.175383554649656,30.023719790150135,0.7141086700906691,26.35627303304458,-6.5038194244288325,9311,0.18593523424638414
gru_h64_l1,48,6,42,16193,57.86609904640352,35.65674187303625,0.6037549596927332,30.97502437160787,-13.881441216967906,9277,0.3000465765692094
gru_h64_l1,48,6,1337,16193,57.29486045754575,35.82863467545442,0.6115395944241151,30.992440847163238,-10.187296049570934,9277,0.3069563287808823
gru_h64_l1,48,6,2024,16193,56.7836446008176,36.97580969222421,0.6184407777556433,31.541970101067257,3.7055693381322783,9277,0.31314004074567237
gru_h64_l1,48,6,7,16193,56.534712831182084,35.372876736115096,0.6217788522499541,30.526631985569658,-8.293007154867647,9277,0.31615114132491384
gru_h64_l1,48,6,31415,16193,56.40597985244278,35.42320126129101,0.6234993562737889,30.5511755965962,-7.287885882238926,9277,0.3177083067579035
gru_h64_l1,48,12,42,16193,59.70386515069729,37.60323527288985,0.5783101516662245,32.62600576185326,-9.666603912748046,9212,0.3948202466579406
gru_h64_l1,48,12,1337,16193,60.533536558930784,37.5697643024232,0.5665087400759189,32.645536259313786,-14.080325946084901,9212,0.3864104002112765
gru_h64_l1,48,12,2024,16193,59.57242567055214,37.3462135544392,0.580164828334618,32.49690829013849,-8.347731290584452,9212,0.39615256428884893
gru_h64_l1,48,12,7,16193,59.36298324184965,36.73132096885598,0.5831117194270325,31.68210642586472,-12.551574207329939,9212,0.39827554773425256
gru_h64_l1,48,12,31415,16193,59.06023317024229,36.85387669954036,0.5873531206537201,31.822136624330255,-9.139711257370521,9212,0.40134433085569987
gru_h64_l1,48,24,42,16193,57.35268541551684,36.23936277553692,0.6134411476698864,31.913302371583413,-5.839923571794137,9083,0.22248840046776075
gru_h64_l1,48,24,1337,16193,57.392509910521454,36.35406461555456,0.6129041246592313,31.820336380647753,-5.00781257867158,9083,0.2219485128132025
gru_h64_l1,48,24,2024,16193,58.46997873375382,36.22108595525038,0.5982332612660352,32.03897917838949,-11.44108551640615,9083,0.20734162035249026
gru_h64_l1,48,24,7,16193,58.02100537911571,36.887314210130455,0.6043796636656564,32.42530484889624,-4.837876177367772,9083,0.21342820528888784
gru_h64_l1,48,24,31415,16193,58.57958565147664,36.76161340283318,0.5967255580028943,32.184837112833065,-6.840584815531477,9083,0.2058557152148136
gru_h64_l1,168,1,42,16193,35.0318839164926,19.59511934409342,0.8548969433291573,17.809468473735695,-2.5524419594359258,9334,0.04236309735673072
gru_h64_l1,168,1,1337,16193,35.40173294027822,19.644313486284375,0.8518169197428513,17.765494849915502,-3.883865420078788,9334,0.03225284823544505
gru_h64_l1,168,1,2024,16193,35.71724779445245,19.689181400478176,0.8491638118656627,17.78380564018795,-5.046699461711252,9334,0.02362788623198575
gru_h64_l1,168,1,7,16193,35.75988372848473,19.75512802452491,0.8488034884614477,17.81153269229633,-5.129590499597991,9334,0.02246238385976662
gru_h64_l1,168,1,31415,16193,35.04748037087394,19.5175217441245,0.8547677126556207,17.758030959816896,-3.662619320586536,9334,0.04193675030952171
gru_h64_l1,168,3,42,16193,50.273518174829604,30.454329181068584,0.7011976354082126,26.51707277388937,-10.195685585807531,9311,0.167756368364245
gru_h64_l1,168,3,1337,16193,48.544548064162186,30.134056937247276,0.7213966093749284,26.529889023404817,-2.8737547997116,9311,0.1963782833630634
gru_h64_l1,168,3,2024,16193,48.89828952050615,30.13595408087933,0.717321480434191,26.353129154888595,-4.871212927813305,9311,0.19052233603779312
gru_h64_l1,168,3,7,16193,51.43633465871896,30.89705879876356,0.6872153012001296,26.665362198583924,-13.081023319889367,9311,0.1485067385668516
gru_h64_l1,168,3,31415,16193,49.86100335614581,30.370872014475925,0.7060811091195458,26.579867065562773,-7.99841753949667,9311,0.17458526841478605
gru_h64_l1,168,6,42,16193,57.79584765177904,35.98158677045051,0.6047164853447667,31.343512727226617,-11.675173507876005,9277,0.3008963436172484
gru_h64_l1,168,6,1337,16193,57.02643675024098,36.00031887963428,0.6151709053907988,31.223382903149705,-8.169839038664742,9277,0.31020320555250114
gru_h64_l1,168,6,2024,16193,56.48266095030377,36.31436544843529,0.622474993014156,31.11938134514641,0.45544622820085007,9277,0.3167807654540187
gru_h64_l1,168,6,7,16193,56.898477577462295,35.73952053546211,0.6168959707795121,30.81417530011286,-8.440733689631541,9277,0.31175101096053437
gru_h64_l1,168,6,31415,16193,57.81224660374074,35.91356555359636,0.6044921386048581,30.933532660239127,-11.309912029444492,9277,0.3006979804520199
gru_h64_l1,168,12,42,16193,59.39768030895731,37.57489325237685,0.5826242429855675,32.67737039850605,-7.961699121395303,9212,0.3979238458392259
gru_h64_l1,168,12,1337,16193,60.3130738285941,37.44659598867033,0.5696605346659623,32.58700333190564,-13.600623112604145,9212,0.38864508937971654
gru_h64_l1,168,12,2024,16193,61.53842224675545,37.88751730986673,0.5519969554292372,32.723588135676984,-16.673839579809783,9212,0.3762245190935345
gru_h64_l1,168,12,7,16193,59.13529374555957,36.56042250321801,0.5863035753721046,31.646051920585883,-12.45002604351016,9212,0.4005834899898436
gru_h64_l1,168,12,31415,16193,59.84475409345511,37.12742844188066,0.5763175993854235,32.134064530006526,-11.919545950539204,9212,0.3933921458907358
gru_h64_l1,168,24,42,16193,59.70333436966433,37.19174173138814,0.5811048989010901,32.898086847028445,-14.90082734697219,9083,0.19062142135358795
gru_h64_l1,168,24,1337,16193,57.73694549414873,36.78173286314199,0.6082439459611394,32.400871307927105,-6.956816110781776,9083,0.21727911225032304
gru_h64_l1,168,24,2024,16193,59.24249630255366,36.8355768676423,0.5875466757758896,32.2731926484794,-12.174556482961151,9083,0.19686885231673545
gru_h64_l1,168,24,7,16193,58.28057521638206,37.012158481492875,0.6008319549911807,32.44407654148455,-6.132487464619134,9083,0.20990930189489465
gru_h64_l1,168,24,31415,16193,58.060039927077355,36.74356904307248,0.6038471649401809,32.12400663944257,-6.688097415752686,9083,0.2128990266880464
gru_h64_l2,24,1,42,41153,33.91438900787822,19.520371149894007,0.8640066820774015,17.93874334929544,0.34188007738942194,9334,0.07291110800771605
gru_h64_l2,24,1,1337,41153,34.01727650364976,19.382444597949483,0.8631802932549816,17.579907075583932,-1.6584478378860925,9334,0.07009855978717938
gru_h64_l2,24,1,2024,41153,33.19801886632006,19.199953910048237,0.8696911506778142,17.517185366357452,-0.7615013243039754,9334,0.09249391106630078
gru_h64_l2,24,1,7,41153,34.150841826537636,19.39351059245414,0.8621037670658993,17.73490390139086,-4.80282251122178,9334,0.06644739782238773
gru_h64_l2,24,1,31415,41153,34.144787626401595,19.442665480638993,0.8621526547270555,17.684089293437445,-3.180500279627723,9334,0.06661289635738177
gru_h64_l2,24,3,42,41153,47.95083429721639,30.563381051112273,0.7281697348892466,26.67752052461373,2.3116760176766085,9311,0.20620680779289935
gru_h64_l2,24,3,1337,41153,48.735945684802566,29.84333804598793,0.7191953674607016,26.169474083819328,-5.955600795457397,9311,0.19320982695358258
gru_h64_l2,24,3,2024,41153,48.69068869471722,30.003881464131364,0.7197166447927326,26.455271515119133,-5.026135158713678,9311,0.19395902540145227
gru_h64_l2,24,3,7,41153,48.30481963691904,29.429225079142764,0.724141479489926,25.84658569859495,-6.020989392510068,9311,0.20034682314580443
gru_h64_l2,24,3,31415,41153,49.48525020999186,30.13573119143759,0.710494369919477,26.56565454500032,-8.017272846771114,9311,0.18080560417617475
gru_h64_l2,24,6,42,41153,58.30953358310661,36.36390671419654,0.5976587487212672,31.28389001125717,-11.745021974407441,9277,0.294682753412859
gru_h64_l2,24,6,1337,41153,55.52045432089674,35.497650081895934,0.6352280374918228,30.882166272868687,-2.9841538728009946,9277,0.3284197014700989
gru_h64_l2,24,6,2024,41153,56.419159118612384,35.41859739342777,0.6233233968490622,31.051866221644715,-8.924175760163353,9277,0.31754888919519
gru_h64_l2,24,6,7,41153,55.766410548501234,34.70717508543363,0.631988991174246,29.97983153531818,-7.85316231764189,9277,0.3254445933089659
gru_h64_l2,24,6,31415,41153,56.406609509710854,34.968189453710586,0.6234909505093451,30.5565791074763,-11.465678069809066,9277,0.31770069036821014
gru_h64_l2,24,12,42,41153,59.61862611315325,37.10432381242938,0.5795133829089112,32.21084868410873,-13.378284444315774,9212,0.3956842600611903
gru_h64_l2,24,12,1337,41153,57.96328939234895,36.42409952089242,0.6025392042592363,32.29347406634613,-6.550235257419866,9212,0.41246334573455234
gru_h64_l2,24,12,2024,41153,61.49884454870959,37.877686965789145,0.5525730256909465,33.031410336356274,-19.43533183367631,9212,0.3766256928111956
gru_h64_l2,24,12,7,41153,59.00236966926747,36.52491160001539,0.5881612954657183,32.2016150046043,-12.617186585795194,9212,0.4019308560188374
gru_h64_l2,24,12,31415,41153,59.74563165671269,37.39177773530317,0.5777199496061991,32.4780248669039,-13.209128592177269,9212,0.3943968863990267
gru_h64_l2,24,24,42,41153,58.54426845651348,38.38818014551632,0.5972116737231812,33.39413247343972,0.34051524232662567,9083,0.20633449887677913
gru_h64_l2,24,24,1337,41153,57.951830600061164,37.37495630723756,0.6053224475844919,32.95031111321047,-2.948445549730732,9083,0.21436598514558192
gru_h64_l2,24,24,2024,41153,59.57533140732607,37.046447924203086,0.5828991817302724,32.40173193775742,-12.924325372588523,9083,0.19235671565186607
gru_h64_l2,24,24,7,41153,58.195600325624454,36.69997682253292,0.6019951052594857,32.35443487284914,-8.409743756667487,9083,0.21106127869867208
gru_h64_l2,24,24,31415,41153,61.05160917225194,37.66913776999505,0.5619715299817469,33.28545278072495,-18.631943726222318,9083,0.17234330079525584
gru_h64_l2,48,1,42,41153,37.35582126580974,20.546412011527057,0.8350067593735008,18.12923961547147,-9.044950873476505,9334,-0.021164407200034985
gru_h64_l2,48,1,1337,41153,35.281578786268405,19.715286696403986,0.852821085145754,17.95319089375757,-6.532915062269792,9334,0.035537400449650036
gru_h64_l2,48,1,2024,41153,34.534417847663796,19.7381984734434,0.8589887203122504,17.950551316506772,-2.8375723224379485,9334,0.05596190541566759
gru_h64_l2,48,1,7,41153,34.2447225785105,19.288963915117385,0.8613445707843275,17.675178819354958,-3.351034692001792,9334,0.06388105931911392
gru_h64_l2,48,1,31415,41153,34.17754570207017,19.461159299162542,0.861888029863791,17.663623230084337,-3.0512508071254643,9334,0.06571741662256114
gru_h64_l2,48,3,42,41153,48.91432325672781,31.10557646488846,0.7171360696172522,26.907997820314332,2.705074376061135,9311,0.19025690852553112
gru_h64_l2,48,3,1337,41153,49.47945048565647,30.10256698817207,0.7105622266827546,26.22476658376891,-7.047936565261509,9311,0.18090161463692245
gru_h64_l2,48,3,2024,41153,49.17153923354412,30.15612207697106,0.7141533678656203,26.379495429526006,-5.168065074217804,9311,0.18599887434706142
gru_h64_l2,48,3,7,41153,48.551334768347296,29.815415704167606,0.7213187043972196,26.125076257271058,-4.488041408950607,9311,0.19626593412746363
gru_h64_l2,48,3,31415,41153,50.534116685459765,30.583196334927973,0.6980918544156274,26.728526736434905,-9.662724229474849,9311,0.16344233865716362
gru_h64_l2,48,6,42,41153,58.59593505599724,36.5897602333461,0.5936966480923531,31.296737777092744,-10.029040957729043,9277,0.29121841600755605
gru_h64_l2,48,6,1337,41153,56.47642521463241,36.08082027174639,0.6225583466013767,31.21204675674265,-3.7020481997866947,9277,0.316856193461137
gru_h64_l2,48,6,2024,41153,58.59636359633978,36.35402313681659,0.5936907050857558,31.49877791809684,-13.228533127622583,9277,0.29121323234588226
gru_h64_l2,48,6,7,41153,57.17947007078353,35.48201997424943,0.6131027174786777,30.542120166163123,-10.16433738847929,9277,0.3083521010478266
gru_h64_l2,48,6,31415,41153,58.147348674651525,36.37175811856802,0.5998938181913791,31.685734493015154,-13.908270706074742,9277,0.29664455632981224
gru_h64_l2,48,12,42,41153,60.14316085819031,37.216288362293454,0.5720818093789584,32.128292536616826,-14.671800745209653,9212,0.3903673880828078
gru_h64_l2,48,12,1337,41153,58.28559283759676,36.487214414043564,0.5981067732529738,32.156733155599646,-6.552216338314825,9212,0.40919636261705994
gru_h64_l2,48,12,2024,41153,60.50756278527135,37.462115038946045,0.5668806657525585,32.4712604382417,-15.033358850596803,9212,0.3866736796806526
gru_h64_l2,48,12,7,41153,58.73745867075509,36.53946273606212,0.5918511703339897,32.08339351561601,-10.869414099422281,9212,0.40461608874761734
gru_h64_l2,48,12,31415,41153,59.53853891272107,37.16752501625553,0.5806423246352931,32.31146903533851,-12.155903663230955,9212,0.3964960525989274
gru_h64_l2,48,24,42,41153,57.95933231753109,37.358311963299776,0.6052202609549864,32.75083773790427,-2.0616467215582905,9083,0.21426428681520693
gru_h64_l2,48,24,1337,41153,58.29495631776928,36.83339036286736,0.6006349361953323,32.57528431374631,-8.330205099257734,9083,0.20971434200658945
gru_h64_l2,48,24,2024,41153,59.89916745531797,37.07226078856311,0.5783523538287444,32.4098843910683,-14.552112630753738,9083,0.18796657625671476
gru_h64_l2,48,24,7,41153,58.49451701760133,36.81407532415547,0.597895969028269,32.33184463378407,-7.386387915990353,9083,0.20700896286338
gru_h64_l2,48,24,31415,41153,60.21491115177908,37.2954824893429,0.5738954146129451,33.23537222087345,-14.39859730658888,9083,0.18368614222474045
gru_h64_l2,168,1,42,41153,33.95853575247709,19.525300979314046,0.8636524035562874,18.034605586393347,-0.6277853613999815,9334,0.07170430588824628
gru_h64_l2,168,1,1337,41153,34.79772337289989,19.60144002749867,0.8568302595389001,17.947008289271878,-4.760435993641018,9334,0.04876414556247166
gru_h64_l2,168,1,2024,41153,34.620814895551014,19.60554511812172,0.8582822831691217,17.93746468243107,-3.630428828859971,9334,0.05360014258460022
gru_h64_l2,168,1,7,41153,34.53958546693445,19.610991776386637,0.8589465162056621,17.93348040725344,-5.304231315489768,9334,0.055820642589946234
gru_h64_l2,168,1,31415,41153,36.795121051474794,20.125334559798997,0.8399225906857858,17.928685259922077,-7.1402854302482694,9334,-0.0058370209296567666
gru_h64_l2,168,3,42,41153,48.90779882787245,31.137313827306066,0.7172115241010966,26.98072896171302,1.995411129226043,9311,0.19036491597283278
gru_h64_l2,168,3,1337,41153,49.543316231832485,30.405371268174157,0.7098145591533148,26.574848120453915,-6.7627675190979595,9311,0.17984436098799705
gru_h64_l2,168,3,2024,41153,49.147939156627054,30.488383070505172,0.7144276884878559,26.711753503266827,-3.1476334575183804,9311,0.18638955744292185
gru_h64_l2,168,3,7,41153,49.13493305216897,30.148359166653044,0.7145788114823172,26.38846769073386,-5.897944484524861,9311,0.18660486458673442
gru_h64_l2,168,3,31415,41153,51.02092157428558,30.90495247180988,0.6922471590753041,27.08081003080452,-11.000688316122446,9311,0.15538361742015894
gru_h64_l2,168,6,42,41153,59.28912546111724,36.98994223249805,0.5840266421555433,31.64875381568383,-10.677085704465014,9277,0.28283352390062433
gru_h64_l2,168,6,1337,41153,57.98469959630136,36.15033947409471,0.6021290322475099,31.275944201194108,-10.203462276188786,9277,0.2986119738866405
gru_h64_l2,168,6,2024,41153,59.60119532163346,36.99698999418786,0.5796361444667003,32.016265904891355,-15.564144477746744,9277,0.2790586994210489
gru_h64_l2,168,6,7,41153,57.302596698490646,35.73633593362089,0.61143468357657,30.735160487847935,-8.905135624859533,9277,0.3068627505300049
gru_h64_l2,168,6,31415,41153,58.32970317953118,36.52396117708095,0.5973803563662914,31.565162428804406,-11.338613192563987,9277,0.2944387802005767
gru_h64_l2,168,12,42,41153,59.85172123821547,36.979508021503655,0.5762189431710152,31.862650207500597,-13.650449599246913,9212,0.39332152441695134
gru_h64_l2,168,12,1337,41153,58.977147073551535,36.48018179459149,0.5885133294916502,32.1636817743615,-10.008299588729644,9212,0.40218652127962895
gru_h64_l2,168,12,2024,41153,62.362434335466666,38.289714510268524,0.5399189243563121,33.19003643060622,-20.09980869782662,9212,0.36787203753579234
gru_h64_l2,168,12,7,41153,60.31123501087747,37.11376915503419,0.5696867745413332,32.47053105284959,-15.368150827155858,9212,0.3886637282944566
gru_h64_l2,168,12,31415,41153,59.525786356231855,37.28633431447141,0.5808219497927323,32.51891104945258,-12.005537846286849,9212,0.39662531707738535
gru_h64_l2,168,24,42,41153,58.114219563427405,38.34943358426878,0.6031074675155375,33.53164525159008,1.590431428369466,9083,0.2121645310769794
gru_h64_l2,168,24,1337,41153,58.97253750987577,36.99412902892456,0.5912970818723442,32.86634983791884,-11.648388304694645,9083,0.2005285953816346
gru_h64_l2,168,24,2024,41153,59.30619997260697,36.94704810491391,0.5866591737694579,32.23977806459112,-11.911017619005875,9083,0.19600524249549733
gru_h64_l2,168,24,7,41153,57.82173474713847,37.107357476711535,0.6070924789762107,32.55462515390655,-3.756041131720107,9083,0.21612965207705348
gru_h64_l2,168,24,31415,41153,61.31691656419367,37.95979277508868,0.5581562432153471,33.55759160575519,-18.85150898179585,9083,0.16874661524894097
gru_h128_l1,24,1,42,56961,33.65939972455918,19.158449646948444,0.8660439576267429,17.60878499416815,-1.350811273380689,9334,0.07988153380802288
gru_h128_l1,24,1,1337,56961,34.21628994791437,19.14105416104125,0.8615747202312695,17.643868545284676,-4.856954209646134,9334,0.06465829803008316
gru_h128_l1,24,1,2024,56961,34.596812424052985,19.367455699376553,0.8584787196955279,17.667508421665097,-4.313255083191319,9334,0.05425627779319908
gru_h128_l1,24,1,7,56961,34.230891560149715,19.33397933653055,0.8614565505795236,17.687250889452912,-1.9139945669176726,9334,0.06425914613896633
gru_h128_l1,24,1,31415,56961,33.591965684827144,19.144810973063503,0.8665801613913345,17.626836839366018,-2.056201811113843,9334,0.08172492096629413
gru_h128_l1,24,3,42,56961,48.42125573749756,29.37142007050264,0.7228099932203376,25.932167914392352,-6.4893069313489935,9311,0.19841930331594115
gru_h128_l1,24,3,1337,56961,49.15840903201511,29.84628974042657,0.714306005868659,26.608715217618574,-12.211387860270426,9311,0.18621623583281643
gru_h128_l1,24,3,2024,56961,47.62056146790481,29.350916425148313,0.7319014308160776,26.089804609882123,-4.284855601294126,9311,0.2116742480850432
gru_h128_l1,24,3,7,56961,47.44889092348903,29.424527721339025,0.7338309195614996,26.139951227794644,-4.81996110273188,9311,0.2145161362702429
gru_h128_l1,24,3,31415,56961,47.78024737481461,30.16017361695932,0.7301003876619412,26.524688275567165,0.10636741468301768,9311,0.20903075735846421
gru_h128_l1,24,6,42,56961,55.69055693055746,34.624963550685216,0.6329894493777732,30.32002011411453,-11.155935166587517,9277,0.3263621253429946
gru_h128_l1,24,6,1337,56961,57.66844952074183,35.90836239081245,0.6064571944475216,31.10254623617917,-14.683366025096092,9277,0.30243736261503273
gru_h128_l1,24,6,2024,56961,54.83098653854095,34.61742082618009,0.6442314554699419,30.320792652362314,-5.333854675843393,9277,0.3367595644046675
gru_h128_l1,24,6,7,56961,54.91142474097581,35.65864537691056,0.6431868500319774,30.971023433695283,1.0559152594247863,9277,0.33578657683341695
gru_h128_l1,24,6,31415,56961,55.11009864442514,35.46479076426361,0.6406002224404816,31.07105593263363,-1.2490118398078853,9277,0.3333833998237795
gru_h128_l1,24,12,42,56961,58.37872783212759,37.4023194286701,0.5968213705744936,32.61269182136057,-5.01765503529716,9212,0.4082523129667498
gru_h128_l1,24,12,1337,56961,57.72959860594477,36.88781579405347,0.6057376317015968,32.11539377514276,-2.803691765729281,9212,0.41483211921542196
gru_h128_l1,24,12,2024,56961,58.1010239175503,37.372212047950086,0.6006480377290075,32.28626015492365,-3.3116938949953405,9212,0.4110672192730971
gru_h128_l1,24,12,7,56961,59.22946598654864,38.99276306770342,0.5849849131123326,33.019507287606274,4.261041476513078,9212,0.39962892643806036
gru_h128_l1,24,12,31415,56961,58.934048588799556,38.21155857299869,0.5891145105595148,32.64264334746072,-2.623841744368404,9212,0.402623382951914
gru_h128_l1,24,24,42,56961,59.04294729911366,36.62921993126186,0.5903205641103729,32.27538142173222,-15.146036316980231,9083,0.1995740728957831
gru_h128_l1,24,24,1337,56961,58.30742685126124,36.811641668845944,0.6004640525232626,32.51296601080747,-9.256718814067627,9083,0.20954528306240738
gru_h128_l1,24,24,2024,56961,59.281998413377515,36.58930245256317,0.5869964555845014,32.40762305000557,-16.083528535182804,9083,0.19633333511908313
gru_h128_l1,24,24,7,56961,57.92620216985163,36.45868691430284,0.6056714522456971,32.12204280751653,-8.900829106774722,9083,0.21471342139240024
gru_h128_l1,24,24,31415,56961,56.97872648176424,36.22286607335173,0.6184657024736178,31.92713270572479,-4.946583826732605,9083,0.2275580394329606
gru_h128_l1,48,1,42,56961,33.74482431685621,19.41489003795466,0.8653631575387795,17.94880867113254,-1.0491354240982729,9334,0.07754635417075595
gru_h128_l1,48,1,1337,56961,33.840782524135456,19.434760066398436,0.8645963508043919,17.999828338287017,-2.1906060062718193,9334,0.07492322603350965
gru_h128_l1,48,1,2024,56961,35.028236198422,19.501388389177517,0.85492715965932,17.796560916216592,-4.674016131094609,9334,0.04246281193226353
gru_h128_l1,48,1,7,56961,33.28737372139309,19.140558299248006,0.8689887353705067,17.695645036878123,-1.3647780391429645,9334,0.09005129316849525
gru_h128_l1,48,1,31415,56961,33.84695206221251,19.366124630418962,0.8645469752252027,17.905804385692058,-1.5599014046294424,9334,0.07475457460303192
gru_h128_l1,48,3,42,56961,48.818024096400954,30.058678505257806,0.7182487394237337,26.467801755497504,-8.030591465074071,9311,0.19185107511310096
gru_h128_l1,48,3,1337,56961,49.56974816527301,30.260048497749562,0.7095048419643321,26.543665472942152,-8.040362381843334,9311,0.1794067984485862
gru_h128_l1,48,3,2024,56961,48.91648736209204,29.99100354155745,0.7171110396935048,26.469016473960604,-6.812292326862863,9311,0.19022108324468823
gru_h128_l1,48,3,7,56961,47.570270130185285,30.095210715758537,0.732467401298446,26.458773981674018,0.4032265499677607,9311,0.21250678670702627
gru_h128_l1,48,3,31415,56961,48.997582360730156,31.55323811691453,0.7161723011586505,27.292153411330666,3.954532641715494,9311,0.18887861113164905
gru_h128_l1,48,6,42,56961,56.06293996452483,35.33314292386539,0.6280649006989052,30.512851486364866,-5.980842353182323,9277,0.3218577474127666
gru_h128_l1,48,6,1337,56961,57.91570501473857,36.22926363538636,0.6030753028852507,31.03885829924693,-10.872298388711753,9277,0.2994465384133477
gru_h128_l1,48,6,2024,56961,56.05671001909597,35.62532256242237,0.628147558034691,30.783505532534754,-5.5794912584041665,9277,0.3219331053806024
gru_h128_l1,48,6,7,56961,56.679555163634646,35.64061237680354,0.6198383591629308,30.696288225909274,-6.826698250635291,9277,0.31439911573257917
gru_h128_l1,48,6,31415,56961,57.982462530781,36.422159173734755,0.6021597315961401,31.35294983610864,-12.300525506225435,9277,0.29863903362792643
gru_h128_l1,48,12,42,56961,58.93857298897613,36.632483762222286,0.5890514203159585,32.175567556219114,-11.332582990911284,9212,0.40257752201182306
gru_h128_l1,48,12,1337,56961,59.70503643714952,38.83422653413239,0.5782936058546567,33.027521916355646,1.6950980305929748,9212,0.3948083740790972
gru_h128_l1,48,12,2024,56961,59.0999370003185,37.19496765105474,0.586798122214359,32.25552786485244,-8.802043521248466,9212,0.4009418786186193
gru_h128_l1,48,12,7,56961,58.61198133626557,37.774754226607456,0.5935931158073596,32.74942376667036,-2.7893160858612847,9212,0.4058879719354933
gru_h128_l1,48,12,31415,56961,59.837813066187685,38.77298937180437,0.5764158743502972,32.63727950903231,-1.2364354631483299,9212,0.3934625026282609
gru_h128_l1,48,24,42,56961,59.99692061955045,36.90619821242354,0.5769750049951967,32.40570850070002,-17.283271299596922,9083,0.18664136857845015
gru_h128_l1,48,24,1337,56961,59.29808052972992,37.14526817146792,0.5867723446518285,33.15859383105323,-13.156328495710605,9083,0.1961153151271955
gru_h128_l1,48,24,2024,56961,61.93554152881146,38.15683973104932,0.5491957660096793,33.36331352218592,-20.05542106798156,9083,0.1603601189189814
gru_h128_l1,48,24,7,56961,59.57251981425744,36.65849567352646,0.5829385500415951,32.231997409024146,-14.059728804042285,9083,0.1923948314995929
gru_h128_l1,48,24,31415,56961,57.68487778744399,36.43666926249866,0.6089502057629964,31.995960255158444,-5.854884202371079,9083,0.21798497712187492
gru_h128_l1,168,1,42,56961,33.62027406003436,19.2851552161639,0.8663551974635231,17.752361110620857,-1.317744039379075,9334,0.08095107891951969
gru_h128_l1,168,1,1337,56961,33.69749697421135,19.59337927596149,0.865740550855563,18.11832100927198,-1.003511780260714,9334,0.07884010160177624
gru_h128_l1,168,1,2024,56961,35.39276532119439,19.8050250416854,0.851891982797822,18.015836637476053,-5.664608491379866,9334,0.03249798843355711
gru_h128_l1,168,1,7,56961,34.199593004623274,19.6208535348819,0.8617097854366589,17.933648132944143,-1.031379557553285,9334,0.0651147282093738
gru_h128_l1,168,1,31415,56961,34.58964649686326,19.592814331252455,0.8585373393250564,18.03341884988717,-4.7814467250012855,9334,0.054452166667885105
gru_h128_l1,168,3,42,56961,49.89635231368338,30.506508276184697,0.7056642138069038,26.8206833332746,-11.461749838573324,9311,0.17400009065393585
gru_h128_l1,168,3,1337,56961,50.74484630257294,31.032646719305372,0.6955686624279801,27.341522908073408,-11.427162003483572,9311,0.15995385429787146
gru_h128_l1,168,3,2024,56961,50.906739288318086,30.984017121573572,0.6936230888353514,27.013298638161487,-11.987121926067044,9311,0.15727382689409308
gru_h128_l1,168,3,7,56961,47.975505930381374,30.16352992341355,0.727889939052804,26.89846047917236,-2.798622594593423,9311,0.20579838581789045
gru_h128_l1,168,3,31415,56961,52.27312709428862,31.684269042798906,0.6769554373218012,27.478621887466236,-15.45488044333847,9311,0.13465421340475758
gru_h128_l1,168,6,42,56961,56.86875008400466,35.91512833988111,0.6172961835057401,31.27962052509478,-8.853499428592777,9277,0.3121105973359526
gru_h128_l1,168,6,1337,56961,57.58723383025752,36.60367391657409,0.6075648831292948,31.376737470262196,-8.008739741001929,9277,0.30341975475011007
gru_h128_l1,168,6,2024,56961,58.74120303072633,36.48579231812115,0.5916795788810021,31.592966723300403,-15.927612124249357,9277,0.28946124180880894
gru_h128_l1,168,6,7,56961,56.2331714313209,36.122668075371,0.6258027580580858,30.846114742517,-0.5268257059439618,9277,0.31979861261842013
gru_h128_l1,168,6,31415,56961,56.58641910021696,36.356477084907006,0.6210866988270899,32.06852095685997,-2.9618788284323454,9277,0.31552569774706407
gru_h128_l1,168,12,42,56961,60.51669418364003,38.408796118803934,0.5667499289180162,33.86912133013166,-12.714566798763542,9212,0.386581120557412
gru_h128_l1,168,12,1337,56961,59.69581701562218,37.89842598486361,0.5784238323502415,32.84732229729083,-7.155401696760535,9212,0.3949018254365896
gru_h128_l1,168,12,2024,56961,59.43050398750518,38.59064243561902,0.5821628245285667,33.13865221144987,-1.996076094443981,9212,0.3975911332813833
gru_h128_l1,168,12,7,56961,59.05720429270291,38.869633638134005,0.5873954443882631,33.14748832273949,3.795019667692582,9212,0.4013750326428883
gru_h128_l1,168,12,31415,56961,59.943865983487804,38.59019924458202,0.5749130740722028,32.578904689556616,-2.832005497940708,9212,0.39238751228767077
gru_h128_l1,168,24,42,56961,61.28442689584882,38.14139478616353,0.5586243539659848,34.04228695157602,-20.223416423665245,9083,0.1691870670572575
gru_h128_l1,168,24,1337,56961,58.625222633807944,36.84588860801848,0.5960969636769415,32.76359541912563,-11.327032094281995,9083,0.20523702957048562
gru_h128_l1,168,24,2024,56961,62.09708785476184,38.418655234039015,0.5468410358640285,33.802795851988186,-21.00480650193618,9083,0.15817008821024925
gru_h128_l1,168,24,7,56961,58.01847259348139,37.577008019173725,0.6044142028683948,32.805183121955196,-0.7191448926934054,9083,0.213462541435409
gru_h128_l1,168,24,31415,56961,57.82382657900112,36.491790871154485,0.6070640498278246,32.16110032635194,-8.91614878682938,9083,0.21610129379660503
lstm_h32_l1,24,1,42,6689,34.901095895100326,20.07194597293616,0.855978376230597,18.264602564285536,-6.955666697069283,9334,0.04593833858576368
lstm_h32_l1,24,1,1337,6689,33.37111896350977,19.306549583751682,0.8683287030441786,17.88592825193664,-2.9227463527618953,9334,0.08776202050297421
lstm_h32_l1,24,1,2024,6689,33.54014671140776,19.299294050450946,0.8669914708463331,17.725087187567873,-4.294973800561222,9334,0.08314145229877357
lstm_h32_l1,24,1,7,6689,34.457164746075,19.568865371231073,0.85961889594626,17.824768282438622,-5.451824407230662,9334,0.058073707941087904
lstm_h32_l1,24,1,31415,6689,35.08778923015004,20.092142185290726,0.8544334510047715,18.177005031509495,-7.60019964077434,9334,0.04083486120649038
lstm_h32_l1,24,3,42,6689,49.04501535064277,30.36253082904333,0.7156225061615076,26.701489239799898,-8.811106757343875,9311,0.18809339049825435
lstm_h32_l1,24,3,1337,6689,48.495766028441544,29.875763779023515,0.7219562607644461,26.44526016973183,-7.169732441713184,9311,0.19718583652505917
lstm_h32_l1,24,3,2024,6689,49.29149226980253,30.576146559256568,0.7127570319104953,26.919404931903486,-7.008195617351296,9311,0.1840131340578246
lstm_h32_l1,24,3,7,6689,50.263762288200475,31.231177514477412,0.7013135930437417,27.488316527811772,-11.853746571887534,9311,0.16791787037987516
lstm_h32_l1,24,3,31415,6689,49.89060263056823,30.70142360671544,0.705732044015543,27.17883856406904,-9.67651761545579,9311,0.17409527271658487
lstm_h32_l1,24,6,42,6689,56.631091825860295,35.622581894240675,0.6204881887306015,31.08453534512942,-9.501431749663643,9277,0.31498533252868355
lstm_h32_l1,24,6,1337,6689,55.9336857417139,35.18358821669246,0.6297779312404781,30.81088323544952,-7.043087003070452,9277,0.32342121785989053
lstm_h32_l1,24,6,2024,6689,56.85154358626645,35.96123724401115,0.6175277340901587,31.414769289620054,-10.827021603910511,9277,0.31231872864591803
lstm_h32_l1,24,6,7,6689,56.608115900215054,35.29532370287087,0.6207960714164158,30.618765359912864,-11.202999641887716,9277,0.3152632513460377
lstm_h32_l1,24,6,31415,6689,58.448465599429994,36.29115936803902,0.5957391767055331,31.3152243141961,-15.633697993379135,9277,0.2930022195242393
lstm_h32_l1,24,12,42,6689,59.277892746519385,37.543174580686134,0.5843059925181854,32.98674432619832,-9.542800987532818,9212,0.3991380554604398
lstm_h32_l1,24,12,1337,6689,59.94860081791425,37.90763191441672,0.5748459180532137,33.62853693165038,-13.621075770475972,9212,0.3923395183106799
lstm_h32_l1,24,12,2024,6689,60.78431913145326,38.07259962543072,0.5629095040334045,33.59348486286182,-17.554257128149462,9212,0.38386837826682507
lstm_h32_l1,24,12,7,6689,58.78942466421753,37.62207412653797,0.5911286589332706,33.52161310276486,-8.415287010584917,9212,0.4040893428321495
lstm_h32_l1,24,12,31415,6689,58.181360355607275,37.926821763245094,0.59954290421144,33.05526208930648,-2.4268150219492326,9212,0.41025290037355877
lstm_h32_l1,24,24,42,6689,59.10922201805753,36.61562527668064,0.5894003313237917,32.34169778721756,-15.144748831509856,9083,0.1986756082055725
lstm_h32_l1,24,24,1337,6689,58.121193718282655,36.30863462506397,0.603012201465565,32.152547815133595,-10.522061027100115,9083,0.21206998474043737
lstm_h32_l1,24,24,2024,6689,57.681808894443236,36.73989792754552,0.6089918131339233,32.59389210583741,-5.766087101425652,9083,0.2180265811006341
lstm_h32_l1,24,24,7,6689,60.24606650374939,37.17495151555935,0.573454365296319,32.84096472157077,-18.148352961918288,9083,0.183263779307138
lstm_h32_l1,24,24,31415,6689,57.25107087869663,36.283351250793274,0.6148097043925118,32.186367940381224,-7.266251599972185,9083,0.22386595551137223
lstm_h32_l1,48,1,42,6689,35.037885474854114,20.135527644006032,0.8548472218205816,18.305143825716083,-7.324737942660089,9334,0.042199037845285337
lstm_h32_l1,48,1,1337,6689,35.147431872535506,20.100694790241644,0.8539381589002082,18.361962616634848,-7.904516222922455,9334,0.03920446087016727
lstm_h32_l1,48,1,2024,6689,33.51750781933916,19.32338671180197,0.8671709661553377,17.7221169758021,-3.7260697764782926,9334,0.08376031249286209
lstm_h32_l1,48,1,7,6689,34.240511409026986,19.692554140409506,0.8613786703807774,17.94613914543127,-5.581643086193542,9334,0.06399617648809952
lstm_h32_l1,48,1,31415,6689,34.891339831738314,19.95906162193369,0.8560588830265107,18.080964827848607,-6.864006725188194,9334,0.046205031816486275
lstm_h32_l1,48,3,42,6689,49.403411224279566,30.592363658883,0.7114511501859716,26.942580050365805,-9.674506134205593,9311,0.18216039248523508
lstm_h32_l1,48,3,1337,6689,49.303538524288484,30.433749949370785,0.7126166172243236,26.934712828220174,-8.829167436893465,9311,0.1838137165723378
lstm_h32_l1,48,3,2024,6689,49.17821149379508,30.550221606104994,0.7140757875192867,26.85510759347176,-6.207628787961129,9311,0.18588841965234182
lstm_h32_l1,48,3,7,6689,50.47775463768865,31.448619063456977,0.6987649312654929,27.669064203428917,-12.34349113869029,9311,0.16437537372266942
lstm_h32_l1,48,3,31415,6689,50.10621243168878,30.84071111506599,0.7031831009221841,27.29853842775044,-10.076062066017215,9311,0.17052600025634423
lstm_h32_l1,48,6,42,6689,56.91279338011427,36.14239381592471,0.6167031666181066,31.385788718002484,-6.521582928786572,9277,0.31157784575257086
lstm_h32_l1,48,6,1337,6689,59.530753754626154,37.45524515024806,0.5806291980500771,32.547103776749864,-16.14445176873684,9277,0.2799107668109563
lstm_h32_l1,48,6,2024,6689,59.06402934781554,36.92827965513872,0.587179201439877,32.233896140211264,-16.91294845858868,9277,0.28555630628448847
lstm_h32_l1,48,6,7,6689,57.75133388702464,36.13617541448025,0.6053251374240778,31.220238997846145,-12.679268113954814,9277,0.3014347860307356
lstm_h32_l1,48,6,31415,6689,57.85155136041252,36.68515294605302,0.6039541686913799,31.76243224750474,-10.981371657291627,9277,0.3002225466584362
lstm_h32_l1,48,12,42,6689,58.827743389895296,37.42752487569953,0.5905954836273071,32.96232995960447,-7.828077738510496,9212,0.4037009305091698
lstm_h32_l1,48,12,1337,6689,59.824838142511666,37.56376826914086,0.5765995500416357,33.10136910791801,-13.567887669892297,9212,0.39359402110013986
lstm_h32_l1,48,12,2024,6689,60.557071968864975,38.0824401744153,0.5661715921599595,33.56637345719143,-16.122950598058097,9212,0.38617183686964307
lstm_h32_l1,48,12,7,6689,61.168259065796406,38.11220067685897,0.557370361723132,33.68724131268544,-18.019520307524786,9212,0.3799766256277376
lstm_h32_l1,48,12,31415,6689,58.13375332134459,38.11807242758998,0.6001979860021387,33.11809939579547,-0.5094486567315575,9212,0.4107354623179106
lstm_h32_l1,48,24,42,6689,59.17987525510273,36.70927665712547,0.5884181653378366,32.48638470257262,-15.052348006938763,9083,0.19771778537741458
lstm_h32_l1,48,24,1337,6689,58.86000283953001,36.5561983632286,0.5928554128062391,32.3018051974916,-12.940467521926331,9083,0.20205419110412703
lstm_h32_l1,48,24,2024,6689,57.32272585629156,36.673670670217156,0.6138448988771561,32.53767880773476,-4.658289251011766,9083,0.2228945524141912
lstm_h32_l1,48,24,7,6689,57.94401823454495,36.402219348111004,0.6054288517286774,32.26973591049768,-9.743669384739745,9083,0.214471894829926
lstm_h32_l1,48,24,31415,6689,57.79780469340624,36.267053539564216,0.6074176284210511,31.99118680656766,-9.172085074627732,9083,0.2164540639894066
lstm_h32_l1,168,1,42,6689,34.79169660713517,19.99456716202442,0.8568798475973334,18.232047054493325,-6.63150921241161,9334,0.04892889414732182
lstm_h32_l1,168,1,1337,6689,35.45815452965309,20.318118811525927,0.851344209133882,18.5210578444502,-8.755203895241907,9334,0.030710499093732913
lstm_h32_l1,168,1,2024,6689,33.56482730923314,19.323861335494037,0.8667956495312958,17.74087002595077,-3.9485266457889097,9334,0.08246677972583338
lstm_h32_l1,168,1,7,6689,33.41896706930339,19.267098460673388,0.8679508470400643,17.73622919546216,-2.7745112813595774,9334,0.08645403741137758
lstm_h32_l1,168,1,31415,6689,34.80090552058649,19.932105402827034,0.8568040734528414,18.08762217284224,-6.708552805284659,9334,0.048677157889710054
lstm_h32_l1,168,3,42,6689,49.402330928192804,30.65336225764563,0.7114637693463666,26.97983856893606,-9.314313430466052,9311,0.18217827604642445
lstm_h32_l1,168,3,1337,6689,49.601759324559225,30.588824445682626,0.709129528806494,27.037148729708605,-9.002968506555888,9311,0.17887687564977628
lstm_h32_l1,168,3,2024,6689,49.198310019348895,30.575099196528505,0.7138420323984815,26.908479706551436,-6.352010925314856,9311,0.18555570233903862
lstm_h32_l1,168,3,7,6689,49.37928215426758,30.826292865369258,0.7117329410572262,27.631955613212888,-8.295811566319564,9311,0.1825598326991651
lstm_h32_l1,168,3,31415,6689,49.1204741116397,30.571461261449258,0.7147467685965099,27.178009197210585,-6.596568890827144,9311,0.1868442224358079
lstm_h32_l1,168,6,42,6689,56.838604309094336,36.04323375779132,0.6177018138482957,31.369461074467107,-7.937577337383092,9277,0.3124752432806107
lstm_h32_l1,168,6,1337,6689,59.45620339473674,37.48521215573803,0.5816788964374198,32.687536583305445,-16.0993880031779,9277,0.280812534520937
lstm_h32_l1,168,6,2024,6689,59.290504099461934,37.17259241480886,0.5840072968376793,32.47093877504711,-16.13921428631295,9277,0.28281684776995464
lstm_h32_l1,168,6,7,6689,57.97081042468186,36.298017633263775,0.6023196148099532,31.35741534071674,-13.006345850887572,9277,0.2987799785281128
lstm_h32_l1,168,6,31415,6689,57.6733836658571,36.59629699174137,0.6063898480770731,31.69595657124634,-10.3480744859712,9277,0.3023776787617568
lstm_h32_l1,168,12,42,6689,58.746327182905844,37.477089962649096,0.59172791181391,32.983265105999834,-6.956551302603489,9212,0.4045261943332046
lstm_h32_l1,168,12,1337,6689,59.29468778100437,37.16145608471075,0.5840704043788316,33.09717351690891,-13.240720819244299,9212,0.3989678149776613
lstm_h32_l1,168,12,2024,6689,59.71662369602465,37.59080369971794,0.5781299045786461,32.97098480968897,-14.055899607467873,9212,0.39469092147447504
lstm_h32_l1,168,12,7,6689,61.22289445659,38.7231465216433,0.5565792964271561,33.82808064648399,-13.253100126154123,9212,0.37942282174517894
lstm_h32_l1,168,12,31415,6689,58.25842333404973,38.10188448646357,0.5984813664910937,33.04091279186093,-0.7696917728378599,9212,0.4094717624326919
lstm_h32_l1,168,24,42,6689,58.723341114965066,36.42369101184419,0.5947438424613944,32.16795232873332,-14.434734709223815,9083,0.20390686941014713
lstm_h32_l1,168,24,1337,6689,58.08645255464988,36.43294614833405,0.6034866478851909,32.38875958287371,-11.15779203978412,9083,0.21254095933404238
lstm_h32_l1,168,24,2024,6689,57.569522802682606,36.4325465726989,0.6105126408765293,32.33205123610167,-7.221047722631019,9083,0.21954880692454315
lstm_h32_l1,168,24,7,6689,57.64987869592761,36.47864554849476,0.6094245843556624,32.34097288103459,-8.922967082557012,9083,0.21845944835944509
lstm_h32_l1,168,24,31415,6689,59.04593184179763,36.48887470640325,0.5902791455592278,32.14826892137543,-14.752223585154674,9083,0.19953361242668255
lstm_h32_l2,24,1,42,15137,36.00349016263813,19.906784628965557,0.8467364851222547,18.074198823829313,-5.294517384447487,9334,0.015803121354137972
lstm_h32_l2,24,1,1337,15137,37.21239977011517,20.330618223445686,0.8362712557949229,18.119578801449965,-7.749204814778374,9334,-0.01724381539752695
lstm_h32_l2,24,1,2024,15137,34.4063972608281,19.62348309783214,0.860032252387341,17.975551659934418,-1.556356852058449,9334,0.05946149563308645
lstm_h32_l2,24,1,7,15137,34.49611230636815,19.63688929006955,0.8593013659601052,17.81890857240439,-3.8696763090815716,9334,0.057009031513935104
lstm_h32_l2,24,1,31415,15137,33.897039919469144,19.41967290836964,0.864145782718339,17.765118229067884,-2.622424437989663,9334,0.07338536532506035
lstm_h32_l2,24,3,42,15137,50.56458829880294,30.96489721368183,0.6977276489035047,27.582088936577005,-11.81982148897789,9311,0.1629379019861048
lstm_h32_l2,24,3,1337,15137,50.28887184669139,30.855111681081517,0.7010150973971778,27.042244622458117,-9.430733651081285,9311,0.1675021988512867
lstm_h32_l2,24,3,2024,15137,48.81474913972981,30.613005086076114,0.7182865407168859,26.97439134548127,-0.054284389268221635,9311,0.19190528977585763
lstm_h32_l2,24,3,7,15137,50.38522155103098,30.7157307241881,0.6998683346229724,27.17491050032451,-11.175819552564464,9311,0.16590719554223332
lstm_h32_l2,24,3,31415,15137,50.18513487944504,30.5621266340555,0.7022473301315438,26.998577756482828,-11.386523433257599,9311,0.16921949323390284
lstm_h32_l2,24,6,42,15137,58.60363823927851,36.57572478058184,0.5935898135512696,31.302265790457675,-14.864949946542755,9277,0.29112523762508524
lstm_h32_l2,24,6,1337,15137,57.236091403542666,35.901058236297935,0.6123360966564484,31.44502194892945,-11.11353103887613,9277,0.30766720442688467
lstm_h32_l2,24,6,2024,15137,57.93036521167545,36.57789746392713,0.6028743304302642,31.57102198401252,-9.057547741275977,9277,0.29926920738182416
lstm_h32_l2,24,6,7,15137,59.90943793269325,37.40374509281998,0.5752768656244923,32.18940325568991,-15.18711204385583,9277,0.2753301696875078
lstm_h32_l2,24,6,31415,15137,60.85332685830927,37.76282726472994,0.5617881883120281,32.19472783988835,-20.401460215924523,9277,0.263912806227539
lstm_h32_l2,24,12,42,15137,59.944396416167,37.862835069070925,0.5749055510007115,33.01114878135304,-9.428882120224328,9212,0.3923821356321201
lstm_h32_l2,24,12,1337,15137,59.671346110625464,38.600908309792565,0.5787693921026571,33.79275586130723,-5.976779608699208,9212,0.3951498712911182
lstm_h32_l2,24,12,2024,15137,61.28395417519221,37.9560302401291,0.5556943776361277,33.370064529046125,-18.641006600613927,9212,0.3788038985758071
lstm_h32_l2,24,12,7,15137,59.356336542326005,37.40116825857597,0.583205069722387,33.28655433923687,-12.958411754928086,9212,0.3983429210603865
lstm_h32_l2,24,12,31415,15137,58.50678480539366,38.162608051189224,0.595050641292078,33.27333451310733,-0.9195946131922934,9212,0.4069542816366294
lstm_h32_l2,24,24,42,15137,61.89747468296452,37.972712845567,0.5497497426506355,33.27985912736972,-21.348163815735976,9083,0.1608761786987314
lstm_h32_l2,24,24,1337,15137,60.80433615159184,37.60697935082824,0.5655125759557598,32.91572179521828,-16.262108177935616,9083,0.17569550026807412
lstm_h32_l2,24,24,2024,15137,58.61825397457404,37.18985495769534,0.596192980210804,33.215339131659086,-8.334463548303606,9083,0.20533150140468648
lstm_h32_l2,24,24,7,15137,57.89298037922387,36.50656316460199,0.606123632548371,32.39459323065097,-8.076359512325073,9083,0.21516379834307264
lstm_h32_l2,24,24,31415,15137,58.152784769560846,37.09201216916216,0.6025805286308842,32.806708336051635,-6.8377658664078975,9083,0.21164171518980934
lstm_h32_l2,48,1,42,15137,34.22118926136756,19.45534785294301,0.8615350761091138,17.832788627728434,-4.622470064269926,9334,0.06452436965296304
lstm_h32_l2,48,1,1337,15137,36.63729785784074,20.416098150121417,0.8412928672708662,18.14358961705259,-1.0946309261966662,9334,-0.0015227421236052585
lstm_h32_l2,48,1,2024,15137,34.769671248000144,19.676997894064264,0.8570609985769497,17.953744461848835,-2.807981071770889,9334,0.04953098271189793
lstm_h32_l2,48,1,7,15137,34.58345640487186,19.702521556994345,0.858587966528155,17.826627616757605,-4.178351064926622,9334,0.054621379963289196
lstm_h32_l2,48,1,31415,15137,34.096010568732275,19.428845471246376,0.862546213204969,17.76183196272868,-4.396059617676226,9334,0.06794627341862824
lstm_h32_l2,48,3,42,15137,50.75060886862151,31.108938005428765,0.6954995162810509,27.73765807031765,-11.703142705066249,9311,0.1598584589670906
lstm_h32_l2,48,3,1337,15137,49.43402626391414,30.6601443627559,0.7110934149030652,27.033198351680852,-7.098524694162459,9311,0.1816535814902387
lstm_h32_l2,48,3,2024,15137,49.074834201922464,30.444334615448614,0.7152766040161853,26.96958959264238,-3.280174670556781,9311,0.18759975985569788
lstm_h32_l2,48,3,7,15137,48.94258765354053,30.27512080544582,0.7168090779416801,26.683632697796796,-4.495722835064482,9311,0.18978901081111998
lstm_h32_l2,48,3,31415,15137,50.665955144532845,30.87604267220706,0.6965145031737225,27.145293780254054,-12.426793413235933,9311,0.16125984334051047
lstm_h32_l2,48,6,42,15137,60.668363398198764,37.670379712841225,0.5644480262114758,32.242116328931246,-18.950809364548263,9277,0.26615014050870656
lstm_h32_l2,48,6,1337,15137,57.390562789710124,36.26925373199654,0.6102407827902485,31.608081203079998,-9.379360875752814,9277,0.30579870495393235
lstm_h32_l2,48,6,2024,15137,59.56918112864551,37.338810523329464,0.5800876117640459,32.129656149552865,-14.063330280432039,9277,0.27944594591510263
lstm_h32_l2,48,6,7,15137,59.1750685118575,36.9404537183603,0.5856255531254055,31.64893799166913,-13.603054508342936,9277,0.28421316679026165
lstm_h32_l2,48,6,31415,15137,60.74081915657361,37.649531008484374,0.5634070522444791,32.31832250040838,-19.463060534923848,9277,0.26527370928286775
lstm_h32_l2,48,12,42,15137,58.47039075971035,37.30152294330755,0.5955542807149086,32.768127861243634,-6.884420355904358,9212,0.40732318471407924
lstm_h32_l2,48,12,1337,15137,60.185572113514,38.97257865230234,0.5714780849886146,34.08742015289391,-6.969717643948541,9212,0.38993749241406117
lstm_h32_l2,48,12,2024,15137,61.82586640108001,38.41760997190486,0.547801962912979,33.867112661725116,-19.007561772492334,9212,0.3733108822297456
lstm_h32_l2,48,12,7,15137,59.14494244802357,37.1873774077442,0.5861685643117842,33.100258533117824,-13.14053052369135,9212,0.4004856872870789
lstm_h32_l2,48,12,31415,15137,58.76905073639643,37.87707166816228,0.5914120048503685,33.18855014661025,-4.7214675346293555,9212,0.404295860259158
lstm_h32_l2,48,24,42,15137,60.972761734076514,37.66450193971545,0.5631022166528552,33.51858313582924,-19.283695296713717,9083,0.1734122097283014
lstm_h32_l2,48,24,1337,15137,59.04505489974608,37.04659235072402,0.5902913157043099,32.90759571118342,-13.048223992969243,9083,0.19954550084328004
lstm_h32_l2,48,24,2024,15137,60.77968340919196,37.49694776104138,0.5658648250156861,32.895642011457205,-18.422469086854132,9083,0.17602970943434626
lstm_h32_l2,48,24,7,15137,58.495285377583386,36.48214247356376,0.5978854052116598,32.232773910057745,-11.27929802524948,9083,0.206998546458388
lstm_h32_l2,48,24,31415,15137,57.83701766526838,37.221144110428725,0.606884752000657,32.99622340481227,-4.769160373147212,9083,0.2159224665540982
lstm_h32_l2,168,1,42,15137,34.93245553079794,19.769297290568765,0.855719444834601,17.992007189087627,-5.977993182998773,9334,0.045081086818514415
lstm_h32_l2,168,1,1337,15137,35.24756023983828,19.875649404796402,0.8531047685370772,18.014232827321063,-6.288620203167503,9334,0.036467336604765976
lstm_h32_l2,168,1,2024,15137,34.75309808526933,19.79210256125551,0.8571972314867848,18.034015804423085,-1.4156398506850247,9334,0.04998402920698142
lstm_h32_l2,168,1,7,15137,34.913105804305566,19.83415704161827,0.8558792398462381,17.91619325882183,-5.494183376204129,9334,0.04561003388254681
lstm_h32_l2,168,1,31415,15137,36.208822759944006,19.919903488674922,0.8449833365145556,17.900003037474637,-4.000966887001396,9334,0.010190118269164716
lstm_h32_l2,168,3,42,15137,50.356652013684865,30.91802743361563,0.7002086007390383,27.58658965230535,-10.559317653143943,9311,0.16638014464900552
lstm_h32_l2,168,3,1337,15137,49.897337318727715,30.81992789592189,0.7056525927130817,27.111767239627593,-8.901362542787945,9311,0.17398378457063313
lstm_h32_l2,168,3,2024,15137,49.03008893637888,30.594388348283207,0.7157955753440186,27.00718957962009,-2.05474359854775,9311,0.1883404870545582
lstm_h32_l2,168,3,7,15137,50.643504830014095,31.09227641391798,0.6967833951870752,27.61587807385455,-12.887915763415826,9311,0.16163149290801182
lstm_h32_l2,168,3,31415,15137,50.70883035842705,30.838050345695144,0.696000646831778,27.37650084619628,-11.478744803968462,9311,0.16055007356481288
lstm_h32_l2,168,6,42,15137,58.887751253784195,36.834672943803426,0.5896396725762993,31.878316662935603,-15.805946359095216,9277,0.28768858161367816
lstm_h32_l2,168,6,1337,15137,58.17932247174812,36.58489337636101,0.5994536801138818,31.859589142716665,-11.761264716556362,9277,0.29625779846801314
lstm_h32_l2,168,6,2024,15137,59.410163108104776,37.3426278730491,0.582326504777927,32.0429367197934,-13.300573737451021,9277,0.28136944187731394
lstm_h32_l2,168,6,7,15137,58.93283404290369,36.88564095564154,0.5890111116508308,31.858708351979033,-13.432056318410757,9277,0.28714325623142467
lstm_h32_l2,168,6,31415,15137,58.82996146858774,37.42263364794556,0.5904446956390992,33.12232054728347,-13.258238678652752,9277,0.28838761193806817
lstm_h32_l2,168,12,42,15137,58.58866222503853,37.66416130415478,0.593916434073394,32.88491369439406,-3.686004095346577,9212,0.4061243427959882
lstm_h32_l2,168,12,1337,15137,59.90631602033801,37.53360822438108,0.5754454721314369,33.390753233150036,-14.52190811588687,9212,0.3927681321584219
lstm_h32_l2,168,12,2024,15137,62.013459003498916,38.551595273332545,0.545053673046604,34.102777021196026,-20.327501155409237,9212,0.3714093764465921
lstm_h32_l2,168,12,7,15137,59.48540568739854,37.65759803257706,0.5813904747887426,33.80586597001459,-13.192004413112226,9212,0.39703462999444106
lstm_h32_l2,168,12,31415,15137,59.11279919119314,37.86688461095068,0.5866182485961831,33.49780772357443,-7.911484349138006,9212,0.4008115028467777
lstm_h32_l2,168,24,42,15137,60.675316729373726,37.49398380708882,0.5673544789036155,33.49587252677473,-18.021522840141046,9083,0.17744457438051997
lstm_h32_l2,168,24,1337,15137,60.79906837542635,37.80975794055509,0.5655878562234921,33.29960722155799,-15.660281750396154,9083,0.1757669137867739
lstm_h32_l2,168,24,2024,15137,61.34443135018734,38.04504106091621,0.5577596164847531,33.40017731575228,-19.018438637031725,9083,0.1683736062936717
lstm_h32_l2,168,24,7,15137,58.034149890876584,36.53533785210756,0.604200389791308,32.39250149463781,-8.900715811229587,9083,0.2132500094417321
lstm_h32_l2,168,24,31415,15137,57.86032143587939,37.700928210736514,0.6065678991085848,33.357570130421166,-3.485048420064622,9083,0.21560654495719933
lstm_h64_l1,24,1,42,21569,33.11783144837291,19.265865297073262,0.8703198936546197,17.77365884360656,0.17509812882967185,9334,0.09468592650963004
lstm_h64_l1,24,1,1337,21569,33.28467014155544,19.34598143107579,0.8690100158135114,17.751362277876826,-0.6580961191073965,9334,0.09012519863780855
lstm_h64_l1,24,1,2024,21569,33.21092661649838,19.376623822567282,0.8695897999876644,17.844985997615318,-1.2405350290722632,9334,0.09214106284579626
lstm_h64_l1,24,1,7,21569,33.06422270725307,19.383183519083143,0.8707393873388107,17.898223274573763,0.8568807390967841,9334,0.09615138320396555
lstm_h64_l1,24,1,31415,21569,32.93890501773299,19.300786351808064,0.8717173594504031,17.805719764043477,-0.6867325923031671,9334,0.09957708660959719
lstm_h64_l1,24,3,42,21569,48.03466068297677,30.15981223195799,0.7272184911237969,26.724513676239958,-4.267572506856128,9311,0.20481911943837616
lstm_h64_l1,24,3,1337,21569,48.18247085544547,29.76718383811525,0.7255371253519096,26.289160881395734,-5.79807635445505,9311,0.2023722233548304
lstm_h64_l1,24,3,2024,21569,47.88465761955737,30.699513699865832,0.7289195199955205,27.02774864629666,2.609266154259704,9311,0.20730231732841664
lstm_h64_l1,24,3,7,21569,47.955429795395794,30.166788638681666,0.7281176292119733,26.656978952777134,-3.093508484362823,9311,0.20613073247068492
lstm_h64_l1,24,3,31415,21569,48.86164460315227,30.145268804369046,0.7177450064763136,26.700518461674882,-6.250086663638682,9311,0.19112896752504105
lstm_h64_l1,24,6,42,21569,55.91535252963975,35.28453224267289,0.630020584563788,30.61647942100951,-7.465844553835398,9277,0.32364297800555886
lstm_h64_l1,24,6,1337,21569,55.98045029236402,35.53210475109915,0.6291586083397844,31.20916499796978,-9.376777580907316,9277,0.3228555497422505
lstm_h64_l1,24,6,2024,21569,55.931742094886005,36.674333464774634,0.6298036605818442,31.548574597250827,3.792274794123738,9277,0.323444728382866
lstm_h64_l1,24,6,7,21569,56.176683075591995,35.36508950604906,0.6265541711305866,30.936864201430346,-9.627789654920585,9277,0.32048190073750893
lstm_h64_l1,24,6,31415,21569,55.90585288518483,35.725108257189284,0.6301462879416111,31.413730630941096,-7.891909129836479,9277,0.3237578865403862
lstm_h64_l1,24,12,42,21569,61.490531529147425,38.519388230688705,0.5526939781358375,33.6564636903633,-17.761869712182634,9212,0.37670995655384376
lstm_h64_l1,24,12,1337,21569,58.43049238431094,38.119474503421706,0.5961060547436733,32.99236496170543,-0.46987697562349084,9212,0.40772760893221016
lstm_h64_l1,24,12,2024,21569,58.68023815708062,37.65858599897295,0.5926459990701762,33.45296593119538,-6.398322814550567,9212,0.4051960963612654
lstm_h64_l1,24,12,7,21569,59.718707985541016,37.47336083396647,0.5781004549980159,33.18938304912294,-14.041285101054488,9212,0.3946697943696851
lstm_h64_l1,24,12,31415,21569,59.22570011805842,37.74330254167662,0.5850376855804791,32.801615948226456,-6.461548998667159,9212,0.3996670986293964
lstm_h64_l1,24,24,42,21569,57.4813126220337,36.4605935099109,0.6117053007176096,32.2102163842491,-7.640751046261639,9083,0.22074464349530643
lstm_h64_l1,24,24,1337,21569,57.326162668400094,35.97361102255846,0.6137985932525639,32.248552050444346,-11.570810816486512,9083,0.22284796067641233
lstm_h64_l1,24,24,2024,21569,58.29311927194607,36.23079404983369,0.6006601061382904,32.271240008240824,-13.884778495806518,9083,0.20973924623602647
lstm_h64_l1,24,24,7,21569,58.01720757280106,36.69160616789769,0.6044314531935508,32.41497997225477,-9.210328068898264,9083,0.21347969090705932
lstm_h64_l1,24,24,31415,21569,57.73560896112828,37.41963074099908,0.6082620830079624,32.71505021247397,-0.7081058590447491,9083,0.217297231191381
lstm_h64_l1,48,1,42,21569,33.88314097235195,19.44600345578119,0.8642571696398242,17.95414366263065,-4.496702837742718,9334,0.0737653090557212
lstm_h64_l1,48,1,1337,21569,33.30726072056268,19.515915423246646,0.8688321475173557,17.884473002562366,0.3856966402279465,9334,0.0895076591369075
lstm_h64_l1,48,1,2024,21569,33.18189887191932,19.42957674173579,0.8698176683438268,17.891649958162926,-0.542933857499592,9334,0.09293456968304403
lstm_h64_l1,48,1,7,21569,33.13639459345632,19.42215623014481,0.8701744768092144,17.83620674158282,0.726582993509225,9334,0.09417848155453223
lstm_h64_l1,48,1,31415,21569,33.10634200788636,19.417785227901163,0.8704098568766901,17.88648738836692,-0.7036789397703348,9334,0.09500000360085559
lstm_h64_l1,48,3,42,21569,48.8201235144383,30.540979426988866,0.7182245054893022,27.000103606989917,-5.482900830314735,9311,0.19181632068661247
lstm_h64_l1,48,3,1337,21569,48.739228233759164,30.855503463875706,0.7191575396938479,26.743654797880133,0.30138731408251895,9311,0.19315548660574455
lstm_h64_l1,48,3,2024,21569,48.10445231163833,30.63045423191396,0.7264252432494422,26.97432460257554,1.183691399331843,9311,0.20366376686700682
lstm_h64_l1,48,3,7,21569,48.811309151476785,30.78744693535799,0.7183262441615079,27.225801112440845,-4.923441758083102,9311,0.19196223642332566
lstm_h64_l1,48,3,31415,21569,49.454458412874914,30.522750412094485,0.7108545429056325,26.841697230119404,-7.639659049057502,9311,0.18131534127012716
lstm_h64_l1,48,6,42,21569,57.0422410803247,36.17232549841117,0.6149575724468892,31.288986385664092,-7.930517129163963,9277,0.3100120349858061
lstm_h64_l1,48,6,1337,21569,56.877334633963635,36.4472581136946,0.6171806336477075,31.790723072644482,-7.6385073150486225,9277,0.3120067578646315
lstm_h64_l1,48,6,2024,21569,56.44446485491856,36.81178267295508,0.6229854188764397,31.76680051044763,0.1633191072401973,9277,0.3172427887831726
lstm_h64_l1,48,6,7,21569,56.893305913074855,36.29275100703954,0.6169656104432297,31.54830852961196,-7.290625886599241,9277,0.31181356786781655
lstm_h64_l1,48,6,31415,21569,57.3099037506745,36.34600565901047,0.6113355799325864,31.94246775747583,-10.604961987274981,9277,0.3067743637841285
lstm_h64_l1,48,12,42,21569,61.88608184141436,38.63309405895358,0.5469206953941251,33.569363885465485,-17.78513064780903,9212,0.37270051696717943
lstm_h64_l1,48,12,1337,21569,58.10875994411132,37.33126520799992,0.6005416849368426,32.52104520784809,-3.5778207741797403,9212,0.41098880413809324
lstm_h64_l1,48,12,2024,21569,59.22743780131453,38.22677005438934,0.5850133352176334,32.983513995961104,-5.343268529905495,9212,0.39964948484975804
lstm_h64_l1,48,12,7,21569,59.56755187792752,37.7862668739028,0.5802335213864063,33.01046777885278,-10.34900557154182,9212,0.3962019667958887
lstm_h64_l1,48,12,31415,21569,59.57603056679618,38.17520541659509,0.5801140159660312,33.27754464128635,-8.025075432834997,9212,0.39611602376983424
lstm_h64_l1,48,24,42,21569,57.66532861241106,36.97304134769257,0.6092152112822236,32.42399384672348,-4.129269821893427,9083,0.2182499988944261
lstm_h64_l1,48,24,1337,21569,57.14889806183705,35.89064458727948,0.6161833331721482,32.1794601346474,-12.067641662448223,9083,0.22525107897489738
lstm_h64_l1,48,24,2024,21569,57.31318658294432,36.834913307474714,0.613973410998848,32.63713157202144,-4.8632007383027815,9083,0.22302387322323192
lstm_h64_l1,48,24,7,21569,59.30773286084042,36.97073711828127,0.5866378062403419,32.54306840735758,-14.208239062363617,9083,0.1959844616310329
lstm_h64_l1,48,24,31415,21569,57.81004525177354,36.96505892328946,0.6072513267315223,32.61394867337265,-4.179077217558456,9083,0.21628812274277842
lstm_h64_l1,168,1,42,21569,33.55916544220834,19.42521695714098,0.866840584766793,18.071112437381306,-2.071456546185756,9334,0.08262155338327448
lstm_h64_l1,168,1,1337,21569,33.344719690637675,19.5376773997516,0.8685369460816107,17.884849533374062,0.45096123144674105,9334,0.08848367503818377
lstm_h64_l1,168,1,2024,21569,33.144118769624974,19.292470488817973,0.8701139444488506,17.80874010847357,-1.6937826855467921,9334,0.09396733230091947
lstm_h64_l1,168,1,7,21569,33.193917799241554,19.540912034079913,0.8697233437026852,17.933959648160318,0.9735370047342262,9334,0.09260601845921057
lstm_h64_l1,168,1,31415,21569,33.10096530524098,19.40281534926541,0.8704519461588704,17.878145931879473,-1.0474936840493505,9334,0.09514698196148352
lstm_h64_l1,168,3,42,21569,48.80692611721688,30.50525928303898,0.7183768279427388,26.900372596195517,-5.076312142044599,9311,0.1920347945509936
lstm_h64_l1,168,3,1337,21569,49.163536480435596,31.292270735443424,0.7142464043622341,27.152966589831053,0.8142319402944292,9311,0.18613135443900486
lstm_h64_l1,168,3,2024,21569,49.058334240205696,30.393305439513504,0.7154680314734876,26.804339608197836,-6.830407508086332,9311,0.18787290541144075
lstm_h64_l1,168,3,7,21569,48.94482797562244,30.71008507192396,0.7167831515071756,27.26915272297234,-6.982119252973822,9311,0.18975192381476136
lstm_h64_l1,168,3,31415,21569,49.0677060720885,30.483036067962523,0.7153593102736959,26.95678672755177,-6.237543421103273,9311,0.18771776115887218
lstm_h64_l1,168,6,42,21569,56.70336965403822,36.02844323532417,0.6195188345071345,31.285449430500673,-7.761925080336052,9277,0.31411105356215574
lstm_h64_l1,168,6,1337,21569,56.645101358322904,36.22711313438065,0.6203003964593379,31.543405333148332,-7.079041962064027,9277,0.3148158719918672
lstm_h64_l1,168,6,2024,21569,56.53168058865273,35.82959566493956,0.6218194229873426,31.208116687243653,-7.790234737155741,9277,0.31618781959723674
lstm_h64_l1,168,6,7,21569,56.99879436334319,36.27314050604067,0.6155438908744324,31.590836476431416,-7.467469939003874,9277,0.3105375702955848
lstm_h64_l1,168,6,31415,21569,57.09014175693949,36.32299900089527,0.61431062953388,32.09776525071355,-9.710144955409769,9277,0.3094326241885743
lstm_h64_l1,168,12,42,21569,61.94364846322524,38.60768648856789,0.5460773918565929,33.56265026335119,-18.119972236897617,9212,0.3721170010775413
lstm_h64_l1,168,12,1337,21569,58.06070881782246,37.52869484563659,0.6012020496001045,32.62683509962035,-2.4492597015753312,9212,0.41147586755822363
lstm_h64_l1,168,12,2024,21569,58.9639413315219,38.18722035945171,0.5886975831803818,33.170315821258015,-2.594392301995739,9212,0.40232037940898147
lstm_h64_l1,168,12,7,21569,60.45483063157371,37.994320180712855,0.5676352611140564,33.33973740671487,-14.245325283034866,9212,0.38720819167057796
lstm_h64_l1,168,12,31415,21569,59.859941460021254,38.24721777472526,0.5761025283567167,33.35703251510754,-9.752189887751724,9212,0.39323820130558684
lstm_h64_l1,168,24,42,21569,57.10308287503609,36.57968290141476,0.6167984835687861,32.3553683763402,-5.758196455392641,9083,0.22587218047894042
lstm_h64_l1,168,24,1337,21569,57.49569401823139,35.965800120278004,0.6115109795296549,32.28673036037882,-13.070443544161142,9083,0.2205496796103521
lstm_h64_l1,168,24,2024,21569,58.6239020456738,36.534803019360986,0.5961151600615555,32.57314862178393,-12.990779349785093,9083,0.20525493235193448
lstm_h64_l1,168,24,7,21569,58.733883526418715,36.69206561080264,0.5945983207462197,32.26663704396883,-12.641024251636793,9083,0.20376394938586462
lstm_h64_l1,168,24,31415,21569,57.724997640967935,37.04197516308205,0.6084060660552805,32.83140605051219,-4.3561027036207145,9083,0.2174410853884643
lstm_h64_l2,24,1,42,54849,34.586285362068594,19.78982013830843,0.8585648303241115,18.020864880239653,-2.4031710821477947,9334,0.05454404715943395
lstm_h64_l2,24,1,1337,54849,34.27346284101975,19.462875208577575,0.8611117369133696,17.873935410552306,-2.9884626337898657,9334,0.06309541113541584
lstm_h64_l2,24,1,2024,54849,35.449562903628504,19.59925436118058,0.8514162399682108,17.838860979591196,-4.916530157049896,9334,0.030945361088436707
lstm_h64_l2,24,1,7,54849,34.34580165333481,19.82862055642231,0.860524832996681,17.99495086309856,0.5710696825733891,9334,0.06111794636842194
lstm_h64_l2,24,1,31415,54849,34.68282986455617,19.891145140223454,0.8577741211743195,18.103683334820797,-1.2208134097553676,9334,0.05190489196727177
lstm_h64_l2,24,3,42,54849,50.03221168275722,32.63279640031884,0.704059178046921,27.95845373202343,6.4715331772958935,9311,0.17175103192849406
lstm_h64_l2,24,3,1337,54849,48.22183829691512,30.60941633389763,0.7250884428734715,27.256017323093356,-0.22084005079545563,9311,0.2017205223470957
lstm_h64_l2,24,3,2024,54849,48.53085614055061,30.249711970196085,0.7215537466247655,26.700517792571816,-3.2909136569268407,9311,0.1966049437728432
lstm_h64_l2,24,3,7,54849,48.57488108061137,30.497125640696215,0.7210483304504998,26.83082037648143,-1.3533420081236784,9311,0.19587614106857854
lstm_h64_l2,24,3,31415,54849,49.06281180571848,30.015914694096832,0.7154160905061102,26.66061370532404,-8.200029425754567,9311,0.18779878238368108
lstm_h64_l2,24,6,42,54849,60.7922081228018,38.129507599653905,0.5626679923692492,32.894937621663715,-17.180243106681306,9277,0.26465210382767457
lstm_h64_l2,24,6,1337,54849,56.69653962491426,36.272875326528585,0.6196104883523381,31.49032134117315,-5.225183753021639,9277,0.3141936701951452
lstm_h64_l2,24,6,2024,54849,56.93839688555285,35.97964941639697,0.6163582195704584,31.643789097582815,-9.594645031001159,9277,0.31126814349893894
lstm_h64_l2,24,6,7,54849,56.77913014982259,36.03493041253087,0.6185014452929156,31.484538068678752,-7.769857161830773,9277,0.3131946479419573
lstm_h64_l2,24,6,31415,54849,59.89255125508308,37.474453637174975,0.5755162653612362,32.29729531171393,-17.338219987847513,9277,0.275534432425076
lstm_h64_l2,24,12,42,54849,59.7865558714861,37.78142010203199,0.5771412496182318,33.17715660032417,-12.956664698478109,9212,0.3939820639057128
lstm_h64_l2,24,12,1337,54849,58.431994013812215,36.43015674746093,0.5960852948002885,32.451449611524005,-9.086405676832555,9212,0.4077123878779467
lstm_h64_l2,24,12,2024,54849,58.606323486039685,36.914378368858266,0.5936715734280845,32.477660286112304,-9.525402270785717,9212,0.4059453219311009
lstm_h64_l2,24,12,7,54849,58.21971742053305,37.17301089472966,0.5990147136700045,32.4829117504362,-5.186023914146737,9212,0.4098640994302344
lstm_h64_l2,24,12,31415,54849,59.868243922087316,37.4739021275261,0.5759849326271197,32.95539968494413,-13.331840132025452,9212,0.39315404457749914
lstm_h64_l2,24,24,42,54849,57.23012059978929,37.37796601157836,0.6150915634905063,32.84051788828241,-1.2443781235233264,9083,0.2241499715909312
lstm_h64_l2,24,24,1337,54849,57.161941688995235,36.093269589537,0.6160081090473324,32.4424392917346,-10.13128985150294,9083,0.22507425078730703
lstm_h64_l2,24,24,2024,54849,58.72986234954783,37.36495648895547,0.5946538299668995,33.78092522733854,-9.292366004017603,9083,0.20381846316561592
lstm_h64_l2,24,24,7,54849,57.350398305514766,36.40621337032586,0.6134719774377702,32.503831281910266,-7.7418261159796,9083,0.22251940607008147
lstm_h64_l2,24,24,31415,54849,57.79536959148314,37.47131519656116,0.6074507078071881,33.58719293252571,-3.7214084182588643,9083,0.21648707586980143
lstm_h64_l2,48,1,42,54849,34.3850013695972,19.95518238114123,0.860206278370433,18.178845841691267,-0.5492992923322679,9334,0.06004637696737303
lstm_h64_l2,48,1,1337,54849,34.38048381912244,19.58698762244599,0.8602430085541191,18.102205340204208,-3.7057050498538446,9334,0.06016986941369695
lstm_h64_l2,48,1,2024,54849,35.07865250974991,19.540540515569738,0.8545092510322738,17.880158787078148,-3.9515926562156785,9334,0.04108462398388346
lstm_h64_l2,48,1,7,54849,34.330905894560736,19.65897294762108,0.860645787396816,17.95545620860893,-0.43556227771188094,9334,0.061525139094023795
lstm_h64_l2,48,1,31415,54849,34.221451710973675,19.903178861400136,0.8615329522668471,18.252819361536986,-0.2787552370042813,9334,0.06451719529064515
lstm_h64_l2,48,3,42,54849,50.56195592838115,33.012073161700094,0.6977591204179147,28.277939750566468,6.652693021984499,9311,0.16298147907398675
lstm_h64_l2,48,3,1337,54849,48.768498117849276,30.71027922778021,0.718820123823781,27.21273412758256,-1.0012215317061004,9311,0.19267094373870264
lstm_h64_l2,48,3,2024,54849,48.670482358718864,30.283513358721706,0.7199492282555308,26.964890437823495,-4.1546081340703696,9311,0.1942935274427624
lstm_h64_l2,48,3,7,54849,48.555150228619674,30.268650108187213,0.7212749017212561,26.668861758119434,-2.883716632327905,9311,0.19620277179809564
lstm_h64_l2,48,3,31415,54849,49.764707458657185,30.51979070467895,0.7072152961876248,27.174219191999516,-6.685230072903101,9311,0.17617938098830555
lstm_h64_l2,48,6,42,54849,60.97793444999562,38.22503732653988,0.5599917236857215,32.916128943196405,-17.29548193612274,9277,0.26240554183917264
lstm_h64_l2,48,6,1337,54849,57.67345257809925,36.77053975322515,0.606388907449956,32.12303510136407,-6.874653031289802,9277,0.30237684519321484
lstm_h64_l2,48,6,2024,54849,57.05479011878148,37.114633529821816,0.6147881385803755,32.087650462636134,-1.9637711831634563,9277,0.30986024071293583
lstm_h64_l2,48,6,7,54849,57.525090568270556,36.49046164605977,0.6084113915778058,31.464554169400916,-8.645724882487233,9277,0.3041714451126495
lstm_h64_l2,48,6,31415,54849,59.55172143422827,37.43598402119629,0.5803337278732905,32.24399516721165,-15.655649972831101,9277,0.27965713991436647
lstm_h64_l2,48,12,42,54849,58.74748844090889,37.13339295869714,0.5917117707566389,32.98232242909809,-10.504092189500293,9212,0.4045144234063127
lstm_h64_l2,48,12,1337,54849,58.30627424165796,36.36807969868646,0.5978215161105127,32.45924349083952,-10.45847746637969,9212,0.4089867285007941
lstm_h64_l2,48,12,2024,54849,58.16225383998069,36.68972468992265,0.5998058778984663,32.23970491171961,-7.584190061841916,9212,0.4104465708567836
lstm_h64_l2,48,12,7,54849,58.87654545435163,38.04588949946351,0.5899159378274202,33.09009062454842,-2.3683591717701145,9212,0.4032062553109105
lstm_h64_l2,48,12,31415,54849,58.35756407923399,37.98883129617718,0.5971136423155838,33.462457983149704,-0.7844035655209519,9212,0.40846683634347947
lstm_h64_l2,48,24,42,54849,57.605958325078156,36.995684121350415,0.6100194748583199,32.83251833148595,-5.747058508113336,9083,0.21905486246331496
lstm_h64_l2,48,24,1337,54849,59.828483442593885,37.130791698001076,0.5793468972889038,33.03660741304347,-16.86846922897845,9083,0.18892481630068647
lstm_h64_l2,48,24,2024,54849,60.933547902455594,37.65221833570426,0.5636640060937104,33.059082003585225,-18.28226964676278,9083,0.1739438188190786
lstm_h64_l2,48,24,7,54849,57.356638299328154,36.72528016727471,0.6133878607182506,32.88026070892001,-5.377978495356754,9083,0.22243481251468356
lstm_h64_l2,48,24,31415,54849,62.03079576521045,38.08013616118029,0.547808064126658,33.50880622514833,-22.002548500277314,9083,0.15906878838810512
lstm_h64_l2,168,1,42,54849,34.615913085483086,19.880058431848244,0.8583224107140901,18.199817716975677,-2.283548854861064,9334,0.05373413920956016
lstm_h64_l2,168,1,1337,54849,34.96405590078718,21.38036123727223,0.8554582904973614,19.022536365485077,5.083684071191693,9334,0.04421725430208412
lstm_h64_l2,168,1,2024,54849,34.082768359782406,19.49275605100286,0.8626529610779481,17.923430905029473,-2.58646674295535,9334,0.06830826445494065
lstm_h64_l2,168,1,7,54849,34.615910814076884,19.8311962380206,0.8583224293071194,17.981947276361275,-0.4715729134429582,9334,0.05373420130106532
lstm_h64_l2,168,1,31415,54849,34.04640543261662,19.601473561726614,0.8629458760247395,18.089997177211206,-2.1563150535205238,9334,0.06930228695812923
lstm_h64_l2,168,3,42,54849,51.17876000935585,33.707644020961666,0.6903400840357706,28.590698561111704,8.599342811303215,9311,0.152770710323469
lstm_h64_l2,168,3,1337,54849,48.68898437293044,30.63436128373509,0.7197362659844309,27.184899905168585,-2.574612484797962,9311,0.19398723928034511
lstm_h64_l2,168,3,2024,54849,49.0356860104358,30.237749443001608,0.7157306844151516,26.851241295455132,-6.500921551205841,9311,0.1882478313302568
lstm_h64_l2,168,3,7,54849,48.623024578219564,30.395764820562633,0.7204951077165214,26.70997456043857,-2.410215183214243,9311,0.19507915846732604
lstm_h64_l2,168,3,31415,54849,49.680943104231616,30.669614457606546,0.7082001017930233,27.394770530099393,-6.230934464857454,9311,0.17756604245660235
lstm_h64_l2,168,6,42,54849,60.88102032378775,38.10880231028605,0.5613892498915858,32.73958458434466,-16.732579829418146,9277,0.26357782363345084
lstm_h64_l2,168,6,1337,54849,56.97993782470264,36.179281462415624,0.6157982230021214,31.390552183853725,-6.023769180745236,9277,0.3107656606454272
lstm_h64_l2,168,6,2024,54849,59.79426011106231,37.5956995226006,0.5769083835698072,33.225452766128846,-19.10170443226413,9277,0.27672337074792885
lstm_h64_l2,168,6,7,54849,57.41000009587748,36.52364930808477,0.6099767271063983,31.596780702673982,-7.859690984784937,9277,0.30556358958900687
lstm_h64_l2,168,6,31415,54849,58.489463385058116,36.78662649551394,0.5951718526151407,31.92746470223241,-12.05518072433812,9277,0.29250630670349653
lstm_h64_l2,168,12,42,54849,58.120146030200004,37.41709869680323,0.6003851263603999,33.4265157502544,-7.364915963433828,9212,0.41087339069286166
lstm_h64_l2,168,12,1337,54849,58.57367386651734,36.86431374447734,0.5941241789614409,32.5776463462552,-6.5987057597883085,9212,0.4062762701643413
lstm_h64_l2,168,12,2024,54849,58.76353014898013,36.746932540349015,0.5914887642933723,32.240225556880695,-9.747457570314198,9212,0.40435181890978245
lstm_h64_l2,168,12,7,54849,58.68216711749421,37.82640728693451,0.5926192172205498,32.77347046081792,-2.637723262693084,9212,0.4051765437278747
lstm_h64_l2,168,12,31415,54849,58.871895765458206,36.996578767001886,0.5899807068454603,32.586491430526806,-9.350169604926018,9212,0.40325338622229345
lstm_h64_l2,168,24,42,54849,57.80505475590225,37.97730269103376,0.6073191324571245,33.450162722603075,-0.025973083465891715,9083,0.21635577726321165
lstm_h64_l2,168,24,1337,54849,58.542204933943154,36.69436927073414,0.5972400675583476,32.759414539383584,-14.06207388103069,9083,0.20636247337740976
lstm_h64_l2,168,24,2024,54849,59.61529101097579,37.021694292942826,0.5823394610315912,32.78527174666282,-14.777494671952399,9083,0.19181499637359212
lstm_h64_l2,168,24,7,54849,57.296870500741704,36.525446437570075,0.6141931700248175,32.31341803269124,-6.127748823747628,9083,0.2232450650136345
lstm_h64_l2,168,24,31415,54849,62.043765153396365,37.91680480232205,0.5476189559339022,33.10805098979985,-21.025037851410495,9083,0.15889296663398278
lstm_h128_l1,24,1,42,75905,33.79809945975933,19.992518175733707,0.8649377021246578,18.041913599548177,3.1571786944677593,9334,0.07609001676797067
lstm_h128_l1,24,1,1337,75905,33.11535116009618,19.181478697816754,0.8703393171487924,17.844061803952567,-1.8244298982067608,9334,0.09475372804689974
lstm_h128_l1,24,1,2024,75905,33.013879114452635,19.31981990591567,0.8711327121472572,17.868062904243722,0.6256522807698938,9334,0.09752758330762734
lstm_h128_l1,24,1,7,75905,32.82707602519878,19.14721207749301,0.8725869309361863,17.6141600700516,-0.6627412880736436,9334,0.10263406094450478
lstm_h128_l1,24,1,31415,75905,33.27943176842736,19.772623800222963,0.8690512432263056,17.95861362539697,1.9183503398000248,9334,0.09026839560172917
lstm_h128_l1,24,3,42,75905,48.316678543663876,29.96935312272754,0.724006015490328,26.369436354840452,-4.674197616999823,9311,0.2001505070737477
lstm_h128_l1,24,3,1337,75905,47.771612970339916,29.96434558783691,0.7301979263722795,26.6187782175896,-3.1867015719230523,9311,0.2091736940057869
lstm_h128_l1,24,3,2024,75905,48.48470287431141,30.33934241073699,0.722083104410036,26.786181243181932,-4.481053396533529,9311,0.19736897945805598
lstm_h128_l1,24,3,7,75905,48.3521220921481,29.820347052058118,0.7236009464987959,26.30383087269335,-6.082028352174921,9311,0.19956376342461646
lstm_h128_l1,24,3,31415,75905,48.849214478802196,29.993461688092218,0.7178885963382471,26.522929507513837,-8.050056873353688,9311,0.1913347397129913
lstm_h128_l1,24,6,42,75905,56.18561308993277,35.892429615943165,0.6264354335517295,31.375986490280944,-7.613445517532746,9277,0.3203738824986416
lstm_h128_l1,24,6,1337,75905,58.68451996338615,36.86471082581494,0.5924672265890236,31.760722676577608,-11.839590432033006,9277,0.29014688517667275
lstm_h128_l1,24,6,2024,75905,55.45417760571243,35.29003406652507,0.6360983998820144,30.97271005541763,-4.884194744248524,9277,0.3292213904460536
lstm_h128_l1,24,6,7,75905,54.78793774401296,34.53732553401744,0.644789876747348,30.226921513745218,-7.297098310358868,9277,0.33728028640945085
lstm_h128_l1,24,6,31415,75905,56.71540886619449,35.814428075584495,0.6193572504677628,31.413951413995516,-12.223716509848346,9277,0.3139654261930561
lstm_h128_l1,24,12,42,75905,59.619294284797114,37.02624858591252,0.5795039577065244,32.42554759610491,-14.244247004580012,9212,0.39567748723417817
lstm_h128_l1,24,12,1337,75905,58.074695231708695,37.55615778493014,0.6010098912498021,32.78829950408234,-3.7990141402777113,9212,0.4113340962594233
lstm_h128_l1,24,12,2024,75905,59.456235320048236,37.43070614458716,0.5818009283943275,32.97191110566308,-13.96398119267626,9212,0.3973303112819657
lstm_h128_l1,24,12,7,75905,58.21957724245236,38.456273187403156,0.5990166446062111,33.56089789935709,2.0643475552496104,9212,0.4098655203254491
lstm_h128_l1,24,12,31415,75905,60.44213888181436,40.56035577336252,0.567816781399546,34.432861593292266,7.34507364404692,9212,0.3873368397902508
lstm_h128_l1,24,24,42,75905,59.71869282154626,37.240729827800514,0.5808893528908528,33.05624598421566,-15.883002028908548,9083,0.19041321184425897
lstm_h128_l1,24,24,1337,75905,57.733479206120556,37.33628839757218,0.6082909833839167,33.891732119094655,-7.107313276155356,9083,0.21732610358350468
lstm_h128_l1,24,24,2024,75905,57.67460864727849,36.294898123505774,0.6090894237992833,32.31301714467424,-10.515123609134275,9083,0.2181241924966747
lstm_h128_l1,24,24,7,75905,59.019949170609905,38.830753331190316,0.5906396547304623,33.31473361162759,3.8692958876826515,9083,0.19988585100259104
lstm_h128_l1,24,24,31415,75905,57.01922172245872,36.66088377577074,0.6179231907503638,32.081377882426615,-4.411413456618531,9083,0.2270090586984459
lstm_h128_l1,48,1,42,75905,33.47921219968574,19.63821897215408,0.8674743218957063,17.96093013842193,0.45520809430274944,9334,0.08480716737160987
lstm_h128_l1,48,1,1337,75905,33.25174357463514,19.264976511413764,0.8692690490043626,17.723238955749224,-2.1371642714768715,9334,0.09102528427509227
lstm_h128_l1,48,1,2024,75905,33.263202080202525,19.32691974154215,0.8691789340648188,17.90084669324819,-0.38021114934759515,9334,0.09071205282551831
lstm_h128_l1,48,1,7,75905,33.02916491741855,19.15201738118382,0.8710133504695072,17.74964933948189,-2.83813014067613,9334,0.09710972827472109
lstm_h128_l1,48,1,31415,75905,33.40310759067796,19.73791118211411,0.8680761491650538,17.919941747019095,1.2602737354493831,9334,0.08688757452929552
lstm_h128_l1,48,3,42,75905,48.89831798023452,30.53300584089712,0.7173211513856167,27.00493873428157,-6.3052110512845445,9311,0.19052186490649858
lstm_h128_l1,48,3,1337,75905,49.03759338075598,30.978905566945617,0.7157085691988727,27.543073560625835,-5.197310986568728,9311,0.18821625612208026
lstm_h128_l1,48,3,2024,75905,48.65950571157515,30.4504082457655,0.7200755336346156,26.863231992588705,-4.3584542565909485,9311,0.19447523831189828
lstm_h128_l1,48,3,7,75905,48.519224688104515,30.68911343831919,0.7216872017704874,27.081457129740173,-0.5863355059557083,9311,0.1967974944949007
lstm_h128_l1,48,3,31415,75905,48.36880829728631,30.221375189268407,0.7234101442377479,26.548401765724538,-3.2775297397794985,9311,0.1992875347366987
lstm_h128_l1,48,6,42,75905,57.87959867442192,36.947696097317895,0.6035700574894949,32.05114624092595,-11.196322453434542,9277,0.29988328388139673
lstm_h128_l1,48,6,1337,75905,57.07378064669595,37.1871051340893,0.6145316625143554,32.124480449409766,-0.9604795538143127,9277,0.3096305296170516
lstm_h128_l1,48,6,2024,75905,56.44740597655132,36.09095469439245,0.622946128057321,31.659857363944464,-5.791465296447662,9277,0.31720721271722885
lstm_h128_l1,48,6,7,75905,56.964636870117644,36.30310506125047,0.6160045364823196,31.58951669474107,-8.257837285741491,9277,0.3109507423378174
lstm_h128_l1,48,6,31415,75905,56.49570841637024,36.39980467254427,0.6223005566983991,31.79216932837519,-5.094637161539026,9277,0.31662294215694453
lstm_h128_l1,48,12,42,75905,59.67702285831994,37.472876401245635,0.5786892419541948,32.76813613374667,-12.626350671641807,9212,0.3950923297440031
lstm_h128_l1,48,12,1337,75905,58.06868328574996,37.3033958838243,0.6010924946213436,32.60648940757038,-6.539918431964869,9212,0.4113950354961583
lstm_h128_l1,48,12,2024,75905,59.439412715074376,37.693935921189464,0.5820375462182226,33.085979825868286,-11.581953328632279,9212,0.39750083122909063
lstm_h128_l1,48,12,7,75905,58.76376656760497,38.350357503649406,0.591485477225403,33.270491350455764,-1.8130797309112796,9212,0.4043494224859545
lstm_h128_l1,48,12,31415,75905,59.2513123995774,38.76464506227912,0.5846787052839291,33.71502966176081,-2.739155604872916,9212,0.3994074833737834
lstm_h128_l1,48,24,42,75905,59.71831128767642,37.24516799077495,0.5808947081452538,33.13475547178861,-16.3606471539179,9083,0.19041838417415546
lstm_h128_l1,48,24,1337,75905,57.909708005010565,37.21872326279915,0.6058959860082616,33.60028755045126,-9.003351539296983,9083,0.21493702739089204
lstm_h128_l1,48,24,2024,75905,58.62799363795841,36.667200896407884,0.5960587806768456,32.470439891049466,-12.513425009084093,9083,0.20519946397344813
lstm_h128_l1,48,24,7,75905,57.485938779109226,35.91112918681883,0.6116427974631399,31.950056451054664,-11.464463190574495,9083,0.2206819281967739
lstm_h128_l1,48,24,31415,75905,56.98325893428564,36.82054113931132,0.6184050007003474,32.09583323360044,-1.8832518569525194,9083,0.22749659445642323
lstm_h128_l1,168,1,42,75905,33.41305273688072,19.8073964281561,0.8679975817867005,18.084626823108902,1.6332253622851338,9334,0.08661571250130273
lstm_h128_l1,168,1,1337,75905,33.71911435113179,20.048470007342136,0.865568237282079,18.156747801806585,2.664666205401121,9334,0.07824916570102036
lstm_h128_l1,168,1,2024,75905,33.14889391139345,19.353987964786356,0.8700765158473049,17.86444386352312,-0.17021759204233314,9334,0.0938367982998436
lstm_h128_l1,168,1,7,75905,33.322190558779624,19.32542009460675,0.8687145302965092,17.847359581589668,-3.4286488656818888,9334,0.08909953481047617
lstm_h128_l1,168,1,31415,75905,33.451675966828866,19.6850012234551,0.8676922336658853,17.974070273397214,0.42658444372783194,9334,0.08555990201775043
lstm_h128_l1,168,3,42,75905,49.103963324115924,30.648030406063636,0.7149384998058677,26.95520271877183,-3.665673208682621,9311,0.1871175472053649
lstm_h128_l1,168,3,1337,75905,48.91268330373602,31.24484752397447,0.7171550364859194,27.195192201759234,1.1818473042108197,9311,0.19028405682314686
lstm_h128_l1,168,3,2024,75905,48.85436543512629,30.852151568282697,0.7178290981396205,27.87543171177128,-4.966651760389299,9311,0.19124946916194985
lstm_h128_l1,168,3,7,75905,48.51827648088728,30.999085493009808,0.7216980797524402,27.04829012002497,2.1024944923771587,9311,0.1968131914154001
lstm_h128_l1,168,3,31415,75905,49.46027541634729,30.539922590483837,0.7107865183391572,27.049826655237062,-9.971353552970937,9311,0.1812190447651113
lstm_h128_l1,168,6,42,75905,57.56535457924914,36.79665581037458,0.607863024045977,31.94975269715104,-10.46927380234391,9277,0.3036844080946035
lstm_h128_l1,168,6,1337,75905,56.75529989748593,36.53202991651262,0.6188216086700891,31.684026005967976,-6.050717869897146,9277,0.31348290077010954
lstm_h128_l1,168,6,2024,75905,56.91556009519131,36.51868489384746,0.6166658991131599,31.737923549670498,-3.770677783418943,9277,0.3115443793236644
lstm_h128_l1,168,6,7,75905,56.78470778621046,36.46510507115961,0.6184264894163792,31.61733686219936,-4.4798759961112316,9277,0.31312718036165244
lstm_h128_l1,168,6,31415,75905,56.61561478295488,36.24167974682719,0.6206955983978009,31.372275790623306,-5.989152664303951,9277,0.3151725442008846
lstm_h128_l1,168,12,42,75905,59.13342448632562,37.01743653362771,0.5863297287431546,32.51644517904251,-11.054393526207075,9212,0.40060243747070223
lstm_h128_l1,168,12,1337,75905,58.55020649852315,38.19816943144041,0.5944493396889415,33.33750827016009,-2.0144157190697074,9212,0.40651414380850925
lstm_h128_l1,168,12,2024,75905,59.728508150126565,37.864139836504805,0.5779619716188132,33.30363179841874,-12.064403611804737,9212,0.39457045639262733
lstm_h128_l1,168,12,7,75905,58.50746747716344,38.35637784766147,0.5950411911365403,33.363833420083736,-0.1772949205322957,9212,0.4069473618311493
lstm_h128_l1,168,12,31415,75905,58.55834032456754,38.07513733714826,0.594336653232393,33.383313487451275,-3.853354941624023,9212,0.40643169643551513
lstm_h128_l1,168,24,42,75905,59.16482681191864,37.2349379807167,0.5886274553491958,33.70900673876594,-15.081697707724373,9083,0.19792179220021222
lstm_h128_l1,168,24,1337,75905,59.0407993743686,36.91342825882912,0.5903503710435322,33.008447398132255,-12.48342273748495,9083,0.19960319160909368
lstm_h128_l1,168,24,2024,75905,57.46165464529916,36.31818891771507,0.6119708403373716,32.43486654255994,-9.71909101962095,9083,0.22101114025694368
lstm_h128_l1,168,24,7,75905,56.77196861148175,36.11088686866881,0.6212296145102418,32.286231706160734,-7.752369521506165,9083,0.23036098826220108
lstm_h128_l1,168,24,31415,75905,56.834983221780874,36.75991778927057,0.6203883079599057,32.23375305069073,-2.0930610570195713,9083,0.22950671979870008
dlinear,24,1,42,866,60.300325671822954,34.11729548391556,0.5700787711948033,30.49847956335251,-16.209008282087456,9334,-0.6483788665889845
dlinear,24,1,1337,866,59.24104073719907,30.06113719856065,0.5850507976695345,26.406184619390004,-7.481094701776839,9334,-0.6194220926333502
dlinear,24,1,2024,866,58.72952411487646,29.10684182020208,0.5921856170780428,25.303791826589812,-7.434327056483774,9334,-0.6054391965088015
dlinear,24,1,7,866,59.353577997168685,30.79118983859395,0.5834727835126664,26.79908774228954,-10.676785408545419,9334,-0.6224984282745096
dlinear,24,1,31415,866,56.925157430417705,29.765655966402306,0.6168595052385256,26.26027057727035,-11.26590545307399,9334,-0.5561147546073397
dlinear,24,3,42,866,59.075289499182944,36.967012990437716,0.5874114322648643,32.291426711737806,-20.93634472984775,9311,0.022049077572832254
dlinear,24,3,1337,866,61.517192158873904,36.702271141921116,0.5525974219714982,31.69812122548194,-11.335406071402844,9311,-0.0183749470704182
dlinear,24,3,2024,866,59.889243642555485,36.438673341773544,0.5759636090055853,31.64820035205556,-14.934577233300823,9311,0.008574624682752052
dlinear,24,3,7,866,59.38181943533169,36.736708563619345,0.5831186437170783,32.36800406507514,-17.5786001962788,9311,0.016974684601599233
dlinear,24,3,31415,866,58.95307407204633,36.324827665669815,0.5891167993978006,31.71393763441604,-17.394614620080045,9311,0.024072270192222467
dlinear,24,6,42,866,67.27441095699473,43.05968108765469,0.46443124194110086,37.12827187011059,-26.233699567760357,9277,0.18624280823082362
dlinear,24,6,1337,866,65.14630693724578,41.352843654562484,0.49777881381397426,35.881687212562476,-23.256358786369756,9277,0.21198454162200298
dlinear,24,6,2024,866,62.589498476186876,39.600732388063854,0.536426746913839,34.688786096143915,-18.30190430898281,9277,0.2429119216401351
dlinear,24,6,7,866,62.29179953054395,39.273459338595984,0.540826113255403,34.53437584965901,-19.50335933488029,9277,0.24651291426947075
dlinear,24,6,31415,866,63.950238927523046,40.443834310187164,0.5160508069889868,35.14993844189443,-19.805284954821822,9277,0.2264522854626605
dlinear,24,12,42,866,65.30087965208794,40.97870266688804,0.49554048987934474,35.85922973705923,-19.29446402237621,9212,0.33808690373526773
dlinear,24,12,1337,866,66.477799669434,41.513869126342556,0.4771928439367856,36.07578221409377,-21.90640626877594,9212,0.3261572210588941
dlinear,24,12,2024,866,65.11996695312486,40.53559541716031,0.49833177575769005,35.401627498122885,-20.19444333399067,9212,0.33992069962534244
dlinear,24,12,7,866,67.25376826988237,42.062195519751505,0.4649165766651988,36.476545854478374,-21.860537342690876,9212,0.3182917254995159
dlinear,24,12,31415,866,71.587215784525,45.31313737996908,0.39373961019043513,39.0791415263981,-31.25108568405196,9212,0.27436634995786957
dlinear,24,24,42,866,68.12765583750725,42.66527642313215,0.4545499327481315,37.24731116781836,-27.189140689794822,9083,0.07641565030761321
dlinear,24,24,1337,866,67.64637651738343,42.20248134552242,0.462229239666746,36.910779066786546,-22.970090461871102,9083,0.08294019665274421
dlinear,24,24,2024,866,64.45091036132571,40.327724039766636,0.511835470287981,35.67658563469196,-18.244060420162164,9083,0.12626008628384744
dlinear,24,24,7,866,65.63606853997256,40.815892081856596,0.493717136604364,35.82400073418871,-20.12328579367735,9083,0.11019328445055232
dlinear,24,24,31415,866,66.13891078008571,41.68982348782761,0.4859300892238996,36.62617076668306,-19.344778097106946,9083,0.10337641665107222
dlinear,48,1,42,1730,60.5250344265919,30.50849920835862,0.566868603897043,26.388399478719588,-6.953875967533177,9334,-0.6545215392590218
dlinear,48,1,1337,1730,60.55677953796176,35.554345002934014,0.5664141337627258,31.94273132643799,-19.78466737166091,9334,-0.6553893284478296
dlinear,48,1,2024,1730,59.58970643045529,34.53339025357915,0.5801520212331597,29.510290227312797,-20.10871780741477,9334,-0.628953271011989
dlinear,48,1,7,1730,58.84577275272609,31.470788056436934,0.5905695717735431,27.289788336041827,-13.699259001078628,9334,-0.6086169869397182
dlinear,48,1,31415,1730,59.6957852518791,31.448027985749704,0.5786559031025911,27.687314792898587,-11.136468431744715,9334,-0.6318530577955517
dlinear,48,3,42,1730,61.00033378096154,36.55016189459717,0.5600838603032816,32.222530364092606,-9.648507650372041,9311,-0.009818710922805396
dlinear,48,3,1337,1730,62.30522393553987,38.73182639129655,0.5410616018014442,34.01341134481647,-20.11014126763528,9311,-0.031420272949067796
dlinear,48,3,2024,1730,60.174656719616,37.42285296834581,0.571912333405995,33.0228824034699,-18.11126482436453,9311,0.003849806838432057
dlinear,48,3,7,1730,64.63204614652064,38.63769050925659,0.5061429210184475,32.82735619951816,-13.668719698489852,9311,-0.06993921964985605
dlinear,48,3,31415,1730,64.0296002206726,40.83313590366612,0.5153066587072115,35.43532511855943,-25.938461359763583,9311,-0.05996614031515857
dlinear,48,6,42,1730,67.56034965725102,42.85325042161126,0.4598688747616986,37.34213524438932,-27.485308711325718,9277,0.18278406856400675
dlinear,48,6,1337,1730,64.3259059357763,40.7935196409889,0.5103483189523528,35.61384033851768,-22.478584887146877,9277,0.22190818429064252
dlinear,48,6,2024,1730,63.53161803383383,40.15124320669754,0.522365972084817,35.10650351828251,-15.697245953549459,9277,0.23151596061073731
dlinear,48,6,7,1730,63.02803804686232,40.0010459289039,0.5299078443993693,35.12772222838768,-18.10895782169295,9277,0.23760730842337074
dlinear,48,6,31415,1730,61.67078865428716,39.301409608271825,0.5499358382947235,34.64153873184741,-16.445927329312884,9277,0.25402471644703106
dlinear,48,12,42,1730,65.94974181303742,41.92767018815557,0.48546555917682055,37.0582616463773,-18.930912230698613,9212,0.3315098045554199
dlinear,48,12,1337,1730,66.58099271831968,41.77708392032589,0.47556848398967455,36.67972344790428,-22.485828308296984,9212,0.32511121936849063
dlinear,48,12,2024,1730,67.31445940633229,42.3192133767308,0.46395040109302477,36.90699635234236,-16.530526849755102,9212,0.31767653841080556
dlinear,48,12,7,1730,69.95958656788461,45.09090197204725,0.4209944598294759,39.4488484313269,-23.53371649083841,9212,0.29086458244872293
dlinear,48,12,31415,1730,66.51586254867469,41.86900123677448,0.4765939901046573,36.59228808571715,-22.372913327911824,9212,0.32577140208700295
dlinear,48,24,42,1730,69.54470945315437,43.570790808511845,0.43162325300767546,38.16432778268376,-26.307699930440148,9083,0.05720511787408489
dlinear,48,24,1337,1730,65.49056281970913,40.922071057748255,0.4959593610307792,36.37058105865314,-21.02222257383713,9083,0.11216585791391287
dlinear,48,24,2024,1730,66.14428825935275,41.49265403944638,0.4858464920604344,37.05064035668665,-21.901150187499994,9083,0.103303515923302
dlinear,48,24,7,1730,65.98178162820922,41.673887650993755,0.4883697852308483,37.25019569137887,-16.895396703600102,9083,0.10550656517547907
dlinear,48,24,31415,1730,66.94966508267187,42.02010807863106,0.4732495375566079,37.23896944221264,-17.277041218033716,9083,0.09238528572033355
dlinear,168,1,42,6050,59.835125986486084,30.854553423608884,0.5766866211485933,27.34891911703642,-6.339953014314839,9334,-0.6356620972928038
dlinear,168,1,1337,6050,59.03389805953202,32.75523550029013,0.5879475535210434,28.776082442576843,-13.87710414485176,9334,-0.6137596089165407
dlinear,168,1,2024,6050,59.69297577918806,30.10326147642089,0.5786955617442571,25.890485692123477,-5.6843526630465835,9334,-0.6317762576231052
dlinear,168,1,7,6050,63.77048018601184,33.23373148971846,0.5191728863289697,29.113642141729844,-4.6280601896927624,9334,-0.7432395377587957
dlinear,168,1,31415,6050,61.01369762191543,32.420071223001884,0.5598463923805487,28.148097228291736,-6.9640544479522335,9334,-0.6678797106300192
dlinear,168,3,42,6050,59.123359944083525,36.848249599171616,0.5867397001239717,32.996391961226905,-14.208525127540835,9311,0.02125330430907768
dlinear,168,3,1337,6050,67.42173490786314,43.59492024511554,0.46259052360027997,37.87060437239269,-26.150008846845946,9311,-0.11612060480375086
dlinear,168,3,2024,6050,64.42113722577382,41.69597295866401,0.5093607958287876,37.4006034587935,-25.93198664477977,9311,-0.06644776704181887
dlinear,168,3,7,6050,61.69010909315209,39.2421149836813,0.5500787045569595,34.94261341485921,-20.1529871746344,9311,-0.02123746838540841
dlinear,168,3,31415,6050,69.72384914130184,45.61966716176826,0.4252642898654758,40.94463651058335,-28.569722964856687,9311,-0.15423052787328095
dlinear,168,6,42,6050,60.921553832995556,38.86525481598574,0.5608050168722623,34.02925688257243,-9.658075328956684,9277,0.2630875267411217
dlinear,168,6,1337,6050,61.725256837893944,39.43060674407058,0.5491404859569821,34.8980469091981,-14.784525133540361,9277,0.253365864507607
dlinear,168,6,2024,6050,61.559327971665425,38.788578127603195,0.5515612148277856,33.984473908435454,-15.39236518654956,9277,0.25537295466707166
dlinear,168,6,7,6050,61.03480365991472,38.62046968007608,0.5591706203902269,33.868394147781764,-12.922630641336692,9277,0.26171764687430277
dlinear,168,6,31415,6050,67.88512121459371,43.54924562562155,0.45466342927942605,38.11765173244632,-15.891947812278294,9277,0.17885560324249505
dlinear,168,12,42,6050,71.94163365548951,46.07677433768033,0.3877217365219384,40.889394690945586,-27.08750778824073,9212,0.2707738435231699
dlinear,168,12,1337,6050,74.14317473992458,48.30574995674053,0.3496747643781626,42.08312396585874,-25.282651338451338,9212,0.2484582348588411
dlinear,168,12,2024,6050,69.07424388499977,43.52831962735499,0.43555643012816136,38.43446456149723,-25.95663481564277,9212,0.2998387328676123
dlinear,168,12,7,6050,73.64102635567676,46.72209084659091,0.35845383066962366,41.20772671911946,-18.608119506771605,9212,0.25354819066912515
dlinear,168,12,31415,6050,67.29854442248501,42.203875999069204,0.46420384477439525,36.95227994547054,-23.960913248985808,9212,0.3178378583852298
dlinear,168,24,42,6050,66.77388207170436,42.08021492802808,0.4760119778199232,37.298696825091795,-18.743521879772707,9083,0.09476831851187151
dlinear,168,24,1337,6050,64.66079715240706,41.004147554975695,0.5086508413253178,36.28706397934142,-13.027052471870846,9083,0.1234147196986205
dlinear,168,24,2024,6050,64.29549477133992,40.67191978667585,0.5141869314000921,35.90504156562847,-12.509015084882845,9083,0.12836700461010608
dlinear,168,24,7,6050,65.65967141143746,41.09006855944165,0.493352950321131,36.07066583701016,-19.691792034429046,9083,0.10987330804119555
dlinear,168,24,31415,6050,65.3667673809046,40.90445563513527,0.4978631149348727,36.15006093266087,-17.457751959580616,9083,0.11384411219167434
nlinear,24,1,42,435,83.90679513236202,37.99053955790172,0.16757744041051925,27.70519535062527,8.474556230174194,9334,-1.2936889033092966
nlinear,24,1,1337,435,83.36083239742048,38.066610466621405,0.17837497173659178,27.982566673454023,8.72044787048263,9334,-1.2787643830153161
nlinear,24,1,2024,435,83.42235766030403,38.730583577593954,0.17716170768644945,28.26490431092229,8.301048624163219,9334,-1.2804462469516826
nlinear,24,1,7,435,78.28866802449936,37.40987483941554,0.27531815158580053,28.165770962965087,7.080920176027289,9334,-1.1401109268848861
nlinear,24,1,31415,435,79.59751649551235,36.47775335459851,0.2508847982931147,27.441249400354174,6.584373932348805,9334,-1.1758898075981836
nlinear,24,3,42,435,79.34128837710308,42.80238608428778,0.2557754882111465,33.45239713194192,-0.6320041382075645,9311,-0.31344064181049913
nlinear,24,3,1337,435,76.20527798381836,40.96398589442836,0.3134446175825162,32.77786925935786,-0.4658049173512531,9311,-0.26152613943812564
nlinear,24,3,2024,435,76.00440118772718,41.77087342415429,0.3170593613403153,33.37201661156148,-1.3733612162454032,9311,-0.25820076177689066
nlinear,24,3,7,435,80.62398026062533,42.715647898247354,0.23151757045492516,33.365395095465175,1.1547814308385629,9311,-0.3346747266760126
nlinear,24,3,31415,435,78.90084314233252,41.583624479943445,0.2640153421398025,32.36555306561389,1.2192717662599335,9311,-0.3061493728675262
nlinear,24,6,42,435,78.40089456381155,46.76168729107404,0.2726265188728272,37.48420619918853,-6.182271776735126,9277,0.051655883940442515
nlinear,24,6,1337,435,76.90949433373767,45.558331131312215,0.3000365885874374,36.71173666255936,-6.115602886967068,9277,0.06969599229315104
nlinear,24,6,2024,435,76.66056199863843,45.07632859650265,0.3045603874159465,36.15769455262924,-5.064722681491846,9277,0.07270709971229128
nlinear,24,6,7,435,76.19735432640374,45.52003452069891,0.31293913498765324,36.655864184697265,-5.804118158400612,9277,0.07831010045509368
nlinear,24,6,31415,435,77.34644841036567,45.56799586708053,0.2920604419983631,36.537530238996474,-4.7200234743965375,9277,0.06441055735182988
nlinear,24,12,42,435,75.79930429730965,44.702365610647206,0.3202977777409005,36.92327455440992,-8.664811681323794,9212,0.23167111271003182
nlinear,24,12,1337,435,75.59851234514763,45.12785213935639,0.3238940632645839,37.19708521734539,-8.85351776878908,9212,0.2337064118280331
nlinear,24,12,2024,435,77.70398053639288,45.11355502767196,0.28570964730782367,36.84071721319646,-8.347586234880982,9212,0.21236463240669745
nlinear,24,12,7,435,79.60033207355522,46.78169997411153,0.25041996668492306,37.85779675956212,-7.814081466589806,9212,0.19314253426258188
nlinear,24,12,31415,435,75.4323177963806,45.05548760458883,0.32686347646489056,37.11400776553234,-8.367473045019635,9212,0.2353910192780827
nlinear,24,24,42,435,84.01287311500873,47.87159220352135,0.17053172058319443,37.93422446002282,-6.5695677659723595,9083,-0.13893504521545608
nlinear,24,24,1337,435,79.89335141730773,46.02001559065873,0.24988234513848318,37.380119619032456,-9.488040732455852,9083,-0.08308803680980059
nlinear,24,24,2024,435,79.24314234087238,46.992571115117194,0.26204227082075404,38.06912219921323,-9.016230633463449,9083,-0.07427336500521164
nlinear,24,24,7,435,77.25650828016472,45.97141878241435,0.2985798153350474,37.92672898418566,-10.01622290002836,9083,-0.047341216753821413
nlinear,24,24,31415,435,78.00918551415899,45.633700299406534,0.28484596227555015,37.131279124674705,-9.008548193936061,9083,-0.05754501585920835
nlinear,48,1,42,867,75.41924276306207,34.26691972327915,0.3274665184346126,26.189047184063845,7.362570734229731,9334,-1.0616718818629458
nlinear,48,1,1337,867,73.7871232113976,35.02642322207879,0.3562596495779772,27.511889057262177,5.842335668326752,9334,-1.0170560137604698
nlinear,48,1,2024,867,72.58415602802762,33.660801721835206,0.3770786188175288,26.270632520403925,6.504095522545179,9334,-0.9841715200172836
nlinear,48,1,7,867,67.59222206817242,34.110908525829366,0.4598143750174103,28.15110129517442,3.843460682143832,9334,-0.8477112546512837
nlinear,48,1,31415,867,70.91972738472478,34.47255112668018,0.40531951080920514,27.797223909805414,5.514356358826746,9334,-0.9386724456756701
nlinear,48,3,42,867,63.07904382167365,38.267794114284186,0.5295909417966607,32.43908239986197,-3.942974044162795,9311,-0.04423033072199645
nlinear,48,3,1337,867,70.05090733412668,38.43295877278053,0.41985974346353017,31.55122044998569,-0.8576831287536205,9311,-0.15964475206197215
nlinear,48,3,2024,867,67.22504041838972,37.981040200938146,0.46572159969828675,31.73257120026971,-2.379267586680609,9311,-0.1128644623616637
nlinear,48,3,7,867,64.3736864337817,40.82548727166558,0.5100833116264925,34.75313690084801,-5.359356296467956,9311,-0.06566225170720119
nlinear,48,3,31415,867,61.94920999091898,37.414795566452305,0.5462913933292664,32.216444644018196,-6.07176960241452,9311,-0.025526706138129907
nlinear,48,6,42,867,69.84550193341995,42.99558085202786,0.4227122889980305,35.75502110197441,-5.325086709798836,9277,0.15514266565066293
nlinear,48,6,1337,867,65.66169369445122,41.218574185022675,0.48980101665198983,34.92984114065297,-5.903148393362679,9277,0.20575037807820595
nlinear,48,6,2024,867,65.45941300487355,41.24230423149046,0.49293966354337504,35.05221795057293,-7.014153776653166,9277,0.20819718309007118
nlinear,48,6,7,867,69.37323963063609,42.898733623808226,0.43049259021848063,35.7710322843363,-5.595264916554963,9277,0.16085519200094944
nlinear,48,6,31415,867,70.33621442388443,44.15099863527967,0.41457211078839495,36.98517365048829,-5.755179179211614,9277,0.14920696420748425
nlinear,48,12,42,867,71.8436595949594,44.502444027951164,0.38938826916916314,37.63142517043561,-7.767976184514549,9212,0.271766943679012
nlinear,48,12,1337,867,67.99626132232943,41.98134439580418,0.45303653363406704,35.98921615797391,-8.262771356163164,9212,0.3107655500801535
nlinear,48,12,2024,867,69.91167190627016,43.6128486851925,0.42178729910943447,36.901215603008,-9.36016653234991,9212,0.29135026261405417
nlinear,48,12,7,867,67.30661032204549,41.72605002000589,0.46407540404831404,35.7535882949475,-8.657486624461006,9212,0.31775609953939676
nlinear,48,12,31415,867,68.00031761627926,42.47509532788659,0.45297127384676406,36.336312439535426,-8.512552832246215,9212,0.31072443403237593
nlinear,48,24,42,867,70.73128396865951,43.67571679430896,0.4120624590898335,37.61645697777391,-11.51970123794407,9083,0.041119115225201175
nlinear,48,24,1337,867,69.84657451137004,42.40247626847662,0.42667836373130796,36.26279271735236,-9.616840544861624,9083,0.0531128320019284
nlinear,48,24,2024,867,67.96041760135876,43.19976950252725,0.45722456299927783,37.476442335810425,-12.121547240667555,9083,0.07868284438141648
nlinear,48,24,7,867,69.9790111254133,42.31325309605078,0.42450214359859395,36.218831096214046,-9.912940369551526,9083,0.051317432137468866
nlinear,48,24,31415,867,70.65309702139857,43.68008840206194,0.41336156272959146,37.4801054024416,-12.108827691014769,9083,0.0421790700989263
nlinear,168,1,42,3027,68.01236526269098,32.05293590085293,0.4530780770417605,26.131451165697833,4.553031838550028,9334,-0.859196352867083
nlinear,168,1,1337,3027,70.21489970219162,33.06428657506991,0.4170811027546606,26.769017000504576,4.74224335681722,9334,-0.9194051690311353
nlinear,168,1,2024,3027,95.65639999423279,46.5190055811327,-0.08187638089884097,33.450272380334866,11.33203551576006,9334,-1.6148778874366099
nlinear,168,1,7,3027,71.30104634053548,32.905267573596255,0.3989074001740348,26.257660403639537,5.049819615544956,9334,-0.9490962386019137
nlinear,168,1,31415,3027,70.6315072551113,32.83511146551438,0.41014329140149874,26.390705838591554,4.856134926335684,9334,-0.9307936164108657
nlinear,168,3,42,3027,67.39220994664545,37.90001027354393,0.46306109943984686,31.768946280699588,-1.0361172205676574,9311,-0.11563183930971355
nlinear,168,3,1337,3027,63.23119857450908,36.634816877226335,0.5273188306911505,31.461579184656085,-2.4115649169961118,9311,-0.04674914835536814
nlinear,168,3,2024,3027,58.95190497399166,36.46480257004333,0.5891330956807357,31.940784415932406,-4.300105742378077,9311,0.024091623809118112
nlinear,168,3,7,3027,63.542616845904114,36.799243292599776,0.5226513866068029,31.588495598367228,-4.65769509622734,9311,-0.05190446436572227
nlinear,168,3,31415,3027,78.03145187153424,43.046188727345985,0.2801452941124202,34.78099102122182,-1.1664972856215021,9311,-0.2917571963342389
nlinear,168,6,42,3027,63.04162173903932,40.61076160667841,0.529705195691281,35.0973692666591,-5.998965736705624,9277,0.23744299888810216
nlinear,168,6,1337,3027,61.06584394166246,39.30611524216027,0.5587221238995487,34.4311174931461,-7.4960304770363155,9277,0.2613421808962668
nlinear,168,6,2024,3027,62.0976550041463,40.08623956475423,0.5436838626496981,34.52502629072037,-5.818198898411001,9277,0.24886130353592895
nlinear,168,6,7,3027,64.15411416515619,40.73587990858989,0.5129601999091338,35.118759033328764,-6.244241768877637,9277,0.2239861926572746
nlinear,168,6,31415,3027,71.87442851618977,47.193160316880466,0.3886861485741593,42.21181868676807,-10.44567772453329,9277,0.13060059125991075
nlinear,168,12,42,3027,67.8781103013181,43.732474720865056,0.45493570117138726,38.23114487293012,-9.548756543152521,9212,0.3119631711315255
nlinear,168,12,1337,3027,63.73950594725654,40.23534267653417,0.5193757976399629,35.55715058219351,-9.925135597328,9212,0.35391354663652064
nlinear,168,12,2024,3027,64.69079876206384,41.160469030397515,0.5049223990354652,36.30102305178753,-9.383955117129839,9212,0.344270902067898
nlinear,168,12,7,3027,63.783115534809234,40.5327786992791,0.5187179013128682,35.77543547213836,-8.307304112482255,9212,0.3534715042432539
nlinear,168,12,31415,3027,67.86972782786695,43.46835980826462,0.4550703161415093,38.75737931624481,-10.463860719394265,9212,0.31204813888365945
nlinear,168,24,42,3027,69.36959635800713,45.924960492803734,0.43448198673355864,40.457465510704814,-14.812884986409115,9083,0.059579068835937
nlinear,168,24,1337,3027,66.27209761447574,40.91464221074793,0.48385759419443664,35.910188266740775,-9.311075048115306,9083,0.1015708462947239
nlinear,168,24,2024,3027,64.37438924968215,40.55595490211255,0.5129939556207322,35.983841510067336,-10.343574921670807,9083,0.12729745796890324
nlinear,168,24,7,3027,65.45043355658024,40.92057327918804,0.4965768723664873,35.956797664813095,-10.045333534987966,9083,0.11270987721026038
nlinear,168,24,31415,3027,64.67230668663767,40.585172957328794,0.5084759067894327,35.78918966981319,-9.213900186113584,9083,0.12325868870713896
