16:53:41 | INFO    | 16_gap_injection | injecting the gap profile of US Embassy Dhaka (OpenAQ 2445+8415): {'n_gaps': 2074, 'total_hours': 14002, 'median_h': 1.0, 'mean_h': 6.751205400192864, 'max_h': 2712, 'pct_single_hour': 63.837994214079075}
16:53:41 | INFO    | 16_gap_injection | test period from 2016-07-24 is protected and never degraded
16:53:41 | INFO    | 16_gap_injection | ==============================================================================
16:53:41 | INFO    | 16_gap_injection | [1/101] cell none_cov1.00_s42
16:53:41 | INFO    | 16_gap_injection |   removed 0 h -> coverage 0.9894, 180 gaps (longest 23 h)
16:53:41 | INFO    | 16_gap_injection | contiguity: 28 runs after 3h ffill, longest 7942 h
16:53:41 | INFO    | 16_gap_injection | h=  1:  33456 valid rows  (rejected: no-run 117, short-history 1212, target-past-run-end 25, target-imputed 254)
16:53:41 | INFO    | 16_gap_injection | h=  3:  33406 valid rows  (rejected: no-run 117, short-history 1212, target-past-run-end 75, target-imputed 254)
16:53:41 | INFO    | 16_gap_injection | h=  6:  33331 valid rows  (rejected: no-run 117, short-history 1212, target-past-run-end 150, target-imputed 254)
16:53:41 | INFO    | 16_gap_injection | h= 12:  33181 valid rows  (rejected: no-run 117, short-history 1212, target-past-run-end 300, target-imputed 254)
16:53:41 | INFO    | 16_gap_injection | h= 24:  32889 valid rows  (rejected: no-run 117, short-history 1212, target-past-run-end 596, target-imputed 250)
16:53:41 | INFO    | 16_gap_injection | built 91 predictor columns (max backward dependency 48 h)
16:53:41 | INFO    | 16_gap_injection | split: train 2013-02-28 to 2015-12-18, val to 2016-07-24, test to 2017-02-28 (chronological, no shuffling)
16:53:41 | INFO    | 16_gap_injection | h=  1: boundary purge removed 95 rows (33456 -> 33361)
16:53:41 | INFO    | 16_gap_injection | h=  3: boundary purge removed 99 rows (33406 -> 33307)
16:53:41 | INFO    | 16_gap_injection | h=  6: boundary purge removed 105 rows (33331 -> 33226)
16:53:41 | INFO    | 16_gap_injection | h= 12: boundary purge removed 117 rows (33181 -> 33064)
16:53:41 | INFO    | 16_gap_injection | h= 24: boundary purge removed 141 rows (32889 -> 32748)
16:53:41 | INFO    | 16_gap_injection | scaler fitted on 24545 training rows over 91 predictors
16:53:42 | INFO    | 16_gap_injection | wrote F:\BUP\data\interim\beijing\ablation_R72\none_cov1.00_s42\processed\features.parquet (35064 rows, 153 cols)
16:53:42 | INFO    | 16_gap_injection |   usable rows h=24: train 23288, val 4846, test 4614
16:53:42 | INFO    | 16_gap_injection |     persistence      RMSE   94.96  skill +0.0000
16:53:42 | INFO    | 16_gap_injection |     climatology      RMSE   90.27  skill +0.0494
16:53:42 | INFO    | 16_gap_injection |     ridge            RMSE   86.05  skill +0.0938
16:53:47 | INFO    | 16_gap_injection |     random_forest    RMSE   86.27  skill +0.0915
16:53:49 | INFO    | 16_gap_injection |     xgboost          RMSE   84.53  skill +0.1098
16:53:52 | INFO    | 16_gap_injection |     lightgbm         RMSE   86.51  skill +0.0890
16:53:52 | INFO    | 16_gap_injection |     gru_h64_l2: 23288 windows, 91 steps/epoch -> 60 epochs (~5460 optimizer steps)
16:53:55 | INFO    | 16_gap_injection | gru_h64_l2_w48_H24_s42: 40961 params | train 23288 windows, val 4846 | 91 steps/epoch | matrix 2.3 MB on device
16:53:56 | INFO    | 16_gap_injection | gru_h64_l2_w48_H24_s42 epoch   1/60  train 0.97657  val 0.48305  lr 1.00e-03  1.1s  *
16:53:57 | INFO    | 16_gap_injection | gru_h64_l2_w48_H24_s42 epoch   2/60  train 0.41025  val 0.47087  lr 2.00e-03  0.5s  *
16:53:57 | INFO    | 16_gap_injection | gru_h64_l2_w48_H24_s42 epoch   3/60  train 0.38896  val 0.46228  lr 3.00e-03  0.5s  *
16:53:58 | INFO    | 16_gap_injection | gru_h64_l2_w48_H24_s42 epoch   4/60  train 0.36518  val 0.49350  lr 3.00e-03  0.5s
16:53:58 | INFO    | 16_gap_injection | gru_h64_l2_w48_H24_s42 epoch   5/60  train 0.33282  val 0.49065  lr 3.00e-03  0.4s
16:53:59 | INFO    | 16_gap_injection | gru_h64_l2_w48_H24_s42 epoch   6/60  train 0.28968  val 0.51489  lr 2.99e-03  0.4s
16:53:59 | INFO    | 16_gap_injection | gru_h64_l2_w48_H24_s42 epoch   7/60  train 0.25039  val 0.50454  lr 2.98e-03  0.5s
16:54:00 | INFO    | 16_gap_injection | gru_h64_l2_w48_H24_s42 epoch   8/60  train 0.21178  val 0.51080  lr 2.96e-03  0.4s
16:54:00 | INFO    | 16_gap_injection | gru_h64_l2_w48_H24_s42 epoch   9/60  train 0.18529  val 0.51379  lr 2.94e-03  0.5s
16:54:01 | INFO    | 16_gap_injection | gru_h64_l2_w48_H24_s42 epoch  10/60  train 0.16696  val 0.52897  lr 2.92e-03  0.5s
16:54:01 | INFO    | 16_gap_injection | gru_h64_l2_w48_H24_s42 epoch  11/60  train 0.14748  val 0.51447  lr 2.89e-03  0.5s
16:54:02 | INFO    | 16_gap_injection | gru_h64_l2_w48_H24_s42 epoch  12/60  train 0.13828  val 0.52212  lr 2.86e-03  0.4s
16:54:02 | INFO    | 16_gap_injection | gru_h64_l2_w48_H24_s42 epoch  13/60  train 0.12832  val 0.55025  lr 2.82e-03  0.5s
16:54:02 | INFO    | 16_gap_injection | gru_h64_l2_w48_H24_s42 epoch  14/60  train 0.12064  val 0.52838  lr 2.78e-03  0.4s
16:54:03 | INFO    | 16_gap_injection | gru_h64_l2_w48_H24_s42 epoch  15/60  train 0.11595  val 0.52833  lr 2.73e-03  0.5s
16:54:03 | INFO    | 16_gap_injection | gru_h64_l2_w48_H24_s42 epoch  16/60  train 0.11076  val 0.53665  lr 2.68e-03  0.5s
16:54:04 | INFO    | 16_gap_injection | gru_h64_l2_w48_H24_s42 epoch  17/60  train 0.10365  val 0.56849  lr 2.63e-03  0.4s
16:54:04 | INFO    | 16_gap_injection | gru_h64_l2_w48_H24_s42 epoch  18/60  train 0.10144  val 0.53482  lr 2.58e-03  0.4s
16:54:05 | INFO    | 16_gap_injection | gru_h64_l2_w48_H24_s42 epoch  19/60  train 0.09587  val 0.54050  lr 2.52e-03  0.4s
16:54:05 | INFO    | 16_gap_injection | gru_h64_l2_w48_H24_s42 epoch  20/60  train 0.09128  val 0.54496  lr 2.46e-03  0.4s
16:54:05 | INFO    | 16_gap_injection |     gru_h64_l2: 23288 windows, 91 steps/epoch -> 60 epochs (~5460 optimizer steps)
16:54:05 | INFO    | 16_gap_injection | gru_h64_l2_w48_H24_s1337: 40961 params | train 23288 windows, val 4846 | 91 steps/epoch | matrix 2.3 MB on device
16:54:06 | INFO    | 16_gap_injection | gru_h64_l2_w48_H24_s1337 epoch   1/60  train 0.90860  val 0.48952  lr 1.00e-03  0.4s  *
16:54:06 | INFO    | 16_gap_injection | gru_h64_l2_w48_H24_s1337 epoch   2/60  train 0.40627  val 0.47260  lr 2.00e-03  0.4s  *
16:54:07 | INFO    | 16_gap_injection | gru_h64_l2_w48_H24_s1337 epoch   3/60  train 0.38380  val 0.51310  lr 3.00e-03  0.4s
16:54:07 | INFO    | 16_gap_injection | gru_h64_l2_w48_H24_s1337 epoch   4/60  train 0.35746  val 0.44458  lr 3.00e-03  0.4s  *
16:54:08 | INFO    | 16_gap_injection | gru_h64_l2_w48_H24_s1337 epoch   5/60  train 0.32498  val 0.46475  lr 3.00e-03  0.4s
16:54:08 | INFO    | 16_gap_injection | gru_h64_l2_w48_H24_s1337 epoch   6/60  train 0.28293  val 0.52133  lr 2.99e-03  0.5s
16:54:08 | INFO    | 16_gap_injection | gru_h64_l2_w48_H24_s1337 epoch   7/60  train 0.23929  val 0.51309  lr 2.98e-03  0.5s
16:54:09 | INFO    | 16_gap_injection | gru_h64_l2_w48_H24_s1337 epoch   8/60  train 0.20712  val 0.56322  lr 2.96e-03  0.5s
16:54:09 | INFO    | 16_gap_injection | gru_h64_l2_w48_H24_s1337 epoch   9/60  train 0.17897  val 0.53586  lr 2.94e-03  0.5s
16:54:10 | INFO    | 16_gap_injection | gru_h64_l2_w48_H24_s1337 epoch  10/60  train 0.16098  val 0.52015  lr 2.92e-03  0.4s
16:54:10 | INFO    | 16_gap_injection | gru_h64_l2_w48_H24_s1337 epoch  11/60  train 0.14611  val 0.54528  lr 2.89e-03  0.6s
16:54:11 | INFO    | 16_gap_injection | gru_h64_l2_w48_H24_s1337 epoch  12/60  train 0.13725  val 0.57765  lr 2.86e-03  0.5s
16:54:11 | INFO    | 16_gap_injection | gru_h64_l2_w48_H24_s1337 epoch  13/60  train 0.12681  val 0.54744  lr 2.82e-03  0.4s
16:54:12 | INFO    | 16_gap_injection | gru_h64_l2_w48_H24_s1337 epoch  14/60  train 0.11861  val 0.54453  lr 2.78e-03  0.4s
16:54:12 | INFO    | 16_gap_injection | gru_h64_l2_w48_H24_s1337 epoch  15/60  train 0.11056  val 0.55935  lr 2.73e-03  0.4s
16:54:13 | INFO    | 16_gap_injection | gru_h64_l2_w48_H24_s1337 epoch  16/60  train 0.10609  val 0.53972  lr 2.68e-03  0.5s
16:54:13 | INFO    | 16_gap_injection | gru_h64_l2_w48_H24_s1337 epoch  17/60  train 0.10305  val 0.55667  lr 2.63e-03  0.4s
16:54:14 | INFO    | 16_gap_injection | gru_h64_l2_w48_H24_s1337 epoch  18/60  train 0.09851  val 0.54274  lr 2.58e-03  0.4s
16:54:14 | INFO    | 16_gap_injection | gru_h64_l2_w48_H24_s1337 epoch  19/60  train 0.09453  val 0.55778  lr 2.52e-03  0.4s
16:54:14 | INFO    | 16_gap_injection | gru_h64_l2_w48_H24_s1337 epoch  20/60  train 0.09258  val 0.55008  lr 2.46e-03  0.4s
16:54:15 | INFO    | 16_gap_injection |     gru_h64_l2: 23288 windows, 91 steps/epoch -> 60 epochs (~5460 optimizer steps)
16:54:15 | INFO    | 16_gap_injection | gru_h64_l2_w48_H24_s2024: 40961 params | train 23288 windows, val 4846 | 91 steps/epoch | matrix 2.3 MB on device
16:54:15 | INFO    | 16_gap_injection | gru_h64_l2_w48_H24_s2024 epoch   1/60  train 1.07223  val 0.50635  lr 1.00e-03  0.5s  *
16:54:16 | INFO    | 16_gap_injection | gru_h64_l2_w48_H24_s2024 epoch   2/60  train 0.41537  val 0.47151  lr 2.00e-03  0.4s  *
16:54:16 | INFO    | 16_gap_injection | gru_h64_l2_w48_H24_s2024 epoch   3/60  train 0.38861  val 0.52195  lr 3.00e-03  0.4s
16:54:16 | INFO    | 16_gap_injection | gru_h64_l2_w48_H24_s2024 epoch   4/60  train 0.35360  val 0.45190  lr 3.00e-03  0.4s  *
16:54:17 | INFO    | 16_gap_injection | gru_h64_l2_w48_H24_s2024 epoch   5/60  train 0.31774  val 0.51243  lr 3.00e-03  0.5s
16:54:17 | INFO    | 16_gap_injection | gru_h64_l2_w48_H24_s2024 epoch   6/60  train 0.27126  val 0.56428  lr 2.99e-03  0.4s
16:54:18 | INFO    | 16_gap_injection | gru_h64_l2_w48_H24_s2024 epoch   7/60  train 0.23094  val 0.50999  lr 2.98e-03  0.5s
16:54:18 | INFO    | 16_gap_injection | gru_h64_l2_w48_H24_s2024 epoch   8/60  train 0.20414  val 0.57128  lr 2.96e-03  0.4s
16:54:19 | INFO    | 16_gap_injection | gru_h64_l2_w48_H24_s2024 epoch   9/60  train 0.17539  val 0.56855  lr 2.94e-03  0.5s
16:54:19 | INFO    | 16_gap_injection | gru_h64_l2_w48_H24_s2024 epoch  10/60  train 0.15536  val 0.55767  lr 2.92e-03  0.5s
16:54:20 | INFO    | 16_gap_injection | gru_h64_l2_w48_H24_s2024 epoch  11/60  train 0.14149  val 0.55102  lr 2.89e-03  0.4s
16:54:20 | INFO    | 16_gap_injection | gru_h64_l2_w48_H24_s2024 epoch  12/60  train 0.13167  val 0.56373  lr 2.86e-03  0.5s
16:54:21 | INFO    | 16_gap_injection | gru_h64_l2_w48_H24_s2024 epoch  13/60  train 0.12409  val 0.57423  lr 2.82e-03  0.5s
16:54:21 | INFO    | 16_gap_injection | gru_h64_l2_w48_H24_s2024 epoch  14/60  train 0.11832  val 0.51995  lr 2.78e-03  0.4s
16:54:22 | INFO    | 16_gap_injection | gru_h64_l2_w48_H24_s2024 epoch  15/60  train 0.11185  val 0.56923  lr 2.73e-03  0.5s
16:54:22 | INFO    | 16_gap_injection | gru_h64_l2_w48_H24_s2024 epoch  16/60  train 0.10694  val 0.55213  lr 2.68e-03  0.5s
16:54:23 | INFO    | 16_gap_injection | gru_h64_l2_w48_H24_s2024 epoch  17/60  train 0.10228  val 0.56838  lr 2.63e-03  0.5s
16:54:23 | INFO    | 16_gap_injection | gru_h64_l2_w48_H24_s2024 epoch  18/60  train 0.09730  val 0.55391  lr 2.58e-03  0.4s
16:54:23 | INFO    | 16_gap_injection | gru_h64_l2_w48_H24_s2024 epoch  19/60  train 0.09528  val 0.55562  lr 2.52e-03  0.5s
16:54:24 | INFO    | 16_gap_injection | gru_h64_l2_w48_H24_s2024 epoch  20/60  train 0.09028  val 0.55808  lr 2.46e-03  0.4s
16:54:24 | INFO    | 16_gap_injection |     gru_h64_l2       RMSE   84.93  skill +0.1056  (3 seeds)
16:54:24 | INFO    | 16_gap_injection |     lstm_h64_l1: 23288 windows, 91 steps/epoch -> 60 epochs (~5460 optimizer steps)
16:54:24 | INFO    | 16_gap_injection | lstm_h64_l1_w48_H24_s42: 21313 params | train 23288 windows, val 4846 | 91 steps/epoch | matrix 2.3 MB on device
16:54:24 | INFO    | 16_gap_injection | lstm_h64_l1_w48_H24_s42 epoch   1/60  train 1.35937  val 0.47178  lr 1.00e-03  0.4s  *
16:54:25 | INFO    | 16_gap_injection | lstm_h64_l1_w48_H24_s42 epoch   2/60  train 0.42090  val 0.47060  lr 2.00e-03  0.4s  *
16:54:25 | INFO    | 16_gap_injection | lstm_h64_l1_w48_H24_s42 epoch   3/60  train 0.40305  val 0.48031  lr 3.00e-03  0.4s
16:54:26 | INFO    | 16_gap_injection | lstm_h64_l1_w48_H24_s42 epoch   4/60  train 0.39523  val 0.48149  lr 3.00e-03  0.4s
16:54:26 | INFO    | 16_gap_injection | lstm_h64_l1_w48_H24_s42 epoch   5/60  train 0.38082  val 0.46119  lr 3.00e-03  0.3s  *
16:54:26 | INFO    | 16_gap_injection | lstm_h64_l1_w48_H24_s42 epoch   6/60  train 0.36328  val 0.47711  lr 2.99e-03  0.4s
16:54:27 | INFO    | 16_gap_injection | lstm_h64_l1_w48_H24_s42 epoch   7/60  train 0.34740  val 0.49256  lr 2.98e-03  0.4s
16:54:27 | INFO    | 16_gap_injection | lstm_h64_l1_w48_H24_s42 epoch   8/60  train 0.33033  val 0.49363  lr 2.96e-03  0.4s
16:54:27 | INFO    | 16_gap_injection | lstm_h64_l1_w48_H24_s42 epoch   9/60  train 0.31563  val 0.52652  lr 2.94e-03  0.4s
16:54:28 | INFO    | 16_gap_injection | lstm_h64_l1_w48_H24_s42 epoch  10/60  train 0.30547  val 0.53197  lr 2.92e-03  0.4s
16:54:28 | INFO    | 16_gap_injection | lstm_h64_l1_w48_H24_s42 epoch  11/60  train 0.28451  val 0.50229  lr 2.89e-03  0.4s
16:54:29 | INFO    | 16_gap_injection | lstm_h64_l1_w48_H24_s42 epoch  12/60  train 0.27215  val 0.50087  lr 2.86e-03  0.5s
16:54:29 | INFO    | 16_gap_injection | lstm_h64_l1_w48_H24_s42 epoch  13/60  train 0.26366  val 0.53434  lr 2.82e-03  0.4s
16:54:30 | INFO    | 16_gap_injection | lstm_h64_l1_w48_H24_s42 epoch  14/60  train 0.24578  val 0.54944  lr 2.78e-03  0.4s
16:54:30 | INFO    | 16_gap_injection | lstm_h64_l1_w48_H24_s42 epoch  15/60  train 0.24207  val 0.49176  lr 2.73e-03  0.4s
16:54:30 | INFO    | 16_gap_injection | lstm_h64_l1_w48_H24_s42 epoch  16/60  train 0.23380  val 0.50554  lr 2.68e-03  0.4s
16:54:31 | INFO    | 16_gap_injection | lstm_h64_l1_w48_H24_s42 epoch  17/60  train 0.22178  val 0.54535  lr 2.63e-03  0.4s
16:54:31 | INFO    | 16_gap_injection | lstm_h64_l1_w48_H24_s42 epoch  18/60  train 0.21635  val 0.53558  lr 2.58e-03  0.4s
16:54:32 | INFO    | 16_gap_injection | lstm_h64_l1_w48_H24_s42 epoch  19/60  train 0.20556  val 0.55368  lr 2.52e-03  0.4s
16:54:32 | INFO    | 16_gap_injection | lstm_h64_l1_w48_H24_s42 epoch  20/60  train 0.19404  val 0.57147  lr 2.46e-03  0.4s
16:54:32 | INFO    | 16_gap_injection |     lstm_h64_l1: 23288 windows, 91 steps/epoch -> 60 epochs (~5460 optimizer steps)
16:54:32 | INFO    | 16_gap_injection | lstm_h64_l1_w48_H24_s1337: 21313 params | train 23288 windows, val 4846 | 91 steps/epoch | matrix 2.3 MB on device
16:54:32 | INFO    | 16_gap_injection | lstm_h64_l1_w48_H24_s1337 epoch   1/60  train 1.37397  val 0.45818  lr 1.00e-03  0.4s  *
16:54:33 | INFO    | 16_gap_injection | lstm_h64_l1_w48_H24_s1337 epoch   2/60  train 0.41672  val 0.47872  lr 2.00e-03  0.4s
16:54:33 | INFO    | 16_gap_injection | lstm_h64_l1_w48_H24_s1337 epoch   3/60  train 0.39793  val 0.47298  lr 3.00e-03  0.4s
16:54:34 | INFO    | 16_gap_injection | lstm_h64_l1_w48_H24_s1337 epoch   4/60  train 0.38315  val 0.44302  lr 3.00e-03  0.4s  *
16:54:34 | INFO    | 16_gap_injection | lstm_h64_l1_w48_H24_s1337 epoch   5/60  train 0.36893  val 0.47961  lr 3.00e-03  0.4s
16:54:34 | INFO    | 16_gap_injection | lstm_h64_l1_w48_H24_s1337 epoch   6/60  train 0.35931  val 0.48668  lr 2.99e-03  0.4s
16:54:35 | INFO    | 16_gap_injection | lstm_h64_l1_w48_H24_s1337 epoch   7/60  train 0.34133  val 0.48712  lr 2.98e-03  0.4s
16:54:35 | INFO    | 16_gap_injection | lstm_h64_l1_w48_H24_s1337 epoch   8/60  train 0.33213  val 0.49963  lr 2.96e-03  0.4s
16:54:35 | INFO    | 16_gap_injection | lstm_h64_l1_w48_H24_s1337 epoch   9/60  train 0.32619  val 0.48391  lr 2.94e-03  0.4s
16:54:36 | INFO    | 16_gap_injection | lstm_h64_l1_w48_H24_s1337 epoch  10/60  train 0.31587  val 0.51392  lr 2.92e-03  0.4s
16:54:36 | INFO    | 16_gap_injection | lstm_h64_l1_w48_H24_s1337 epoch  11/60  train 0.29706  val 0.52572  lr 2.89e-03  0.4s
16:54:37 | INFO    | 16_gap_injection | lstm_h64_l1_w48_H24_s1337 epoch  12/60  train 0.29071  val 0.49300  lr 2.86e-03  0.3s
16:54:37 | INFO    | 16_gap_injection | lstm_h64_l1_w48_H24_s1337 epoch  13/60  train 0.28315  val 0.49349  lr 2.82e-03  0.3s
16:54:37 | INFO    | 16_gap_injection | lstm_h64_l1_w48_H24_s1337 epoch  14/60  train 0.26972  val 0.50870  lr 2.78e-03  0.3s
16:54:38 | INFO    | 16_gap_injection | lstm_h64_l1_w48_H24_s1337 epoch  15/60  train 0.26096  val 0.49706  lr 2.73e-03  0.3s
16:54:38 | INFO    | 16_gap_injection | lstm_h64_l1_w48_H24_s1337 epoch  16/60  train 0.24487  val 0.50368  lr 2.68e-03  0.4s
16:54:38 | INFO    | 16_gap_injection | lstm_h64_l1_w48_H24_s1337 epoch  17/60  train 0.23950  val 0.50866  lr 2.63e-03  0.3s
16:54:39 | INFO    | 16_gap_injection | lstm_h64_l1_w48_H24_s1337 epoch  18/60  train 0.22252  val 0.54219  lr 2.58e-03  0.3s
16:54:39 | INFO    | 16_gap_injection | lstm_h64_l1_w48_H24_s1337 epoch  19/60  train 0.21666  val 0.52675  lr 2.52e-03  0.4s
16:54:39 | INFO    | 16_gap_injection | lstm_h64_l1_w48_H24_s1337 epoch  20/60  train 0.20839  val 0.51652  lr 2.46e-03  0.4s
16:54:40 | INFO    | 16_gap_injection |     lstm_h64_l1: 23288 windows, 91 steps/epoch -> 60 epochs (~5460 optimizer steps)
16:54:40 | INFO    | 16_gap_injection | lstm_h64_l1_w48_H24_s2024: 21313 params | train 23288 windows, val 4846 | 91 steps/epoch | matrix 2.3 MB on device
16:54:40 | INFO    | 16_gap_injection | lstm_h64_l1_w48_H24_s2024 epoch   1/60  train 1.38335  val 0.47761  lr 1.00e-03  0.4s  *
16:54:40 | INFO    | 16_gap_injection | lstm_h64_l1_w48_H24_s2024 epoch   2/60  train 0.42394  val 0.48559  lr 2.00e-03  0.5s
16:54:41 | INFO    | 16_gap_injection | lstm_h64_l1_w48_H24_s2024 epoch   3/60  train 0.40287  val 0.51646  lr 3.00e-03  0.5s
16:54:41 | INFO    | 16_gap_injection | lstm_h64_l1_w48_H24_s2024 epoch   4/60  train 0.38348  val 0.45070  lr 3.00e-03  0.4s  *
16:54:42 | INFO    | 16_gap_injection | lstm_h64_l1_w48_H24_s2024 epoch   5/60  train 0.37641  val 0.48885  lr 3.00e-03  0.3s
16:54:42 | INFO    | 16_gap_injection | lstm_h64_l1_w48_H24_s2024 epoch   6/60  train 0.36096  val 0.52112  lr 2.99e-03  0.4s
16:54:42 | INFO    | 16_gap_injection | lstm_h64_l1_w48_H24_s2024 epoch   7/60  train 0.35383  val 0.47829  lr 2.98e-03  0.4s
16:54:43 | INFO    | 16_gap_injection | lstm_h64_l1_w48_H24_s2024 epoch   8/60  train 0.34198  val 0.46854  lr 2.96e-03  0.3s
16:54:43 | INFO    | 16_gap_injection | lstm_h64_l1_w48_H24_s2024 epoch   9/60  train 0.33687  val 0.48154  lr 2.94e-03  0.4s
16:54:43 | INFO    | 16_gap_injection | lstm_h64_l1_w48_H24_s2024 epoch  10/60  train 0.32246  val 0.49241  lr 2.92e-03  0.4s
16:54:44 | INFO    | 16_gap_injection | lstm_h64_l1_w48_H24_s2024 epoch  11/60  train 0.30835  val 0.48531  lr 2.89e-03  0.4s
16:54:44 | INFO    | 16_gap_injection | lstm_h64_l1_w48_H24_s2024 epoch  12/60  train 0.29048  val 0.46453  lr 2.86e-03  0.4s
16:54:45 | INFO    | 16_gap_injection | lstm_h64_l1_w48_H24_s2024 epoch  13/60  train 0.27983  val 0.52200  lr 2.82e-03  0.4s
16:54:45 | INFO    | 16_gap_injection | lstm_h64_l1_w48_H24_s2024 epoch  14/60  train 0.26760  val 0.46737  lr 2.78e-03  0.4s
16:54:45 | INFO    | 16_gap_injection | lstm_h64_l1_w48_H24_s2024 epoch  15/60  train 0.25554  val 0.49222  lr 2.73e-03  0.4s
16:54:46 | INFO    | 16_gap_injection | lstm_h64_l1_w48_H24_s2024 epoch  16/60  train 0.24465  val 0.46884  lr 2.68e-03  0.4s
16:54:46 | INFO    | 16_gap_injection | lstm_h64_l1_w48_H24_s2024 epoch  17/60  train 0.23388  val 0.46018  lr 2.63e-03  0.4s
16:54:47 | INFO    | 16_gap_injection | lstm_h64_l1_w48_H24_s2024 epoch  18/60  train 0.22578  val 0.47749  lr 2.58e-03  0.4s
16:54:47 | INFO    | 16_gap_injection | lstm_h64_l1_w48_H24_s2024 epoch  19/60  train 0.21584  val 0.49740  lr 2.52e-03  0.4s
16:54:47 | INFO    | 16_gap_injection | lstm_h64_l1_w48_H24_s2024 epoch  20/60  train 0.20146  val 0.50383  lr 2.46e-03  0.4s
16:54:47 | INFO    | 16_gap_injection |     lstm_h64_l1      RMSE   84.18  skill +0.1136  (3 seeds)
16:54:47 | INFO    | 16_gap_injection |     dlinear: 23288 windows, 91 steps/epoch -> 60 epochs (~5460 optimizer steps)
16:54:47 | INFO    | 16_gap_injection | dlinear_w48_H24_s42: 1634 params | train 23288 windows, val 4846 | 91 steps/epoch | matrix 2.3 MB on device
16:54:48 | INFO    | 16_gap_injection | dlinear_w48_H24_s42 epoch   1/60  train 3.40644  val 3.08321  lr 1.00e-03  0.2s  *
16:54:48 | INFO    | 16_gap_injection | dlinear_w48_H24_s42 epoch   2/60  train 3.14365  val 2.58054  lr 2.00e-03  0.3s  *
16:54:48 | INFO    | 16_gap_injection | dlinear_w48_H24_s42 epoch   3/60  train 2.71213  val 2.09755  lr 3.00e-03  0.2s  *
16:54:48 | INFO    | 16_gap_injection | dlinear_w48_H24_s42 epoch   4/60  train 2.19317  val 1.61464  lr 3.00e-03  0.2s  *
16:54:49 | INFO    | 16_gap_injection | dlinear_w48_H24_s42 epoch   5/60  train 1.70362  val 1.16652  lr 3.00e-03  0.2s  *
16:54:49 | INFO    | 16_gap_injection | dlinear_w48_H24_s42 epoch   6/60  train 1.27680  val 0.98373  lr 2.99e-03  0.2s  *
16:54:49 | INFO    | 16_gap_injection | dlinear_w48_H24_s42 epoch   7/60  train 0.92946  val 0.64713  lr 2.98e-03  0.2s  *
16:54:50 | INFO    | 16_gap_injection | dlinear_w48_H24_s42 epoch   8/60  train 0.67995  val 0.51660  lr 2.96e-03  0.2s  *
16:54:50 | INFO    | 16_gap_injection | dlinear_w48_H24_s42 epoch   9/60  train 0.53786  val 0.48025  lr 2.94e-03  0.2s  *
16:54:50 | INFO    | 16_gap_injection | dlinear_w48_H24_s42 epoch  10/60  train 0.46171  val 0.49582  lr 2.92e-03  0.2s
16:54:50 | INFO    | 16_gap_injection | dlinear_w48_H24_s42 epoch  11/60  train 0.42862  val 0.48826  lr 2.89e-03  0.2s
16:54:51 | INFO    | 16_gap_injection | dlinear_w48_H24_s42 epoch  12/60  train 0.41693  val 0.50160  lr 2.86e-03  0.2s
16:54:51 | INFO    | 16_gap_injection | dlinear_w48_H24_s42 epoch  13/60  train 0.41153  val 0.48730  lr 2.82e-03  0.3s
16:54:51 | INFO    | 16_gap_injection | dlinear_w48_H24_s42 epoch  14/60  train 0.41184  val 0.53451  lr 2.78e-03  0.2s
16:54:51 | INFO    | 16_gap_injection | dlinear_w48_H24_s42 epoch  15/60  train 0.41048  val 0.55784  lr 2.73e-03  0.2s
16:54:52 | INFO    | 16_gap_injection | dlinear_w48_H24_s42 epoch  16/60  train 0.41034  val 0.49499  lr 2.68e-03  0.2s
16:54:52 | INFO    | 16_gap_injection | dlinear_w48_H24_s42 epoch  17/60  train 0.40611  val 0.50801  lr 2.63e-03  0.2s
16:54:52 | INFO    | 16_gap_injection | dlinear_w48_H24_s42 epoch  18/60  train 0.41080  val 0.49389  lr 2.58e-03  0.2s
16:54:52 | INFO    | 16_gap_injection | dlinear_w48_H24_s42 epoch  19/60  train 0.40683  val 0.48208  lr 2.52e-03  0.3s
16:54:53 | INFO    | 16_gap_injection | dlinear_w48_H24_s42 epoch  20/60  train 0.40565  val 0.48228  lr 2.46e-03  0.3s
16:54:53 | INFO    | 16_gap_injection | dlinear_w48_H24_s42 epoch  21/60  train 0.40425  val 0.50046  lr 2.39e-03  0.3s
16:54:53 | INFO    | 16_gap_injection | dlinear_w48_H24_s42 epoch  22/60  train 0.40348  val 0.45221  lr 2.32e-03  0.2s  *
16:54:54 | INFO    | 16_gap_injection | dlinear_w48_H24_s42 epoch  23/60  train 0.40274  val 0.48414  lr 2.25e-03  0.2s
16:54:54 | INFO    | 16_gap_injection | dlinear_w48_H24_s42 epoch  24/60  train 0.40579  val 0.49684  lr 2.18e-03  0.2s
16:54:54 | INFO    | 16_gap_injection | dlinear_w48_H24_s42 epoch  25/60  train 0.40173  val 0.52753  lr 2.11e-03  0.2s
16:54:54 | INFO    | 16_gap_injection | dlinear_w48_H24_s42 epoch  26/60  train 0.40189  val 0.46312  lr 2.03e-03  0.2s
16:54:55 | INFO    | 16_gap_injection | dlinear_w48_H24_s42 epoch  27/60  train 0.39866  val 0.48980  lr 1.95e-03  0.2s
16:54:55 | INFO    | 16_gap_injection | dlinear_w48_H24_s42 epoch  28/60  train 0.39909  val 0.48705  lr 1.87e-03  0.2s
16:54:55 | INFO    | 16_gap_injection | dlinear_w48_H24_s42 epoch  29/60  train 0.40063  val 0.52000  lr 1.79e-03  0.3s
16:54:55 | INFO    | 16_gap_injection | dlinear_w48_H24_s42 epoch  30/60  train 0.39726  val 0.48584  lr 1.71e-03  0.3s
16:54:56 | INFO    | 16_gap_injection | dlinear_w48_H24_s42 epoch  31/60  train 0.39738  val 0.50135  lr 1.63e-03  0.2s
16:54:56 | INFO    | 16_gap_injection | dlinear_w48_H24_s42 epoch  32/60  train 0.39990  val 0.50520  lr 1.55e-03  0.3s
16:54:56 | INFO    | 16_gap_injection | dlinear_w48_H24_s42 epoch  33/60  train 0.39733  val 0.47795  lr 1.46e-03  0.3s
16:54:57 | INFO    | 16_gap_injection | dlinear_w48_H24_s42 epoch  34/60  train 0.39391  val 0.46542  lr 1.38e-03  0.3s
16:54:57 | INFO    | 16_gap_injection | dlinear_w48_H24_s42 epoch  35/60  train 0.39542  val 0.49953  lr 1.30e-03  0.3s
16:54:57 | INFO    | 16_gap_injection | dlinear_w48_H24_s42 epoch  36/60  train 0.39272  val 0.50104  lr 1.22e-03  0.4s
16:54:58 | INFO    | 16_gap_injection | dlinear_w48_H24_s42 epoch  37/60  train 0.39313  val 0.49081  lr 1.14e-03  0.4s
16:54:58 | INFO    | 16_gap_injection |     dlinear: 23288 windows, 91 steps/epoch -> 60 epochs (~5460 optimizer steps)
16:54:58 | INFO    | 16_gap_injection | dlinear_w48_H24_s1337: 1634 params | train 23288 windows, val 4846 | 91 steps/epoch | matrix 2.3 MB on device
16:54:58 | INFO    | 16_gap_injection | dlinear_w48_H24_s1337 epoch   1/60  train 3.49059  val 2.98007  lr 1.00e-03  0.3s  *
16:54:58 | INFO    | 16_gap_injection | dlinear_w48_H24_s1337 epoch   2/60  train 3.22347  val 2.42149  lr 2.00e-03  0.3s  *
16:54:59 | INFO    | 16_gap_injection | dlinear_w48_H24_s1337 epoch   3/60  train 2.79975  val 2.07626  lr 3.00e-03  0.3s  *
16:54:59 | INFO    | 16_gap_injection | dlinear_w48_H24_s1337 epoch   4/60  train 2.27437  val 1.64617  lr 3.00e-03  0.2s  *
16:54:59 | INFO    | 16_gap_injection | dlinear_w48_H24_s1337 epoch   5/60  train 1.77563  val 1.10607  lr 3.00e-03  0.3s  *
16:55:00 | INFO    | 16_gap_injection | dlinear_w48_H24_s1337 epoch   6/60  train 1.33239  val 0.98353  lr 2.99e-03  0.3s  *
16:55:00 | INFO    | 16_gap_injection | dlinear_w48_H24_s1337 epoch   7/60  train 0.96642  val 0.64979  lr 2.98e-03  0.3s  *
16:55:00 | INFO    | 16_gap_injection | dlinear_w48_H24_s1337 epoch   8/60  train 0.70510  val 0.52378  lr 2.96e-03  0.3s  *
16:55:01 | INFO    | 16_gap_injection | dlinear_w48_H24_s1337 epoch   9/60  train 0.54835  val 0.50410  lr 2.94e-03  0.3s  *
16:55:01 | INFO    | 16_gap_injection | dlinear_w48_H24_s1337 epoch  10/60  train 0.46717  val 0.48625  lr 2.92e-03  0.2s  *
16:55:01 | INFO    | 16_gap_injection | dlinear_w48_H24_s1337 epoch  11/60  train 0.43370  val 0.50177  lr 2.89e-03  0.3s
16:55:01 | INFO    | 16_gap_injection | dlinear_w48_H24_s1337 epoch  12/60  train 0.41544  val 0.49291  lr 2.86e-03  0.2s
16:55:02 | INFO    | 16_gap_injection | dlinear_w48_H24_s1337 epoch  13/60  train 0.40944  val 0.52462  lr 2.82e-03  0.2s
16:55:02 | INFO    | 16_gap_injection | dlinear_w48_H24_s1337 epoch  14/60  train 0.41281  val 0.56737  lr 2.78e-03  0.2s
16:55:02 | INFO    | 16_gap_injection | dlinear_w48_H24_s1337 epoch  15/60  train 0.40848  val 0.51337  lr 2.73e-03  0.2s
16:55:02 | INFO    | 16_gap_injection | dlinear_w48_H24_s1337 epoch  16/60  train 0.41182  val 0.49993  lr 2.68e-03  0.2s
16:55:03 | INFO    | 16_gap_injection | dlinear_w48_H24_s1337 epoch  17/60  train 0.41205  val 0.52606  lr 2.63e-03  0.2s
16:55:03 | INFO    | 16_gap_injection | dlinear_w48_H24_s1337 epoch  18/60  train 0.40669  val 0.54012  lr 2.58e-03  0.2s
16:55:03 | INFO    | 16_gap_injection | dlinear_w48_H24_s1337 epoch  19/60  train 0.40722  val 0.52394  lr 2.52e-03  0.2s
16:55:03 | INFO    | 16_gap_injection | dlinear_w48_H24_s1337 epoch  20/60  train 0.40614  val 0.47246  lr 2.46e-03  0.2s  *
16:55:04 | INFO    | 16_gap_injection | dlinear_w48_H24_s1337 epoch  21/60  train 0.40584  val 0.48372  lr 2.39e-03  0.2s
16:55:04 | INFO    | 16_gap_injection | dlinear_w48_H24_s1337 epoch  22/60  train 0.40482  val 0.47773  lr 2.32e-03  0.2s
16:55:04 | INFO    | 16_gap_injection | dlinear_w48_H24_s1337 epoch  23/60  train 0.40459  val 0.51215  lr 2.25e-03  0.2s
16:55:04 | INFO    | 16_gap_injection | dlinear_w48_H24_s1337 epoch  24/60  train 0.40443  val 0.49433  lr 2.18e-03  0.2s
16:55:05 | INFO    | 16_gap_injection | dlinear_w48_H24_s1337 epoch  25/60  train 0.40075  val 0.48259  lr 2.11e-03  0.2s
16:55:05 | INFO    | 16_gap_injection | dlinear_w48_H24_s1337 epoch  26/60  train 0.40103  val 0.49843  lr 2.03e-03  0.2s
16:55:05 | INFO    | 16_gap_injection | dlinear_w48_H24_s1337 epoch  27/60  train 0.40316  val 0.50077  lr 1.95e-03  0.2s
16:55:05 | INFO    | 16_gap_injection | dlinear_w48_H24_s1337 epoch  28/60  train 0.40152  val 0.49973  lr 1.87e-03  0.2s
16:55:06 | INFO    | 16_gap_injection | dlinear_w48_H24_s1337 epoch  29/60  train 0.39825  val 0.48413  lr 1.79e-03  0.2s
16:55:06 | INFO    | 16_gap_injection | dlinear_w48_H24_s1337 epoch  30/60  train 0.39712  val 0.51262  lr 1.71e-03  0.2s
16:55:06 | INFO    | 16_gap_injection | dlinear_w48_H24_s1337 epoch  31/60  train 0.39672  val 0.51347  lr 1.63e-03  0.2s
16:55:06 | INFO    | 16_gap_injection | dlinear_w48_H24_s1337 epoch  32/60  train 0.39729  val 0.48096  lr 1.55e-03  0.2s
16:55:07 | INFO    | 16_gap_injection | dlinear_w48_H24_s1337 epoch  33/60  train 0.39890  val 0.49938  lr 1.46e-03  0.2s
16:55:07 | INFO    | 16_gap_injection | dlinear_w48_H24_s1337 epoch  34/60  train 0.39468  val 0.51257  lr 1.38e-03  0.2s
16:55:07 | INFO    | 16_gap_injection | dlinear_w48_H24_s1337 epoch  35/60  train 0.39483  val 0.47546  lr 1.30e-03  0.3s
16:55:07 | INFO    | 16_gap_injection |     dlinear: 23288 windows, 91 steps/epoch -> 60 epochs (~5460 optimizer steps)
16:55:07 | INFO    | 16_gap_injection | dlinear_w48_H24_s2024: 1634 params | train 23288 windows, val 4846 | 91 steps/epoch | matrix 2.3 MB on device
16:55:08 | INFO    | 16_gap_injection | dlinear_w48_H24_s2024 epoch   1/60  train 3.47632  val 3.25309  lr 1.00e-03  0.2s  *
16:55:08 | INFO    | 16_gap_injection | dlinear_w48_H24_s2024 epoch   2/60  train 3.20545  val 2.96392  lr 2.00e-03  0.2s  *
16:55:08 | INFO    | 16_gap_injection | dlinear_w48_H24_s2024 epoch   3/60  train 2.76986  val 2.18742  lr 3.00e-03  0.2s  *
16:55:08 | INFO    | 16_gap_injection | dlinear_w48_H24_s2024 epoch   4/60  train 2.25380  val 1.83262  lr 3.00e-03  0.3s  *
16:55:09 | INFO    | 16_gap_injection | dlinear_w48_H24_s2024 epoch   5/60  train 1.76698  val 1.43969  lr 3.00e-03  0.2s  *
16:55:09 | INFO    | 16_gap_injection | dlinear_w48_H24_s2024 epoch   6/60  train 1.32330  val 0.94964  lr 2.99e-03  0.2s  *
16:55:09 | INFO    | 16_gap_injection | dlinear_w48_H24_s2024 epoch   7/60  train 0.97019  val 0.67943  lr 2.98e-03  0.2s  *
16:55:09 | INFO    | 16_gap_injection | dlinear_w48_H24_s2024 epoch   8/60  train 0.70148  val 0.55261  lr 2.96e-03  0.2s  *
16:55:10 | INFO    | 16_gap_injection | dlinear_w48_H24_s2024 epoch   9/60  train 0.55369  val 0.51161  lr 2.94e-03  0.3s  *
16:55:10 | INFO    | 16_gap_injection | dlinear_w48_H24_s2024 epoch  10/60  train 0.47201  val 0.50667  lr 2.92e-03  0.3s  *
16:55:10 | INFO    | 16_gap_injection | dlinear_w48_H24_s2024 epoch  11/60  train 0.43215  val 0.52190  lr 2.89e-03  0.3s
16:55:11 | INFO    | 16_gap_injection | dlinear_w48_H24_s2024 epoch  12/60  train 0.42352  val 0.49203  lr 2.86e-03  0.3s  *
16:55:11 | INFO    | 16_gap_injection | dlinear_w48_H24_s2024 epoch  13/60  train 0.41288  val 0.46740  lr 2.82e-03  0.3s  *
16:55:11 | INFO    | 16_gap_injection | dlinear_w48_H24_s2024 epoch  14/60  train 0.41283  val 0.54595  lr 2.78e-03  0.2s
16:55:12 | INFO    | 16_gap_injection | dlinear_w48_H24_s2024 epoch  15/60  train 0.40614  val 0.53400  lr 2.73e-03  0.2s
16:55:12 | INFO    | 16_gap_injection | dlinear_w48_H24_s2024 epoch  16/60  train 0.40669  val 0.54216  lr 2.68e-03  0.2s
16:55:12 | INFO    | 16_gap_injection | dlinear_w48_H24_s2024 epoch  17/60  train 0.40800  val 0.49290  lr 2.63e-03  0.2s
16:55:12 | INFO    | 16_gap_injection | dlinear_w48_H24_s2024 epoch  18/60  train 0.41249  val 0.47483  lr 2.58e-03  0.2s
16:55:13 | INFO    | 16_gap_injection | dlinear_w48_H24_s2024 epoch  19/60  train 0.40639  val 0.51271  lr 2.52e-03  0.2s
16:55:13 | INFO    | 16_gap_injection | dlinear_w48_H24_s2024 epoch  20/60  train 0.40760  val 0.53715  lr 2.46e-03  0.2s
16:55:13 | INFO    | 16_gap_injection | dlinear_w48_H24_s2024 epoch  21/60  train 0.40962  val 0.54898  lr 2.39e-03  0.2s
16:55:13 | INFO    | 16_gap_injection | dlinear_w48_H24_s2024 epoch  22/60  train 0.40498  val 0.52354  lr 2.32e-03  0.2s
16:55:14 | INFO    | 16_gap_injection | dlinear_w48_H24_s2024 epoch  23/60  train 0.40299  val 0.51097  lr 2.25e-03  0.2s
16:55:14 | INFO    | 16_gap_injection | dlinear_w48_H24_s2024 epoch  24/60  train 0.39993  val 0.47726  lr 2.18e-03  0.2s
16:55:14 | INFO    | 16_gap_injection | dlinear_w48_H24_s2024 epoch  25/60  train 0.40438  val 0.48413  lr 2.11e-03  0.2s
16:55:14 | INFO    | 16_gap_injection | dlinear_w48_H24_s2024 epoch  26/60  train 0.40340  val 0.51099  lr 2.03e-03  0.2s
16:55:15 | INFO    | 16_gap_injection | dlinear_w48_H24_s2024 epoch  27/60  train 0.40125  val 0.47527  lr 1.95e-03  0.2s
16:55:15 | INFO    | 16_gap_injection | dlinear_w48_H24_s2024 epoch  28/60  train 0.40042  val 0.54954  lr 1.87e-03  0.2s
16:55:15 | INFO    | 16_gap_injection |     dlinear          RMSE   84.90  skill +0.1060  (3 seeds)
16:55:15 | INFO    | 16_gap_injection | ==============================================================================
16:55:15 | INFO    | 16_gap_injection | [2/101] cell fragmented_cov0.95_s42
16:55:15 | INFO    | 16_gap_injection |   removed 1173 h -> coverage 0.9500, 423 gaps (longest 121 h)
16:55:15 | INFO    | 16_gap_injection | contiguity: 65 runs after 3h ffill, longest 2618 h
16:55:15 | INFO    | 16_gap_injection | h=  1:  30660 valid rows  (rejected: no-run 917, short-history 2847, target-past-run-end 57, target-imputed 583)
16:55:15 | INFO    | 16_gap_injection | h=  3:  30548 valid rows  (rejected: no-run 917, short-history 2847, target-past-run-end 171, target-imputed 581)
16:55:15 | INFO    | 16_gap_injection | h=  6:  30383 valid rows  (rejected: no-run 917, short-history 2847, target-past-run-end 342, target-imputed 575)
16:55:15 | INFO    | 16_gap_injection | h= 12:  30054 valid rows  (rejected: no-run 917, short-history 2847, target-past-run-end 678, target-imputed 568)
16:55:15 | INFO    | 16_gap_injection | h= 24:  29425 valid rows  (rejected: no-run 917, short-history 2847, target-past-run-end 1321, target-imputed 554)
16:55:15 | INFO    | 16_gap_injection | built 91 predictor columns (max backward dependency 48 h)
16:55:15 | INFO    | 16_gap_injection | split: train 2013-02-28 to 2015-12-18, val to 2016-07-24, test to 2017-02-28 (chronological, no shuffling)
16:55:15 | INFO    | 16_gap_injection | h=  1: boundary purge removed 95 rows (30660 -> 30565)
16:55:15 | INFO    | 16_gap_injection | h=  3: boundary purge removed 99 rows (30548 -> 30449)
16:55:15 | INFO    | 16_gap_injection | h=  6: boundary purge removed 105 rows (30383 -> 30278)
16:55:15 | INFO    | 16_gap_injection | h= 12: boundary purge removed 117 rows (30054 -> 29937)
16:55:15 | INFO    | 16_gap_injection | h= 24: boundary purge removed 141 rows (29425 -> 29284)
16:55:15 | INFO    | 16_gap_injection | scaler fitted on 24545 training rows over 91 predictors
16:55:16 | INFO    | 16_gap_injection | wrote F:\BUP\data\interim\beijing\ablation_R72\fragmented_cov0.95_s42\processed\features.parquet (35064 rows, 153 cols)
16:55:16 | INFO    | 16_gap_injection |   usable rows h=24: train 20185, val 4485, test 4614
16:55:16 | INFO    | 16_gap_injection |     persistence      RMSE   94.96  skill +0.0000
16:55:16 | INFO    | 16_gap_injection |     climatology      RMSE   90.51  skill +0.0469
16:55:16 | INFO    | 16_gap_injection |     ridge            RMSE   85.26  skill +0.1021
16:55:20 | INFO    | 16_gap_injection |     random_forest    RMSE   84.84  skill +0.1066
16:55:21 | INFO    | 16_gap_injection |     xgboost          RMSE   84.05  skill +0.1149
16:55:23 | INFO    | 16_gap_injection |     lightgbm         RMSE   84.64  skill +0.1088
16:55:24 | INFO    | 16_gap_injection |     gru_h64_l2: 20185 windows, 79 steps/epoch -> 65 epochs (~5135 optimizer steps)
16:55:24 | INFO    | 16_gap_injection | gru_h64_l2_w48_H24_s42: 40961 params | train 20185 windows, val 4485 | 79 steps/epoch | matrix 2.3 MB on device
16:55:24 | INFO    | 16_gap_injection | gru_h64_l2_w48_H24_s42 epoch   1/65  train 1.06220  val 0.50887  lr 1.00e-03  0.5s  *
16:55:24 | INFO    | 16_gap_injection | gru_h64_l2_w48_H24_s42 epoch   2/65  train 0.41042  val 0.49461  lr 2.00e-03  0.4s  *
16:55:25 | INFO    | 16_gap_injection | gru_h64_l2_w48_H24_s42 epoch   3/65  train 0.39121  val 0.47259  lr 3.00e-03  0.4s  *
16:55:25 | INFO    | 16_gap_injection | gru_h64_l2_w48_H24_s42 epoch   4/65  train 0.36712  val 0.48674  lr 3.00e-03  0.4s
16:55:26 | INFO    | 16_gap_injection | gru_h64_l2_w48_H24_s42 epoch   5/65  train 0.33898  val 0.51628  lr 3.00e-03  0.4s
16:55:26 | INFO    | 16_gap_injection | gru_h64_l2_w48_H24_s42 epoch   6/65  train 0.30487  val 0.53574  lr 2.99e-03  0.4s
16:55:26 | INFO    | 16_gap_injection | gru_h64_l2_w48_H24_s42 epoch   7/65  train 0.27429  val 0.50795  lr 2.98e-03  0.4s
16:55:27 | INFO    | 16_gap_injection | gru_h64_l2_w48_H24_s42 epoch   8/65  train 0.23903  val 0.55035  lr 2.97e-03  0.4s
16:55:27 | INFO    | 16_gap_injection | gru_h64_l2_w48_H24_s42 epoch   9/65  train 0.20932  val 0.52002  lr 2.95e-03  0.4s
16:55:28 | INFO    | 16_gap_injection | gru_h64_l2_w48_H24_s42 epoch  10/65  train 0.18877  val 0.54378  lr 2.93e-03  0.4s
16:55:28 | INFO    | 16_gap_injection | gru_h64_l2_w48_H24_s42 epoch  11/65  train 0.16607  val 0.55394  lr 2.91e-03  0.4s
16:55:28 | INFO    | 16_gap_injection | gru_h64_l2_w48_H24_s42 epoch  12/65  train 0.15280  val 0.54109  lr 2.88e-03  0.4s
16:55:29 | INFO    | 16_gap_injection | gru_h64_l2_w48_H24_s42 epoch  13/65  train 0.13814  val 0.53147  lr 2.85e-03  0.4s
16:55:29 | INFO    | 16_gap_injection | gru_h64_l2_w48_H24_s42 epoch  14/65  train 0.12643  val 0.56362  lr 2.81e-03  0.4s
16:55:30 | INFO    | 16_gap_injection | gru_h64_l2_w48_H24_s42 epoch  15/65  train 0.12138  val 0.53947  lr 2.77e-03  0.4s
16:55:30 | INFO    | 16_gap_injection | gru_h64_l2_w48_H24_s42 epoch  16/65  train 0.11365  val 0.52904  lr 2.73e-03  0.4s
16:55:30 | INFO    | 16_gap_injection | gru_h64_l2_w48_H24_s42 epoch  17/65  train 0.10894  val 0.57198  lr 2.69e-03  0.4s
16:55:31 | INFO    | 16_gap_injection | gru_h64_l2_w48_H24_s42 epoch  18/65  train 0.10618  val 0.52202  lr 2.64e-03  0.4s
16:55:31 | INFO    | 16_gap_injection | gru_h64_l2_w48_H24_s42 epoch  19/65  train 0.10004  val 0.52791  lr 2.59e-03  0.4s
16:55:32 | INFO    | 16_gap_injection | gru_h64_l2_w48_H24_s42 epoch  20/65  train 0.09866  val 0.53538  lr 2.54e-03  0.4s
16:55:32 | INFO    | 16_gap_injection | gru_h64_l2_w48_H24_s42 epoch  21/65  train 0.09422  val 0.52943  lr 2.48e-03  0.4s
16:55:32 | INFO    | 16_gap_injection | gru_h64_l2_w48_H24_s42 epoch  22/65  train 0.09147  val 0.53822  lr 2.42e-03  0.4s
16:55:32 | INFO    | 16_gap_injection |     gru_h64_l2: 20185 windows, 79 steps/epoch -> 65 epochs (~5135 optimizer steps)
16:55:32 | INFO    | 16_gap_injection | gru_h64_l2_w48_H24_s1337: 40961 params | train 20185 windows, val 4485 | 79 steps/epoch | matrix 2.3 MB on device
16:55:33 | INFO    | 16_gap_injection | gru_h64_l2_w48_H24_s1337 epoch   1/65  train 0.98553  val 0.50341  lr 1.00e-03  0.4s  *
16:55:33 | INFO    | 16_gap_injection | gru_h64_l2_w48_H24_s1337 epoch   2/65  train 0.40960  val 0.49213  lr 2.00e-03  0.4s  *
16:55:34 | INFO    | 16_gap_injection | gru_h64_l2_w48_H24_s1337 epoch   3/65  train 0.39340  val 0.51033  lr 3.00e-03  0.4s
16:55:34 | INFO    | 16_gap_injection | gru_h64_l2_w48_H24_s1337 epoch   4/65  train 0.36245  val 0.50350  lr 3.00e-03  0.4s
16:55:34 | INFO    | 16_gap_injection | gru_h64_l2_w48_H24_s1337 epoch   5/65  train 0.33129  val 0.47359  lr 3.00e-03  0.4s  *
16:55:35 | INFO    | 16_gap_injection | gru_h64_l2_w48_H24_s1337 epoch   6/65  train 0.30098  val 0.45479  lr 2.99e-03  0.4s  *
16:55:35 | INFO    | 16_gap_injection | gru_h64_l2_w48_H24_s1337 epoch   7/65  train 0.26669  val 0.43828  lr 2.98e-03  0.4s  *
16:55:36 | INFO    | 16_gap_injection | gru_h64_l2_w48_H24_s1337 epoch   8/65  train 0.22687  val 0.48542  lr 2.97e-03  0.4s
16:55:36 | INFO    | 16_gap_injection | gru_h64_l2_w48_H24_s1337 epoch   9/65  train 0.19653  val 0.47535  lr 2.95e-03  0.4s
16:55:37 | INFO    | 16_gap_injection | gru_h64_l2_w48_H24_s1337 epoch  10/65  train 0.17366  val 0.49032  lr 2.93e-03  0.5s
16:55:37 | INFO    | 16_gap_injection | gru_h64_l2_w48_H24_s1337 epoch  11/65  train 0.15894  val 0.48694  lr 2.91e-03  0.4s
16:55:38 | INFO    | 16_gap_injection | gru_h64_l2_w48_H24_s1337 epoch  12/65  train 0.13907  val 0.49808  lr 2.88e-03  0.4s
16:55:38 | INFO    | 16_gap_injection | gru_h64_l2_w48_H24_s1337 epoch  13/65  train 0.13263  val 0.51734  lr 2.85e-03  0.4s
16:55:38 | INFO    | 16_gap_injection | gru_h64_l2_w48_H24_s1337 epoch  14/65  train 0.12352  val 0.51944  lr 2.81e-03  0.4s
16:55:39 | INFO    | 16_gap_injection | gru_h64_l2_w48_H24_s1337 epoch  15/65  train 0.11871  val 0.55819  lr 2.77e-03  0.4s
16:55:39 | INFO    | 16_gap_injection | gru_h64_l2_w48_H24_s1337 epoch  16/65  train 0.11398  val 0.52295  lr 2.73e-03  0.4s
16:55:40 | INFO    | 16_gap_injection | gru_h64_l2_w48_H24_s1337 epoch  17/65  train 0.10790  val 0.51158  lr 2.69e-03  0.5s
16:55:40 | INFO    | 16_gap_injection | gru_h64_l2_w48_H24_s1337 epoch  18/65  train 0.10197  val 0.49200  lr 2.64e-03  0.6s
16:55:41 | INFO    | 16_gap_injection | gru_h64_l2_w48_H24_s1337 epoch  19/65  train 0.10018  val 0.53789  lr 2.59e-03  0.6s
16:55:41 | INFO    | 16_gap_injection | gru_h64_l2_w48_H24_s1337 epoch  20/65  train 0.09377  val 0.51067  lr 2.54e-03  0.5s
16:55:42 | INFO    | 16_gap_injection | gru_h64_l2_w48_H24_s1337 epoch  21/65  train 0.09009  val 0.52613  lr 2.48e-03  0.4s
16:55:42 | INFO    | 16_gap_injection | gru_h64_l2_w48_H24_s1337 epoch  22/65  train 0.08927  val 0.51293  lr 2.42e-03  0.5s
16:55:43 | INFO    | 16_gap_injection | gru_h64_l2_w48_H24_s1337 epoch  23/65  train 0.08600  val 0.53968  lr 2.36e-03  0.5s
16:55:43 | INFO    | 16_gap_injection |     gru_h64_l2: 20185 windows, 79 steps/epoch -> 65 epochs (~5135 optimizer steps)
16:55:43 | INFO    | 16_gap_injection | gru_h64_l2_w48_H24_s2024: 40961 params | train 20185 windows, val 4485 | 79 steps/epoch | matrix 2.3 MB on device
16:55:43 | INFO    | 16_gap_injection | gru_h64_l2_w48_H24_s2024 epoch   1/65  train 1.16451  val 0.51517  lr 1.00e-03  0.5s  *
16:55:44 | INFO    | 16_gap_injection | gru_h64_l2_w48_H24_s2024 epoch   2/65  train 0.41372  val 0.47454  lr 2.00e-03  0.4s  *
16:55:44 | INFO    | 16_gap_injection | gru_h64_l2_w48_H24_s2024 epoch   3/65  train 0.38926  val 0.45421  lr 3.00e-03  0.5s  *
16:55:45 | INFO    | 16_gap_injection | gru_h64_l2_w48_H24_s2024 epoch   4/65  train 0.35585  val 0.45732  lr 3.00e-03  0.4s
16:55:45 | INFO    | 16_gap_injection | gru_h64_l2_w48_H24_s2024 epoch   5/65  train 0.33232  val 0.53990  lr 3.00e-03  0.6s
16:55:46 | INFO    | 16_gap_injection | gru_h64_l2_w48_H24_s2024 epoch   6/65  train 0.29406  val 0.54105  lr 2.99e-03  0.5s
16:55:46 | INFO    | 16_gap_injection | gru_h64_l2_w48_H24_s2024 epoch   7/65  train 0.25886  val 0.51177  lr 2.98e-03  0.5s
16:55:47 | INFO    | 16_gap_injection | gru_h64_l2_w48_H24_s2024 epoch   8/65  train 0.22156  val 0.55220  lr 2.97e-03  0.5s
16:55:47 | INFO    | 16_gap_injection | gru_h64_l2_w48_H24_s2024 epoch   9/65  train 0.19200  val 0.55150  lr 2.95e-03  0.5s
16:55:48 | INFO    | 16_gap_injection | gru_h64_l2_w48_H24_s2024 epoch  10/65  train 0.16942  val 0.59432  lr 2.93e-03  0.5s
16:55:48 | INFO    | 16_gap_injection | gru_h64_l2_w48_H24_s2024 epoch  11/65  train 0.15375  val 0.57497  lr 2.91e-03  0.4s
16:55:49 | INFO    | 16_gap_injection | gru_h64_l2_w48_H24_s2024 epoch  12/65  train 0.14105  val 0.57619  lr 2.88e-03  0.4s
16:55:49 | INFO    | 16_gap_injection | gru_h64_l2_w48_H24_s2024 epoch  13/65  train 0.12944  val 0.57280  lr 2.85e-03  0.4s
16:55:50 | INFO    | 16_gap_injection | gru_h64_l2_w48_H24_s2024 epoch  14/65  train 0.12112  val 0.57595  lr 2.81e-03  0.4s
16:55:50 | INFO    | 16_gap_injection | gru_h64_l2_w48_H24_s2024 epoch  15/65  train 0.11597  val 0.60562  lr 2.77e-03  0.4s
16:55:50 | INFO    | 16_gap_injection | gru_h64_l2_w48_H24_s2024 epoch  16/65  train 0.11097  val 0.62351  lr 2.73e-03  0.4s
16:55:51 | INFO    | 16_gap_injection | gru_h64_l2_w48_H24_s2024 epoch  17/65  train 0.10736  val 0.58710  lr 2.69e-03  0.4s
16:55:51 | INFO    | 16_gap_injection | gru_h64_l2_w48_H24_s2024 epoch  18/65  train 0.10297  val 0.59263  lr 2.64e-03  0.4s
16:55:52 | INFO    | 16_gap_injection | gru_h64_l2_w48_H24_s2024 epoch  19/65  train 0.09780  val 0.60964  lr 2.59e-03  0.4s
16:55:52 | INFO    | 16_gap_injection | gru_h64_l2_w48_H24_s2024 epoch  20/65  train 0.09453  val 0.59013  lr 2.54e-03  0.4s
16:55:52 | INFO    | 16_gap_injection | gru_h64_l2_w48_H24_s2024 epoch  21/65  train 0.09257  val 0.59389  lr 2.48e-03  0.4s
16:55:53 | INFO    | 16_gap_injection | gru_h64_l2_w48_H24_s2024 epoch  22/65  train 0.08943  val 0.56444  lr 2.42e-03  0.4s
16:55:53 | INFO    | 16_gap_injection |     gru_h64_l2       RMSE   88.09  skill +0.0724  (3 seeds)
16:55:53 | INFO    | 16_gap_injection |     lstm_h64_l1: 20185 windows, 79 steps/epoch -> 65 epochs (~5135 optimizer steps)
16:55:53 | INFO    | 16_gap_injection | lstm_h64_l1_w48_H24_s42: 21313 params | train 20185 windows, val 4485 | 79 steps/epoch | matrix 2.3 MB on device
16:55:53 | INFO    | 16_gap_injection | lstm_h64_l1_w48_H24_s42 epoch   1/65  train 1.49314  val 0.49471  lr 1.00e-03  0.3s  *
16:55:53 | INFO    | 16_gap_injection | lstm_h64_l1_w48_H24_s42 epoch   2/65  train 0.41688  val 0.47010  lr 2.00e-03  0.3s  *
16:55:54 | INFO    | 16_gap_injection | lstm_h64_l1_w48_H24_s42 epoch   3/65  train 0.40304  val 0.45220  lr 3.00e-03  0.3s  *
16:55:54 | INFO    | 16_gap_injection | lstm_h64_l1_w48_H24_s42 epoch   4/65  train 0.38533  val 0.49278  lr 3.00e-03  0.3s
16:55:54 | INFO    | 16_gap_injection | lstm_h64_l1_w48_H24_s42 epoch   5/65  train 0.37203  val 0.49746  lr 3.00e-03  0.3s
16:55:55 | INFO    | 16_gap_injection | lstm_h64_l1_w48_H24_s42 epoch   6/65  train 0.35891  val 0.49171  lr 2.99e-03  0.3s
16:55:55 | INFO    | 16_gap_injection | lstm_h64_l1_w48_H24_s42 epoch   7/65  train 0.34260  val 0.45506  lr 2.98e-03  0.3s
16:55:55 | INFO    | 16_gap_injection | lstm_h64_l1_w48_H24_s42 epoch   8/65  train 0.32612  val 0.47619  lr 2.97e-03  0.3s
16:55:56 | INFO    | 16_gap_injection | lstm_h64_l1_w48_H24_s42 epoch   9/65  train 0.31427  val 0.46225  lr 2.95e-03  0.3s
16:55:56 | INFO    | 16_gap_injection | lstm_h64_l1_w48_H24_s42 epoch  10/65  train 0.30037  val 0.45313  lr 2.93e-03  0.3s
16:55:56 | INFO    | 16_gap_injection | lstm_h64_l1_w48_H24_s42 epoch  11/65  train 0.29172  val 0.49463  lr 2.91e-03  0.3s
16:55:57 | INFO    | 16_gap_injection | lstm_h64_l1_w48_H24_s42 epoch  12/65  train 0.27835  val 0.47411  lr 2.88e-03  0.3s
16:55:57 | INFO    | 16_gap_injection | lstm_h64_l1_w48_H24_s42 epoch  13/65  train 0.26079  val 0.54655  lr 2.85e-03  0.3s
16:55:57 | INFO    | 16_gap_injection | lstm_h64_l1_w48_H24_s42 epoch  14/65  train 0.25054  val 0.53046  lr 2.81e-03  0.3s
16:55:58 | INFO    | 16_gap_injection | lstm_h64_l1_w48_H24_s42 epoch  15/65  train 0.24168  val 0.51834  lr 2.77e-03  0.3s
16:55:58 | INFO    | 16_gap_injection | lstm_h64_l1_w48_H24_s42 epoch  16/65  train 0.23388  val 0.54473  lr 2.73e-03  0.3s
16:55:58 | INFO    | 16_gap_injection | lstm_h64_l1_w48_H24_s42 epoch  17/65  train 0.21827  val 0.53715  lr 2.69e-03  0.3s
16:55:59 | INFO    | 16_gap_injection | lstm_h64_l1_w48_H24_s42 epoch  18/65  train 0.21795  val 0.53470  lr 2.64e-03  0.3s
16:55:59 | INFO    | 16_gap_injection | lstm_h64_l1_w48_H24_s42 epoch  19/65  train 0.20212  val 0.54378  lr 2.59e-03  0.3s
16:55:59 | INFO    | 16_gap_injection | lstm_h64_l1_w48_H24_s42 epoch  20/65  train 0.19162  val 0.56804  lr 2.54e-03  0.3s
16:55:59 | INFO    | 16_gap_injection | lstm_h64_l1_w48_H24_s42 epoch  21/65  train 0.18462  val 0.50972  lr 2.48e-03  0.3s
16:56:00 | INFO    | 16_gap_injection | lstm_h64_l1_w48_H24_s42 epoch  22/65  train 0.17615  val 0.53723  lr 2.42e-03  0.3s
16:56:00 | INFO    | 16_gap_injection |     lstm_h64_l1: 20185 windows, 79 steps/epoch -> 65 epochs (~5135 optimizer steps)
16:56:00 | INFO    | 16_gap_injection | lstm_h64_l1_w48_H24_s1337: 21313 params | train 20185 windows, val 4485 | 79 steps/epoch | matrix 2.3 MB on device
16:56:00 | INFO    | 16_gap_injection | lstm_h64_l1_w48_H24_s1337 epoch   1/65  train 1.51685  val 0.48164  lr 1.00e-03  0.3s  *
16:56:00 | INFO    | 16_gap_injection | lstm_h64_l1_w48_H24_s1337 epoch   2/65  train 0.41938  val 0.47797  lr 2.00e-03  0.3s  *
16:56:01 | INFO    | 16_gap_injection | lstm_h64_l1_w48_H24_s1337 epoch   3/65  train 0.40021  val 0.46576  lr 3.00e-03  0.3s  *
16:56:01 | INFO    | 16_gap_injection | lstm_h64_l1_w48_H24_s1337 epoch   4/65  train 0.38089  val 0.49745  lr 3.00e-03  0.3s
16:56:01 | INFO    | 16_gap_injection | lstm_h64_l1_w48_H24_s1337 epoch   5/65  train 0.36547  val 0.50630  lr 3.00e-03  0.3s
16:56:02 | INFO    | 16_gap_injection | lstm_h64_l1_w48_H24_s1337 epoch   6/65  train 0.35581  val 0.46966  lr 2.99e-03  0.3s
16:56:02 | INFO    | 16_gap_injection | lstm_h64_l1_w48_H24_s1337 epoch   7/65  train 0.34857  val 0.48621  lr 2.98e-03  0.3s
16:56:02 | INFO    | 16_gap_injection | lstm_h64_l1_w48_H24_s1337 epoch   8/65  train 0.33041  val 0.49142  lr 2.97e-03  0.3s
16:56:03 | INFO    | 16_gap_injection | lstm_h64_l1_w48_H24_s1337 epoch   9/65  train 0.32046  val 0.52089  lr 2.95e-03  0.3s
16:56:03 | INFO    | 16_gap_injection | lstm_h64_l1_w48_H24_s1337 epoch  10/65  train 0.30553  val 0.48518  lr 2.93e-03  0.3s
16:56:03 | INFO    | 16_gap_injection | lstm_h64_l1_w48_H24_s1337 epoch  11/65  train 0.29632  val 0.49010  lr 2.91e-03  0.3s
16:56:04 | INFO    | 16_gap_injection | lstm_h64_l1_w48_H24_s1337 epoch  12/65  train 0.28287  val 0.47764  lr 2.88e-03  0.3s
16:56:04 | INFO    | 16_gap_injection | lstm_h64_l1_w48_H24_s1337 epoch  13/65  train 0.26868  val 0.50650  lr 2.85e-03  0.3s
16:56:04 | INFO    | 16_gap_injection | lstm_h64_l1_w48_H24_s1337 epoch  14/65  train 0.26508  val 0.49894  lr 2.81e-03  0.3s
16:56:05 | INFO    | 16_gap_injection | lstm_h64_l1_w48_H24_s1337 epoch  15/65  train 0.25220  val 0.49637  lr 2.77e-03  0.3s
16:56:05 | INFO    | 16_gap_injection | lstm_h64_l1_w48_H24_s1337 epoch  16/65  train 0.24324  val 0.48169  lr 2.73e-03  0.3s
16:56:05 | INFO    | 16_gap_injection | lstm_h64_l1_w48_H24_s1337 epoch  17/65  train 0.23363  val 0.46590  lr 2.69e-03  0.3s
16:56:06 | INFO    | 16_gap_injection | lstm_h64_l1_w48_H24_s1337 epoch  18/65  train 0.21894  val 0.51651  lr 2.64e-03  0.3s
16:56:06 | INFO    | 16_gap_injection | lstm_h64_l1_w48_H24_s1337 epoch  19/65  train 0.21065  val 0.49477  lr 2.59e-03  0.3s
16:56:06 | INFO    | 16_gap_injection | lstm_h64_l1_w48_H24_s1337 epoch  20/65  train 0.20292  val 0.49549  lr 2.54e-03  0.3s
16:56:06 | INFO    | 16_gap_injection | lstm_h64_l1_w48_H24_s1337 epoch  21/65  train 0.19032  val 0.48543  lr 2.48e-03  0.3s
16:56:07 | INFO    | 16_gap_injection | lstm_h64_l1_w48_H24_s1337 epoch  22/65  train 0.18573  val 0.47389  lr 2.42e-03  0.3s
16:56:07 | INFO    | 16_gap_injection |     lstm_h64_l1: 20185 windows, 79 steps/epoch -> 65 epochs (~5135 optimizer steps)
16:56:07 | INFO    | 16_gap_injection | lstm_h64_l1_w48_H24_s2024: 21313 params | train 20185 windows, val 4485 | 79 steps/epoch | matrix 2.3 MB on device
16:56:07 | INFO    | 16_gap_injection | lstm_h64_l1_w48_H24_s2024 epoch   1/65  train 1.52750  val 0.50172  lr 1.00e-03  0.3s  *
16:56:07 | INFO    | 16_gap_injection | lstm_h64_l1_w48_H24_s2024 epoch   2/65  train 0.42396  val 0.49550  lr 2.00e-03  0.3s  *
16:56:08 | INFO    | 16_gap_injection | lstm_h64_l1_w48_H24_s2024 epoch   3/65  train 0.40003  val 0.44074  lr 3.00e-03  0.3s  *
16:56:08 | INFO    | 16_gap_injection | lstm_h64_l1_w48_H24_s2024 epoch   4/65  train 0.38345  val 0.44660  lr 3.00e-03  0.3s
16:56:08 | INFO    | 16_gap_injection | lstm_h64_l1_w48_H24_s2024 epoch   5/65  train 0.36878  val 0.50057  lr 3.00e-03  0.3s
16:56:09 | INFO    | 16_gap_injection | lstm_h64_l1_w48_H24_s2024 epoch   6/65  train 0.36622  val 0.47528  lr 2.99e-03  0.3s
16:56:09 | INFO    | 16_gap_injection | lstm_h64_l1_w48_H24_s2024 epoch   7/65  train 0.35357  val 0.51235  lr 2.98e-03  0.4s
16:56:10 | INFO    | 16_gap_injection | lstm_h64_l1_w48_H24_s2024 epoch   8/65  train 0.34352  val 0.51757  lr 2.97e-03  0.3s
16:56:10 | INFO    | 16_gap_injection | lstm_h64_l1_w48_H24_s2024 epoch   9/65  train 0.32865  val 0.47979  lr 2.95e-03  0.4s
16:56:10 | INFO    | 16_gap_injection | lstm_h64_l1_w48_H24_s2024 epoch  10/65  train 0.32047  val 0.52992  lr 2.93e-03  0.4s
16:56:11 | INFO    | 16_gap_injection | lstm_h64_l1_w48_H24_s2024 epoch  11/65  train 0.30798  val 0.53944  lr 2.91e-03  0.4s
16:56:11 | INFO    | 16_gap_injection | lstm_h64_l1_w48_H24_s2024 epoch  12/65  train 0.29591  val 0.51974  lr 2.88e-03  0.3s
16:56:11 | INFO    | 16_gap_injection | lstm_h64_l1_w48_H24_s2024 epoch  13/65  train 0.29058  val 0.54399  lr 2.85e-03  0.3s
16:56:12 | INFO    | 16_gap_injection | lstm_h64_l1_w48_H24_s2024 epoch  14/65  train 0.27637  val 0.53710  lr 2.81e-03  0.3s
16:56:12 | INFO    | 16_gap_injection | lstm_h64_l1_w48_H24_s2024 epoch  15/65  train 0.26160  val 0.54266  lr 2.77e-03  0.3s
16:56:12 | INFO    | 16_gap_injection | lstm_h64_l1_w48_H24_s2024 epoch  16/65  train 0.24324  val 0.54162  lr 2.73e-03  0.3s
16:56:13 | INFO    | 16_gap_injection | lstm_h64_l1_w48_H24_s2024 epoch  17/65  train 0.23436  val 0.52841  lr 2.69e-03  0.3s
16:56:13 | INFO    | 16_gap_injection | lstm_h64_l1_w48_H24_s2024 epoch  18/65  train 0.22604  val 0.55545  lr 2.64e-03  0.3s
16:56:13 | INFO    | 16_gap_injection | lstm_h64_l1_w48_H24_s2024 epoch  19/65  train 0.21660  val 0.56761  lr 2.59e-03  0.3s
16:56:14 | INFO    | 16_gap_injection | lstm_h64_l1_w48_H24_s2024 epoch  20/65  train 0.20901  val 0.55721  lr 2.54e-03  0.3s
16:56:14 | INFO    | 16_gap_injection | lstm_h64_l1_w48_H24_s2024 epoch  21/65  train 0.19846  val 0.55968  lr 2.48e-03  0.3s
16:56:14 | INFO    | 16_gap_injection | lstm_h64_l1_w48_H24_s2024 epoch  22/65  train 0.18805  val 0.55856  lr 2.42e-03  0.3s
16:56:14 | INFO    | 16_gap_injection |     lstm_h64_l1      RMSE   83.51  skill +0.1206  (3 seeds)
16:56:14 | INFO    | 16_gap_injection |     dlinear: 20185 windows, 79 steps/epoch -> 65 epochs (~5135 optimizer steps)
16:56:14 | INFO    | 16_gap_injection | dlinear_w48_H24_s42: 1634 params | train 20185 windows, val 4485 | 79 steps/epoch | matrix 2.3 MB on device
16:56:15 | INFO    | 16_gap_injection | dlinear_w48_H24_s42 epoch   1/65  train 3.39591  val 2.45560  lr 1.00e-03  0.2s  *
16:56:15 | INFO    | 16_gap_injection | dlinear_w48_H24_s42 epoch   2/65  train 3.16325  val 2.24698  lr 2.00e-03  0.2s  *
16:56:15 | INFO    | 16_gap_injection | dlinear_w48_H24_s42 epoch   3/65  train 2.78689  val 2.18611  lr 3.00e-03  0.2s  *
16:56:15 | INFO    | 16_gap_injection | dlinear_w48_H24_s42 epoch   4/65  train 2.34695  val 1.95174  lr 3.00e-03  0.2s  *
16:56:16 | INFO    | 16_gap_injection | dlinear_w48_H24_s42 epoch   5/65  train 1.90562  val 1.37942  lr 3.00e-03  0.2s  *
16:56:16 | INFO    | 16_gap_injection | dlinear_w48_H24_s42 epoch   6/65  train 1.51507  val 1.07137  lr 2.99e-03  0.2s  *
16:56:16 | INFO    | 16_gap_injection | dlinear_w48_H24_s42 epoch   7/65  train 1.14450  val 0.77296  lr 2.98e-03  0.2s  *
16:56:16 | INFO    | 16_gap_injection | dlinear_w48_H24_s42 epoch   8/65  train 0.85513  val 0.61201  lr 2.97e-03  0.2s  *
16:56:17 | INFO    | 16_gap_injection | dlinear_w48_H24_s42 epoch   9/65  train 0.64648  val 0.52876  lr 2.95e-03  0.2s  *
16:56:17 | INFO    | 16_gap_injection | dlinear_w48_H24_s42 epoch  10/65  train 0.52617  val 0.49936  lr 2.93e-03  0.2s  *
16:56:17 | INFO    | 16_gap_injection | dlinear_w48_H24_s42 epoch  11/65  train 0.45297  val 0.45610  lr 2.91e-03  0.2s  *
16:56:17 | INFO    | 16_gap_injection | dlinear_w48_H24_s42 epoch  12/65  train 0.42908  val 0.49961  lr 2.88e-03  0.2s
16:56:17 | INFO    | 16_gap_injection | dlinear_w48_H24_s42 epoch  13/65  train 0.41360  val 0.49230  lr 2.85e-03  0.2s
16:56:18 | INFO    | 16_gap_injection | dlinear_w48_H24_s42 epoch  14/65  train 0.40860  val 0.50258  lr 2.81e-03  0.2s
16:56:18 | INFO    | 16_gap_injection | dlinear_w48_H24_s42 epoch  15/65  train 0.40294  val 0.51189  lr 2.77e-03  0.2s
16:56:18 | INFO    | 16_gap_injection | dlinear_w48_H24_s42 epoch  16/65  train 0.40159  val 0.51943  lr 2.73e-03  0.2s
16:56:18 | INFO    | 16_gap_injection | dlinear_w48_H24_s42 epoch  17/65  train 0.40324  val 0.48176  lr 2.69e-03  0.2s
16:56:19 | INFO    | 16_gap_injection | dlinear_w48_H24_s42 epoch  18/65  train 0.40366  val 0.52138  lr 2.64e-03  0.2s
16:56:19 | INFO    | 16_gap_injection | dlinear_w48_H24_s42 epoch  19/65  train 0.40292  val 0.49493  lr 2.59e-03  0.2s
16:56:19 | INFO    | 16_gap_injection | dlinear_w48_H24_s42 epoch  20/65  train 0.40072  val 0.52984  lr 2.54e-03  0.2s
16:56:19 | INFO    | 16_gap_injection | dlinear_w48_H24_s42 epoch  21/65  train 0.40550  val 0.53825  lr 2.48e-03  0.2s
16:56:19 | INFO    | 16_gap_injection | dlinear_w48_H24_s42 epoch  22/65  train 0.39887  val 0.50911  lr 2.42e-03  0.2s
16:56:20 | INFO    | 16_gap_injection | dlinear_w48_H24_s42 epoch  23/65  train 0.40007  val 0.50351  lr 2.36e-03  0.2s
16:56:20 | INFO    | 16_gap_injection | dlinear_w48_H24_s42 epoch  24/65  train 0.39890  val 0.53515  lr 2.30e-03  0.2s
16:56:20 | INFO    | 16_gap_injection | dlinear_w48_H24_s42 epoch  25/65  train 0.39559  val 0.50363  lr 2.23e-03  0.2s
16:56:20 | INFO    | 16_gap_injection | dlinear_w48_H24_s42 epoch  26/65  train 0.39789  val 0.48276  lr 2.16e-03  0.2s
16:56:21 | INFO    | 16_gap_injection | dlinear_w48_H24_s42 epoch  27/65  train 0.40009  val 0.52469  lr 2.09e-03  0.2s
16:56:21 | INFO    | 16_gap_injection |     dlinear: 20185 windows, 79 steps/epoch -> 65 epochs (~5135 optimizer steps)
16:56:21 | INFO    | 16_gap_injection | dlinear_w48_H24_s1337: 1634 params | train 20185 windows, val 4485 | 79 steps/epoch | matrix 2.3 MB on device
16:56:21 | INFO    | 16_gap_injection | dlinear_w48_H24_s1337 epoch   1/65  train 3.46148  val 2.61571  lr 1.00e-03  0.2s  *
16:56:21 | INFO    | 16_gap_injection | dlinear_w48_H24_s1337 epoch   2/65  train 3.22294  val 2.34026  lr 2.00e-03  0.2s  *
16:56:21 | INFO    | 16_gap_injection | dlinear_w48_H24_s1337 epoch   3/65  train 2.84723  val 2.14700  lr 3.00e-03  0.2s  *
16:56:22 | INFO    | 16_gap_injection | dlinear_w48_H24_s1337 epoch   4/65  train 2.39877  val 1.70303  lr 3.00e-03  0.2s  *
16:56:22 | INFO    | 16_gap_injection | dlinear_w48_H24_s1337 epoch   5/65  train 1.97421  val 1.50424  lr 3.00e-03  0.2s  *
16:56:22 | INFO    | 16_gap_injection | dlinear_w48_H24_s1337 epoch   6/65  train 1.57667  val 1.09322  lr 2.99e-03  0.2s  *
16:56:22 | INFO    | 16_gap_injection | dlinear_w48_H24_s1337 epoch   7/65  train 1.24744  val 0.91807  lr 2.98e-03  0.2s  *
16:56:23 | INFO    | 16_gap_injection | dlinear_w48_H24_s1337 epoch   8/65  train 0.94496  val 0.71129  lr 2.97e-03  0.3s  *
16:56:23 | INFO    | 16_gap_injection | dlinear_w48_H24_s1337 epoch   9/65  train 0.72225  val 0.59328  lr 2.95e-03  0.3s  *
16:56:23 | INFO    | 16_gap_injection | dlinear_w48_H24_s1337 epoch  10/65  train 0.56964  val 0.48941  lr 2.93e-03  0.3s  *
16:56:24 | INFO    | 16_gap_injection | dlinear_w48_H24_s1337 epoch  11/65  train 0.47682  val 0.53348  lr 2.91e-03  0.2s
16:56:24 | INFO    | 16_gap_injection | dlinear_w48_H24_s1337 epoch  12/65  train 0.43928  val 0.52305  lr 2.88e-03  0.2s
16:56:24 | INFO    | 16_gap_injection | dlinear_w48_H24_s1337 epoch  13/65  train 0.41614  val 0.49759  lr 2.85e-03  0.2s
16:56:24 | INFO    | 16_gap_injection | dlinear_w48_H24_s1337 epoch  14/65  train 0.41265  val 0.57329  lr 2.81e-03  0.2s
16:56:25 | INFO    | 16_gap_injection | dlinear_w48_H24_s1337 epoch  15/65  train 0.40648  val 0.52959  lr 2.77e-03  0.2s
16:56:25 | INFO    | 16_gap_injection | dlinear_w48_H24_s1337 epoch  16/65  train 0.40781  val 0.49546  lr 2.73e-03  0.2s
16:56:25 | INFO    | 16_gap_injection | dlinear_w48_H24_s1337 epoch  17/65  train 0.40263  val 0.50431  lr 2.69e-03  0.2s
16:56:25 | INFO    | 16_gap_injection | dlinear_w48_H24_s1337 epoch  18/65  train 0.40591  val 0.53710  lr 2.64e-03  0.3s
16:56:26 | INFO    | 16_gap_injection | dlinear_w48_H24_s1337 epoch  19/65  train 0.39860  val 0.52589  lr 2.59e-03  0.3s
16:56:26 | INFO    | 16_gap_injection | dlinear_w48_H24_s1337 epoch  20/65  train 0.40099  val 0.49724  lr 2.54e-03  0.3s
16:56:26 | INFO    | 16_gap_injection | dlinear_w48_H24_s1337 epoch  21/65  train 0.40139  val 0.53534  lr 2.48e-03  0.2s
16:56:27 | INFO    | 16_gap_injection | dlinear_w48_H24_s1337 epoch  22/65  train 0.39754  val 0.53586  lr 2.42e-03  0.3s
16:56:27 | INFO    | 16_gap_injection | dlinear_w48_H24_s1337 epoch  23/65  train 0.40247  val 0.48003  lr 2.36e-03  0.2s  *
16:56:27 | INFO    | 16_gap_injection | dlinear_w48_H24_s1337 epoch  24/65  train 0.39935  val 0.52223  lr 2.30e-03  0.2s
16:56:27 | INFO    | 16_gap_injection | dlinear_w48_H24_s1337 epoch  25/65  train 0.39905  val 0.53199  lr 2.23e-03  0.2s
16:56:28 | INFO    | 16_gap_injection | dlinear_w48_H24_s1337 epoch  26/65  train 0.39886  val 0.49256  lr 2.16e-03  0.2s
16:56:28 | INFO    | 16_gap_injection | dlinear_w48_H24_s1337 epoch  27/65  train 0.39600  val 0.49032  lr 2.09e-03  0.2s
16:56:28 | INFO    | 16_gap_injection | dlinear_w48_H24_s1337 epoch  28/65  train 0.39848  val 0.53452  lr 2.02e-03  0.3s
16:56:29 | INFO    | 16_gap_injection | dlinear_w48_H24_s1337 epoch  29/65  train 0.39513  val 0.54242  lr 1.95e-03  0.3s
16:56:29 | INFO    | 16_gap_injection | dlinear_w48_H24_s1337 epoch  30/65  train 0.39450  val 0.50375  lr 1.88e-03  0.3s
16:56:29 | INFO    | 16_gap_injection | dlinear_w48_H24_s1337 epoch  31/65  train 0.39488  val 0.52054  lr 1.81e-03  0.3s
16:56:29 | INFO    | 16_gap_injection | dlinear_w48_H24_s1337 epoch  32/65  train 0.39167  val 0.52608  lr 1.73e-03  0.2s
16:56:30 | INFO    | 16_gap_injection | dlinear_w48_H24_s1337 epoch  33/65  train 0.39650  val 0.50133  lr 1.66e-03  0.3s
16:56:30 | INFO    | 16_gap_injection | dlinear_w48_H24_s1337 epoch  34/65  train 0.38829  val 0.49070  lr 1.58e-03  0.2s
16:56:30 | INFO    | 16_gap_injection | dlinear_w48_H24_s1337 epoch  35/65  train 0.39330  val 0.52574  lr 1.51e-03  0.2s
16:56:31 | INFO    | 16_gap_injection | dlinear_w48_H24_s1337 epoch  36/65  train 0.38985  val 0.51958  lr 1.43e-03  0.2s
16:56:31 | INFO    | 16_gap_injection | dlinear_w48_H24_s1337 epoch  37/65  train 0.39175  val 0.53202  lr 1.35e-03  0.2s
16:56:31 | INFO    | 16_gap_injection | dlinear_w48_H24_s1337 epoch  38/65  train 0.38896  val 0.49645  lr 1.28e-03  0.2s
16:56:31 | INFO    | 16_gap_injection | dlinear_w48_H24_s1337 epoch  39/65  train 0.38814  val 0.52895  lr 1.20e-03  0.2s
16:56:31 | INFO    | 16_gap_injection |     dlinear: 20185 windows, 79 steps/epoch -> 65 epochs (~5135 optimizer steps)
16:56:31 | INFO    | 16_gap_injection | dlinear_w48_H24_s2024: 1634 params | train 20185 windows, val 4485 | 79 steps/epoch | matrix 2.3 MB on device
16:56:32 | INFO    | 16_gap_injection | dlinear_w48_H24_s2024 epoch   1/65  train 3.44871  val 2.51596  lr 1.00e-03  0.2s  *
16:56:32 | INFO    | 16_gap_injection | dlinear_w48_H24_s2024 epoch   2/65  train 3.21341  val 2.25452  lr 2.00e-03  0.2s  *
16:56:32 | INFO    | 16_gap_injection | dlinear_w48_H24_s2024 epoch   3/65  train 2.86348  val 2.18232  lr 3.00e-03  0.2s  *
16:56:32 | INFO    | 16_gap_injection | dlinear_w48_H24_s2024 epoch   4/65  train 2.41080  val 1.96156  lr 3.00e-03  0.2s  *
16:56:33 | INFO    | 16_gap_injection | dlinear_w48_H24_s2024 epoch   5/65  train 1.98682  val 1.42321  lr 3.00e-03  0.2s  *
16:56:33 | INFO    | 16_gap_injection | dlinear_w48_H24_s2024 epoch   6/65  train 1.59220  val 1.09376  lr 2.99e-03  0.2s  *
16:56:33 | INFO    | 16_gap_injection | dlinear_w48_H24_s2024 epoch   7/65  train 1.23426  val 0.82906  lr 2.98e-03  0.2s  *
16:56:33 | INFO    | 16_gap_injection | dlinear_w48_H24_s2024 epoch   8/65  train 0.92517  val 0.64062  lr 2.97e-03  0.2s  *
16:56:34 | INFO    | 16_gap_injection | dlinear_w48_H24_s2024 epoch   9/65  train 0.69858  val 0.53802  lr 2.95e-03  0.2s  *
16:56:34 | INFO    | 16_gap_injection | dlinear_w48_H24_s2024 epoch  10/65  train 0.55117  val 0.52250  lr 2.93e-03  0.2s  *
16:56:34 | INFO    | 16_gap_injection | dlinear_w48_H24_s2024 epoch  11/65  train 0.46789  val 0.47967  lr 2.91e-03  0.2s  *
16:56:34 | INFO    | 16_gap_injection | dlinear_w48_H24_s2024 epoch  12/65  train 0.43798  val 0.46175  lr 2.88e-03  0.2s  *
16:56:35 | INFO    | 16_gap_injection | dlinear_w48_H24_s2024 epoch  13/65  train 0.41692  val 0.52151  lr 2.85e-03  0.2s
16:56:35 | INFO    | 16_gap_injection | dlinear_w48_H24_s2024 epoch  14/65  train 0.41161  val 0.50219  lr 2.81e-03  0.2s
16:56:35 | INFO    | 16_gap_injection | dlinear_w48_H24_s2024 epoch  15/65  train 0.40675  val 0.54763  lr 2.77e-03  0.2s
16:56:35 | INFO    | 16_gap_injection | dlinear_w48_H24_s2024 epoch  16/65  train 0.40473  val 0.50277  lr 2.73e-03  0.2s
16:56:36 | INFO    | 16_gap_injection | dlinear_w48_H24_s2024 epoch  17/65  train 0.40623  val 0.51012  lr 2.69e-03  0.2s
16:56:36 | INFO    | 16_gap_injection | dlinear_w48_H24_s2024 epoch  18/65  train 0.40438  val 0.50580  lr 2.64e-03  0.2s
16:56:36 | INFO    | 16_gap_injection | dlinear_w48_H24_s2024 epoch  19/65  train 0.39927  val 0.56328  lr 2.59e-03  0.2s
16:56:36 | INFO    | 16_gap_injection | dlinear_w48_H24_s2024 epoch  20/65  train 0.40481  val 0.47205  lr 2.54e-03  0.2s
16:56:36 | INFO    | 16_gap_injection | dlinear_w48_H24_s2024 epoch  21/65  train 0.40081  val 0.54756  lr 2.48e-03  0.2s
16:56:37 | INFO    | 16_gap_injection | dlinear_w48_H24_s2024 epoch  22/65  train 0.40580  val 0.54803  lr 2.42e-03  0.2s
16:56:37 | INFO    | 16_gap_injection | dlinear_w48_H24_s2024 epoch  23/65  train 0.39849  val 0.51241  lr 2.36e-03  0.2s
16:56:37 | INFO    | 16_gap_injection | dlinear_w48_H24_s2024 epoch  24/65  train 0.39855  val 0.50873  lr 2.30e-03  0.2s
16:56:37 | INFO    | 16_gap_injection | dlinear_w48_H24_s2024 epoch  25/65  train 0.39839  val 0.52010  lr 2.23e-03  0.2s
16:56:38 | INFO    | 16_gap_injection | dlinear_w48_H24_s2024 epoch  26/65  train 0.39615  val 0.57057  lr 2.16e-03  0.2s
16:56:38 | INFO    | 16_gap_injection | dlinear_w48_H24_s2024 epoch  27/65  train 0.39684  val 0.47730  lr 2.09e-03  0.2s
16:56:38 | INFO    | 16_gap_injection | dlinear_w48_H24_s2024 epoch  28/65  train 0.39899  val 0.47062  lr 2.02e-03  0.2s
16:56:38 | INFO    | 16_gap_injection |     dlinear          RMSE   85.62  skill +0.0984  (3 seeds)
16:56:38 | INFO    | 16_gap_injection | ==============================================================================
16:56:38 | INFO    | 16_gap_injection | [3/101] cell fragmented_cov0.95_s1337
16:56:38 | INFO    | 16_gap_injection |   removed 1173 h -> coverage 0.9500, 479 gaps (longest 93 h)
16:56:38 | INFO    | 16_gap_injection | contiguity: 78 runs after 3h ffill, longest 2443 h
16:56:38 | INFO    | 16_gap_injection | h=  1:  30076 valid rows  (rejected: no-run 821, short-history 3450, target-past-run-end 68, target-imputed 649)
16:56:38 | INFO    | 16_gap_injection | h=  3:  29945 valid rows  (rejected: no-run 821, short-history 3450, target-past-run-end 202, target-imputed 646)
16:56:38 | INFO    | 16_gap_injection | h=  6:  29753 valid rows  (rejected: no-run 821, short-history 3450, target-past-run-end 400, target-imputed 640)
16:56:38 | INFO    | 16_gap_injection | h= 12:  29358 valid rows  (rejected: no-run 821, short-history 3450, target-past-run-end 796, target-imputed 639)
16:56:38 | INFO    | 16_gap_injection | h= 24:  28585 valid rows  (rejected: no-run 821, short-history 3450, target-past-run-end 1578, target-imputed 630)
16:56:38 | INFO    | 16_gap_injection | built 91 predictor columns (max backward dependency 48 h)
16:56:38 | INFO    | 16_gap_injection | split: train 2013-02-28 to 2015-12-18, val to 2016-07-24, test to 2017-02-28 (chronological, no shuffling)
16:56:38 | INFO    | 16_gap_injection | h=  1: boundary purge removed 95 rows (30076 -> 29981)
16:56:38 | INFO    | 16_gap_injection | h=  3: boundary purge removed 99 rows (29945 -> 29846)
16:56:38 | INFO    | 16_gap_injection | h=  6: boundary purge removed 105 rows (29753 -> 29648)
16:56:38 | INFO    | 16_gap_injection | h= 12: boundary purge removed 117 rows (29358 -> 29241)
16:56:38 | INFO    | 16_gap_injection | h= 24: boundary purge removed 141 rows (28585 -> 28444)
16:56:39 | INFO    | 16_gap_injection | scaler fitted on 24545 training rows over 91 predictors
16:56:39 | INFO    | 16_gap_injection | wrote F:\BUP\data\interim\beijing\ablation_R72\fragmented_cov0.95_s1337\processed\features.parquet (35064 rows, 153 cols)
16:56:39 | INFO    | 16_gap_injection |   usable rows h=24: train 19426, val 4404, test 4614
16:56:39 | INFO    | 16_gap_injection |     persistence      RMSE   94.96  skill +0.0000
16:56:39 | INFO    | 16_gap_injection |     climatology      RMSE   91.39  skill +0.0376
16:56:39 | INFO    | 16_gap_injection |     ridge            RMSE   85.60  skill +0.0986
16:56:43 | INFO    | 16_gap_injection |     random_forest    RMSE   84.87  skill +0.1063
16:56:44 | INFO    | 16_gap_injection |     xgboost          RMSE   83.95  skill +0.1160
16:56:46 | INFO    | 16_gap_injection |     lightgbm         RMSE   84.05  skill +0.1149
16:56:46 | INFO    | 16_gap_injection |     gru_h64_l2: 19426 windows, 76 steps/epoch -> 67 epochs (~5092 optimizer steps)
16:56:46 | INFO    | 16_gap_injection | gru_h64_l2_w48_H24_s42: 40961 params | train 19426 windows, val 4404 | 76 steps/epoch | matrix 2.3 MB on device
16:56:46 | INFO    | 16_gap_injection | gru_h64_l2_w48_H24_s42 epoch   1/67  train 1.10385  val 0.51851  lr 1.00e-03  0.4s  *
16:56:47 | INFO    | 16_gap_injection | gru_h64_l2_w48_H24_s42 epoch   2/67  train 0.40772  val 0.50256  lr 2.00e-03  0.3s  *
16:56:47 | INFO    | 16_gap_injection | gru_h64_l2_w48_H24_s42 epoch   3/67  train 0.38926  val 0.49593  lr 3.00e-03  0.3s  *
16:56:47 | INFO    | 16_gap_injection | gru_h64_l2_w48_H24_s42 epoch   4/67  train 0.36600  val 0.45439  lr 3.00e-03  0.3s  *
16:56:48 | INFO    | 16_gap_injection | gru_h64_l2_w48_H24_s42 epoch   5/67  train 0.34008  val 0.49574  lr 3.00e-03  0.3s
16:56:48 | INFO    | 16_gap_injection | gru_h64_l2_w48_H24_s42 epoch   6/67  train 0.30774  val 0.54206  lr 2.99e-03  0.3s
16:56:48 | INFO    | 16_gap_injection | gru_h64_l2_w48_H24_s42 epoch   7/67  train 0.27144  val 0.56431  lr 2.98e-03  0.3s
16:56:49 | INFO    | 16_gap_injection | gru_h64_l2_w48_H24_s42 epoch   8/67  train 0.23748  val 0.58502  lr 2.97e-03  0.3s
16:56:49 | INFO    | 16_gap_injection | gru_h64_l2_w48_H24_s42 epoch   9/67  train 0.20494  val 0.59986  lr 2.96e-03  0.3s
16:56:49 | INFO    | 16_gap_injection | gru_h64_l2_w48_H24_s42 epoch  10/67  train 0.17963  val 0.54725  lr 2.94e-03  0.3s
16:56:50 | INFO    | 16_gap_injection | gru_h64_l2_w48_H24_s42 epoch  11/67  train 0.16134  val 0.59471  lr 2.91e-03  0.3s
16:56:50 | INFO    | 16_gap_injection | gru_h64_l2_w48_H24_s42 epoch  12/67  train 0.13934  val 0.60935  lr 2.89e-03  0.3s
16:56:50 | INFO    | 16_gap_injection | gru_h64_l2_w48_H24_s42 epoch  13/67  train 0.13237  val 0.59370  lr 2.86e-03  0.3s
16:56:51 | INFO    | 16_gap_injection | gru_h64_l2_w48_H24_s42 epoch  14/67  train 0.12335  val 0.63263  lr 2.82e-03  0.3s
16:56:51 | INFO    | 16_gap_injection | gru_h64_l2_w48_H24_s42 epoch  15/67  train 0.11813  val 0.60499  lr 2.79e-03  0.3s
16:56:51 | INFO    | 16_gap_injection | gru_h64_l2_w48_H24_s42 epoch  16/67  train 0.11101  val 0.60060  lr 2.75e-03  0.3s
16:56:52 | INFO    | 16_gap_injection | gru_h64_l2_w48_H24_s42 epoch  17/67  train 0.10656  val 0.59618  lr 2.71e-03  0.3s
16:56:52 | INFO    | 16_gap_injection | gru_h64_l2_w48_H24_s42 epoch  18/67  train 0.10667  val 0.60042  lr 2.66e-03  0.4s
16:56:52 | INFO    | 16_gap_injection | gru_h64_l2_w48_H24_s42 epoch  19/67  train 0.10098  val 0.59164  lr 2.61e-03  0.3s
16:56:53 | INFO    | 16_gap_injection | gru_h64_l2_w48_H24_s42 epoch  20/67  train 0.09742  val 0.62937  lr 2.56e-03  0.4s
16:56:53 | INFO    | 16_gap_injection | gru_h64_l2_w48_H24_s42 epoch  21/67  train 0.09420  val 0.60314  lr 2.51e-03  0.3s
16:56:53 | INFO    | 16_gap_injection | gru_h64_l2_w48_H24_s42 epoch  22/67  train 0.09178  val 0.61164  lr 2.45e-03  0.3s
16:56:54 | INFO    | 16_gap_injection |     gru_h64_l2: 19426 windows, 76 steps/epoch -> 67 epochs (~5092 optimizer steps)
16:56:54 | INFO    | 16_gap_injection | gru_h64_l2_w48_H24_s1337: 40961 params | train 19426 windows, val 4404 | 76 steps/epoch | matrix 2.3 MB on device
16:56:54 | INFO    | 16_gap_injection | gru_h64_l2_w48_H24_s1337 epoch   1/67  train 1.00612  val 0.52454  lr 1.00e-03  0.3s  *
16:56:54 | INFO    | 16_gap_injection | gru_h64_l2_w48_H24_s1337 epoch   2/67  train 0.40698  val 0.49206  lr 2.00e-03  0.3s  *
16:56:55 | INFO    | 16_gap_injection | gru_h64_l2_w48_H24_s1337 epoch   3/67  train 0.38787  val 0.47601  lr 3.00e-03  0.3s  *
16:56:55 | INFO    | 16_gap_injection | gru_h64_l2_w48_H24_s1337 epoch   4/67  train 0.36295  val 0.52221  lr 3.00e-03  0.3s
16:56:55 | INFO    | 16_gap_injection | gru_h64_l2_w48_H24_s1337 epoch   5/67  train 0.33167  val 0.55589  lr 3.00e-03  0.3s
16:56:56 | INFO    | 16_gap_injection | gru_h64_l2_w48_H24_s1337 epoch   6/67  train 0.29189  val 0.52768  lr 2.99e-03  0.4s
16:56:56 | INFO    | 16_gap_injection | gru_h64_l2_w48_H24_s1337 epoch   7/67  train 0.25379  val 0.52105  lr 2.98e-03  0.4s
16:56:56 | INFO    | 16_gap_injection | gru_h64_l2_w48_H24_s1337 epoch   8/67  train 0.22652  val 0.55626  lr 2.97e-03  0.3s
16:56:57 | INFO    | 16_gap_injection | gru_h64_l2_w48_H24_s1337 epoch   9/67  train 0.19809  val 0.54648  lr 2.96e-03  0.4s
16:56:57 | INFO    | 16_gap_injection | gru_h64_l2_w48_H24_s1337 epoch  10/67  train 0.17518  val 0.52067  lr 2.94e-03  0.4s
16:56:58 | INFO    | 16_gap_injection | gru_h64_l2_w48_H24_s1337 epoch  11/67  train 0.16165  val 0.56628  lr 2.91e-03  0.4s
16:56:58 | INFO    | 16_gap_injection | gru_h64_l2_w48_H24_s1337 epoch  12/67  train 0.14121  val 0.55737  lr 2.89e-03  0.4s
16:56:58 | INFO    | 16_gap_injection | gru_h64_l2_w48_H24_s1337 epoch  13/67  train 0.13147  val 0.53495  lr 2.86e-03  0.4s
16:56:59 | INFO    | 16_gap_injection | gru_h64_l2_w48_H24_s1337 epoch  14/67  train 0.12427  val 0.64143  lr 2.82e-03  0.4s
16:56:59 | INFO    | 16_gap_injection | gru_h64_l2_w48_H24_s1337 epoch  15/67  train 0.11265  val 0.56733  lr 2.79e-03  0.4s
16:57:00 | INFO    | 16_gap_injection | gru_h64_l2_w48_H24_s1337 epoch  16/67  train 0.11074  val 0.59602  lr 2.75e-03  0.4s
16:57:00 | INFO    | 16_gap_injection | gru_h64_l2_w48_H24_s1337 epoch  17/67  train 0.10403  val 0.58618  lr 2.71e-03  0.4s
16:57:01 | INFO    | 16_gap_injection | gru_h64_l2_w48_H24_s1337 epoch  18/67  train 0.10040  val 0.60498  lr 2.66e-03  0.4s
16:57:01 | INFO    | 16_gap_injection | gru_h64_l2_w48_H24_s1337 epoch  19/67  train 0.09633  val 0.58452  lr 2.61e-03  0.4s
16:57:01 | INFO    | 16_gap_injection | gru_h64_l2_w48_H24_s1337 epoch  20/67  train 0.09493  val 0.58280  lr 2.56e-03  0.4s
16:57:02 | INFO    | 16_gap_injection | gru_h64_l2_w48_H24_s1337 epoch  21/67  train 0.09358  val 0.60345  lr 2.51e-03  0.5s
16:57:02 | INFO    | 16_gap_injection | gru_h64_l2_w48_H24_s1337 epoch  22/67  train 0.08707  val 0.57626  lr 2.45e-03  0.4s
16:57:02 | INFO    | 16_gap_injection |     gru_h64_l2: 19426 windows, 76 steps/epoch -> 67 epochs (~5092 optimizer steps)
16:57:02 | INFO    | 16_gap_injection | gru_h64_l2_w48_H24_s2024: 40961 params | train 19426 windows, val 4404 | 76 steps/epoch | matrix 2.3 MB on device
16:57:03 | INFO    | 16_gap_injection | gru_h64_l2_w48_H24_s2024 epoch   1/67  train 1.18972  val 0.54807  lr 1.00e-03  0.4s  *
16:57:03 | INFO    | 16_gap_injection | gru_h64_l2_w48_H24_s2024 epoch   2/67  train 0.41640  val 0.49408  lr 2.00e-03  0.4s  *
16:57:04 | INFO    | 16_gap_injection | gru_h64_l2_w48_H24_s2024 epoch   3/67  train 0.38704  val 0.52823  lr 3.00e-03  0.4s
16:57:04 | INFO    | 16_gap_injection | gru_h64_l2_w48_H24_s2024 epoch   4/67  train 0.36333  val 0.52503  lr 3.00e-03  0.4s
16:57:05 | INFO    | 16_gap_injection | gru_h64_l2_w48_H24_s2024 epoch   5/67  train 0.32525  val 0.52330  lr 3.00e-03  0.4s
16:57:05 | INFO    | 16_gap_injection | gru_h64_l2_w48_H24_s2024 epoch   6/67  train 0.28660  val 0.52122  lr 2.99e-03  0.5s
16:57:06 | INFO    | 16_gap_injection | gru_h64_l2_w48_H24_s2024 epoch   7/67  train 0.24218  val 0.58545  lr 2.98e-03  0.5s
16:57:06 | INFO    | 16_gap_injection | gru_h64_l2_w48_H24_s2024 epoch   8/67  train 0.21025  val 0.61403  lr 2.97e-03  0.4s
16:57:06 | INFO    | 16_gap_injection | gru_h64_l2_w48_H24_s2024 epoch   9/67  train 0.18326  val 0.59199  lr 2.96e-03  0.3s
16:57:07 | INFO    | 16_gap_injection | gru_h64_l2_w48_H24_s2024 epoch  10/67  train 0.16356  val 0.61153  lr 2.94e-03  0.5s
16:57:07 | INFO    | 16_gap_injection | gru_h64_l2_w48_H24_s2024 epoch  11/67  train 0.14493  val 0.62995  lr 2.91e-03  0.6s
16:57:08 | INFO    | 16_gap_injection | gru_h64_l2_w48_H24_s2024 epoch  12/67  train 0.13302  val 0.63612  lr 2.89e-03  0.5s
16:57:08 | INFO    | 16_gap_injection | gru_h64_l2_w48_H24_s2024 epoch  13/67  train 0.12224  val 0.61028  lr 2.86e-03  0.5s
16:57:09 | INFO    | 16_gap_injection | gru_h64_l2_w48_H24_s2024 epoch  14/67  train 0.11639  val 0.61338  lr 2.82e-03  0.5s
16:57:09 | INFO    | 16_gap_injection | gru_h64_l2_w48_H24_s2024 epoch  15/67  train 0.11145  val 0.60888  lr 2.79e-03  0.5s
16:57:10 | INFO    | 16_gap_injection | gru_h64_l2_w48_H24_s2024 epoch  16/67  train 0.10885  val 0.60778  lr 2.75e-03  0.4s
16:57:10 | INFO    | 16_gap_injection | gru_h64_l2_w48_H24_s2024 epoch  17/67  train 0.10208  val 0.59605  lr 2.71e-03  0.4s
16:57:11 | INFO    | 16_gap_injection | gru_h64_l2_w48_H24_s2024 epoch  18/67  train 0.10151  val 0.61004  lr 2.66e-03  0.5s
16:57:11 | INFO    | 16_gap_injection | gru_h64_l2_w48_H24_s2024 epoch  19/67  train 0.09465  val 0.63442  lr 2.61e-03  0.5s
16:57:12 | INFO    | 16_gap_injection | gru_h64_l2_w48_H24_s2024 epoch  20/67  train 0.09327  val 0.63165  lr 2.56e-03  0.4s
16:57:12 | INFO    | 16_gap_injection | gru_h64_l2_w48_H24_s2024 epoch  21/67  train 0.08790  val 0.63093  lr 2.51e-03  0.4s
16:57:12 | INFO    | 16_gap_injection | gru_h64_l2_w48_H24_s2024 epoch  22/67  train 0.08509  val 0.61928  lr 2.45e-03  0.4s
16:57:12 | INFO    | 16_gap_injection |     gru_h64_l2       RMSE   83.39  skill +0.1219  (3 seeds)
16:57:13 | INFO    | 16_gap_injection |     lstm_h64_l1: 19426 windows, 76 steps/epoch -> 67 epochs (~5092 optimizer steps)
16:57:13 | INFO    | 16_gap_injection | lstm_h64_l1_w48_H24_s42: 21313 params | train 19426 windows, val 4404 | 76 steps/epoch | matrix 2.3 MB on device
16:57:13 | INFO    | 16_gap_injection | lstm_h64_l1_w48_H24_s42 epoch   1/67  train 1.53038  val 0.50206  lr 1.00e-03  0.4s  *
16:57:13 | INFO    | 16_gap_injection | lstm_h64_l1_w48_H24_s42 epoch   2/67  train 0.41806  val 0.51613  lr 2.00e-03  0.3s
16:57:13 | INFO    | 16_gap_injection | lstm_h64_l1_w48_H24_s42 epoch   3/67  train 0.39965  val 0.50955  lr 3.00e-03  0.3s
16:57:14 | INFO    | 16_gap_injection | lstm_h64_l1_w48_H24_s42 epoch   4/67  train 0.38369  val 0.50252  lr 3.00e-03  0.3s
16:57:14 | INFO    | 16_gap_injection | lstm_h64_l1_w48_H24_s42 epoch   5/67  train 0.36773  val 0.49342  lr 3.00e-03  0.3s  *
16:57:14 | INFO    | 16_gap_injection | lstm_h64_l1_w48_H24_s42 epoch   6/67  train 0.35731  val 0.53079  lr 2.99e-03  0.3s
16:57:15 | INFO    | 16_gap_injection | lstm_h64_l1_w48_H24_s42 epoch   7/67  train 0.34336  val 0.56904  lr 2.98e-03  0.3s
16:57:15 | INFO    | 16_gap_injection | lstm_h64_l1_w48_H24_s42 epoch   8/67  train 0.33054  val 0.51759  lr 2.97e-03  0.3s
16:57:15 | INFO    | 16_gap_injection | lstm_h64_l1_w48_H24_s42 epoch   9/67  train 0.31265  val 0.55446  lr 2.96e-03  0.3s
16:57:16 | INFO    | 16_gap_injection | lstm_h64_l1_w48_H24_s42 epoch  10/67  train 0.29981  val 0.51240  lr 2.94e-03  0.3s
16:57:16 | INFO    | 16_gap_injection | lstm_h64_l1_w48_H24_s42 epoch  11/67  train 0.29181  val 0.52444  lr 2.91e-03  0.3s
16:57:16 | INFO    | 16_gap_injection | lstm_h64_l1_w48_H24_s42 epoch  12/67  train 0.27043  val 0.57227  lr 2.89e-03  0.3s
16:57:16 | INFO    | 16_gap_injection | lstm_h64_l1_w48_H24_s42 epoch  13/67  train 0.27019  val 0.51956  lr 2.86e-03  0.3s
16:57:17 | INFO    | 16_gap_injection | lstm_h64_l1_w48_H24_s42 epoch  14/67  train 0.25595  val 0.54148  lr 2.82e-03  0.3s
16:57:17 | INFO    | 16_gap_injection | lstm_h64_l1_w48_H24_s42 epoch  15/67  train 0.24578  val 0.53036  lr 2.79e-03  0.3s
16:57:17 | INFO    | 16_gap_injection | lstm_h64_l1_w48_H24_s42 epoch  16/67  train 0.23851  val 0.53512  lr 2.75e-03  0.3s
16:57:18 | INFO    | 16_gap_injection | lstm_h64_l1_w48_H24_s42 epoch  17/67  train 0.23353  val 0.51554  lr 2.71e-03  0.3s
16:57:18 | INFO    | 16_gap_injection | lstm_h64_l1_w48_H24_s42 epoch  18/67  train 0.21480  val 0.52724  lr 2.66e-03  0.3s
16:57:18 | INFO    | 16_gap_injection | lstm_h64_l1_w48_H24_s42 epoch  19/67  train 0.20295  val 0.53056  lr 2.61e-03  0.3s
16:57:18 | INFO    | 16_gap_injection | lstm_h64_l1_w48_H24_s42 epoch  20/67  train 0.20038  val 0.54445  lr 2.56e-03  0.3s
16:57:19 | INFO    | 16_gap_injection | lstm_h64_l1_w48_H24_s42 epoch  21/67  train 0.19216  val 0.55234  lr 2.51e-03  0.3s
16:57:19 | INFO    | 16_gap_injection | lstm_h64_l1_w48_H24_s42 epoch  22/67  train 0.18071  val 0.56838  lr 2.45e-03  0.3s
16:57:19 | INFO    | 16_gap_injection |     lstm_h64_l1: 19426 windows, 76 steps/epoch -> 67 epochs (~5092 optimizer steps)
16:57:19 | INFO    | 16_gap_injection | lstm_h64_l1_w48_H24_s1337: 21313 params | train 19426 windows, val 4404 | 76 steps/epoch | matrix 2.3 MB on device
16:57:19 | INFO    | 16_gap_injection | lstm_h64_l1_w48_H24_s1337 epoch   1/67  train 1.53572  val 0.51832  lr 1.00e-03  0.3s  *
16:57:20 | INFO    | 16_gap_injection | lstm_h64_l1_w48_H24_s1337 epoch   2/67  train 0.41926  val 0.49854  lr 2.00e-03  0.3s  *
16:57:20 | INFO    | 16_gap_injection | lstm_h64_l1_w48_H24_s1337 epoch   3/67  train 0.39201  val 0.47378  lr 3.00e-03  0.3s  *
16:57:20 | INFO    | 16_gap_injection | lstm_h64_l1_w48_H24_s1337 epoch   4/67  train 0.38342  val 0.53577  lr 3.00e-03  0.3s
16:57:20 | INFO    | 16_gap_injection | lstm_h64_l1_w48_H24_s1337 epoch   5/67  train 0.37097  val 0.51513  lr 3.00e-03  0.3s
16:57:21 | INFO    | 16_gap_injection | lstm_h64_l1_w48_H24_s1337 epoch   6/67  train 0.35960  val 0.48028  lr 2.99e-03  0.3s
16:57:21 | INFO    | 16_gap_injection | lstm_h64_l1_w48_H24_s1337 epoch   7/67  train 0.34496  val 0.46198  lr 2.98e-03  0.3s  *
16:57:21 | INFO    | 16_gap_injection | lstm_h64_l1_w48_H24_s1337 epoch   8/67  train 0.33664  val 0.43825  lr 2.97e-03  0.3s  *
16:57:22 | INFO    | 16_gap_injection | lstm_h64_l1_w48_H24_s1337 epoch   9/67  train 0.32510  val 0.49852  lr 2.96e-03  0.3s
16:57:22 | INFO    | 16_gap_injection | lstm_h64_l1_w48_H24_s1337 epoch  10/67  train 0.31242  val 0.49802  lr 2.94e-03  0.3s
16:57:22 | INFO    | 16_gap_injection | lstm_h64_l1_w48_H24_s1337 epoch  11/67  train 0.29937  val 0.53463  lr 2.91e-03  0.3s
16:57:22 | INFO    | 16_gap_injection | lstm_h64_l1_w48_H24_s1337 epoch  12/67  train 0.29157  val 0.48435  lr 2.89e-03  0.3s
16:57:23 | INFO    | 16_gap_injection | lstm_h64_l1_w48_H24_s1337 epoch  13/67  train 0.28006  val 0.50278  lr 2.86e-03  0.3s
16:57:23 | INFO    | 16_gap_injection | lstm_h64_l1_w48_H24_s1337 epoch  14/67  train 0.27402  val 0.53317  lr 2.82e-03  0.3s
16:57:23 | INFO    | 16_gap_injection | lstm_h64_l1_w48_H24_s1337 epoch  15/67  train 0.25735  val 0.52450  lr 2.79e-03  0.3s
16:57:23 | INFO    | 16_gap_injection | lstm_h64_l1_w48_H24_s1337 epoch  16/67  train 0.24721  val 0.54306  lr 2.75e-03  0.3s
16:57:24 | INFO    | 16_gap_injection | lstm_h64_l1_w48_H24_s1337 epoch  17/67  train 0.24073  val 0.51918  lr 2.71e-03  0.3s
16:57:24 | INFO    | 16_gap_injection | lstm_h64_l1_w48_H24_s1337 epoch  18/67  train 0.22978  val 0.53761  lr 2.66e-03  0.3s
16:57:24 | INFO    | 16_gap_injection | lstm_h64_l1_w48_H24_s1337 epoch  19/67  train 0.22374  val 0.56322  lr 2.61e-03  0.3s
16:57:25 | INFO    | 16_gap_injection | lstm_h64_l1_w48_H24_s1337 epoch  20/67  train 0.21910  val 0.58095  lr 2.56e-03  0.3s
16:57:25 | INFO    | 16_gap_injection | lstm_h64_l1_w48_H24_s1337 epoch  21/67  train 0.20201  val 0.53425  lr 2.51e-03  0.3s
16:57:25 | INFO    | 16_gap_injection | lstm_h64_l1_w48_H24_s1337 epoch  22/67  train 0.19622  val 0.52118  lr 2.45e-03  0.3s
16:57:25 | INFO    | 16_gap_injection | lstm_h64_l1_w48_H24_s1337 epoch  23/67  train 0.19177  val 0.54842  lr 2.40e-03  0.3s
16:57:26 | INFO    | 16_gap_injection | lstm_h64_l1_w48_H24_s1337 epoch  24/67  train 0.18581  val 0.55244  lr 2.34e-03  0.3s
16:57:26 | INFO    | 16_gap_injection | lstm_h64_l1_w48_H24_s1337 epoch  25/67  train 0.18292  val 0.53067  lr 2.27e-03  0.3s
16:57:26 | INFO    | 16_gap_injection |     lstm_h64_l1: 19426 windows, 76 steps/epoch -> 67 epochs (~5092 optimizer steps)
16:57:26 | INFO    | 16_gap_injection | lstm_h64_l1_w48_H24_s2024: 21313 params | train 19426 windows, val 4404 | 76 steps/epoch | matrix 2.3 MB on device
16:57:26 | INFO    | 16_gap_injection | lstm_h64_l1_w48_H24_s2024 epoch   1/67  train 1.56522  val 0.56693  lr 1.00e-03  0.3s  *
16:57:27 | INFO    | 16_gap_injection | lstm_h64_l1_w48_H24_s2024 epoch   2/67  train 0.42731  val 0.48276  lr 2.00e-03  0.3s  *
16:57:27 | INFO    | 16_gap_injection | lstm_h64_l1_w48_H24_s2024 epoch   3/67  train 0.40363  val 0.47481  lr 3.00e-03  0.3s  *
16:57:27 | INFO    | 16_gap_injection | lstm_h64_l1_w48_H24_s2024 epoch   4/67  train 0.39157  val 0.49029  lr 3.00e-03  0.3s
16:57:27 | INFO    | 16_gap_injection | lstm_h64_l1_w48_H24_s2024 epoch   5/67  train 0.38018  val 0.47826  lr 3.00e-03  0.3s
16:57:28 | INFO    | 16_gap_injection | lstm_h64_l1_w48_H24_s2024 epoch   6/67  train 0.36749  val 0.49568  lr 2.99e-03  0.3s
16:57:28 | INFO    | 16_gap_injection | lstm_h64_l1_w48_H24_s2024 epoch   7/67  train 0.35643  val 0.48556  lr 2.98e-03  0.3s
16:57:28 | INFO    | 16_gap_injection | lstm_h64_l1_w48_H24_s2024 epoch   8/67  train 0.35090  val 0.50517  lr 2.97e-03  0.3s
16:57:29 | INFO    | 16_gap_injection | lstm_h64_l1_w48_H24_s2024 epoch   9/67  train 0.33348  val 0.50576  lr 2.96e-03  0.3s
16:57:29 | INFO    | 16_gap_injection | lstm_h64_l1_w48_H24_s2024 epoch  10/67  train 0.31988  val 0.50341  lr 2.94e-03  0.3s
16:57:29 | INFO    | 16_gap_injection | lstm_h64_l1_w48_H24_s2024 epoch  11/67  train 0.31321  val 0.53641  lr 2.91e-03  0.3s
16:57:30 | INFO    | 16_gap_injection | lstm_h64_l1_w48_H24_s2024 epoch  12/67  train 0.30445  val 0.53067  lr 2.89e-03  0.3s
16:57:30 | INFO    | 16_gap_injection | lstm_h64_l1_w48_H24_s2024 epoch  13/67  train 0.29517  val 0.53274  lr 2.86e-03  0.3s
16:57:30 | INFO    | 16_gap_injection | lstm_h64_l1_w48_H24_s2024 epoch  14/67  train 0.27850  val 0.52131  lr 2.82e-03  0.3s
16:57:30 | INFO    | 16_gap_injection | lstm_h64_l1_w48_H24_s2024 epoch  15/67  train 0.27165  val 0.57522  lr 2.79e-03  0.3s
16:57:31 | INFO    | 16_gap_injection | lstm_h64_l1_w48_H24_s2024 epoch  16/67  train 0.26184  val 0.54800  lr 2.75e-03  0.3s
16:57:31 | INFO    | 16_gap_injection | lstm_h64_l1_w48_H24_s2024 epoch  17/67  train 0.25101  val 0.53291  lr 2.71e-03  0.3s
16:57:31 | INFO    | 16_gap_injection | lstm_h64_l1_w48_H24_s2024 epoch  18/67  train 0.23873  val 0.53285  lr 2.66e-03  0.3s
16:57:32 | INFO    | 16_gap_injection | lstm_h64_l1_w48_H24_s2024 epoch  19/67  train 0.23522  val 0.56550  lr 2.61e-03  0.3s
16:57:32 | INFO    | 16_gap_injection | lstm_h64_l1_w48_H24_s2024 epoch  20/67  train 0.21912  val 0.53310  lr 2.56e-03  0.4s
16:57:32 | INFO    | 16_gap_injection | lstm_h64_l1_w48_H24_s2024 epoch  21/67  train 0.21101  val 0.56617  lr 2.51e-03  0.3s
16:57:33 | INFO    | 16_gap_injection | lstm_h64_l1_w48_H24_s2024 epoch  22/67  train 0.20356  val 0.56567  lr 2.45e-03  0.4s
16:57:33 | INFO    | 16_gap_injection |     lstm_h64_l1      RMSE   85.08  skill +0.1041  (3 seeds)
16:57:33 | INFO    | 16_gap_injection |     dlinear: 19426 windows, 76 steps/epoch -> 67 epochs (~5092 optimizer steps)
16:57:33 | INFO    | 16_gap_injection | dlinear_w48_H24_s42: 1634 params | train 19426 windows, val 4404 | 76 steps/epoch | matrix 2.3 MB on device
16:57:33 | INFO    | 16_gap_injection | dlinear_w48_H24_s42 epoch   1/67  train 3.36057  val 3.61469  lr 1.00e-03  0.2s  *
16:57:33 | INFO    | 16_gap_injection | dlinear_w48_H24_s42 epoch   2/67  train 3.13226  val 2.81191  lr 2.00e-03  0.2s  *
16:57:33 | INFO    | 16_gap_injection | dlinear_w48_H24_s42 epoch   3/67  train 2.78008  val 2.57653  lr 3.00e-03  0.2s  *
16:57:34 | INFO    | 16_gap_injection | dlinear_w48_H24_s42 epoch   4/67  train 2.36280  val 1.83226  lr 3.00e-03  0.2s  *
16:57:34 | INFO    | 16_gap_injection | dlinear_w48_H24_s42 epoch   5/67  train 1.96695  val 1.75579  lr 3.00e-03  0.2s  *
16:57:34 | INFO    | 16_gap_injection | dlinear_w48_H24_s42 epoch   6/67  train 1.58345  val 1.13794  lr 2.99e-03  0.2s  *
16:57:34 | INFO    | 16_gap_injection | dlinear_w48_H24_s42 epoch   7/67  train 1.24358  val 0.88842  lr 2.98e-03  0.2s  *
16:57:35 | INFO    | 16_gap_injection | dlinear_w48_H24_s42 epoch   8/67  train 0.94416  val 0.70501  lr 2.97e-03  0.2s  *
16:57:35 | INFO    | 16_gap_injection | dlinear_w48_H24_s42 epoch   9/67  train 0.70979  val 0.52993  lr 2.96e-03  0.2s  *
16:57:35 | INFO    | 16_gap_injection | dlinear_w48_H24_s42 epoch  10/67  train 0.56302  val 0.52123  lr 2.94e-03  0.2s  *
16:57:35 | INFO    | 16_gap_injection | dlinear_w48_H24_s42 epoch  11/67  train 0.48051  val 0.49040  lr 2.91e-03  0.2s  *
16:57:35 | INFO    | 16_gap_injection | dlinear_w48_H24_s42 epoch  12/67  train 0.43599  val 0.50392  lr 2.89e-03  0.2s
16:57:36 | INFO    | 16_gap_injection | dlinear_w48_H24_s42 epoch  13/67  train 0.41900  val 0.49550  lr 2.86e-03  0.2s
16:57:36 | INFO    | 16_gap_injection | dlinear_w48_H24_s42 epoch  14/67  train 0.40847  val 0.53845  lr 2.82e-03  0.2s
16:57:36 | INFO    | 16_gap_injection | dlinear_w48_H24_s42 epoch  15/67  train 0.40459  val 0.50415  lr 2.79e-03  0.2s
16:57:36 | INFO    | 16_gap_injection | dlinear_w48_H24_s42 epoch  16/67  train 0.40487  val 0.52817  lr 2.75e-03  0.2s
16:57:36 | INFO    | 16_gap_injection | dlinear_w48_H24_s42 epoch  17/67  train 0.39963  val 0.50777  lr 2.71e-03  0.2s
16:57:36 | INFO    | 16_gap_injection | dlinear_w48_H24_s42 epoch  18/67  train 0.40322  val 0.52056  lr 2.66e-03  0.2s
16:57:37 | INFO    | 16_gap_injection | dlinear_w48_H24_s42 epoch  19/67  train 0.40256  val 0.59883  lr 2.61e-03  0.2s
16:57:37 | INFO    | 16_gap_injection | dlinear_w48_H24_s42 epoch  20/67  train 0.40051  val 0.51446  lr 2.56e-03  0.2s
16:57:37 | INFO    | 16_gap_injection | dlinear_w48_H24_s42 epoch  21/67  train 0.39896  val 0.54092  lr 2.51e-03  0.2s
16:57:37 | INFO    | 16_gap_injection | dlinear_w48_H24_s42 epoch  22/67  train 0.40050  val 0.51443  lr 2.45e-03  0.2s
16:57:37 | INFO    | 16_gap_injection | dlinear_w48_H24_s42 epoch  23/67  train 0.39920  val 0.57030  lr 2.40e-03  0.2s
16:57:38 | INFO    | 16_gap_injection | dlinear_w48_H24_s42 epoch  24/67  train 0.39958  val 0.51881  lr 2.34e-03  0.2s
16:57:38 | INFO    | 16_gap_injection | dlinear_w48_H24_s42 epoch  25/67  train 0.39851  val 0.55726  lr 2.27e-03  0.2s
16:57:38 | INFO    | 16_gap_injection | dlinear_w48_H24_s42 epoch  26/67  train 0.40069  val 0.52229  lr 2.21e-03  0.2s
16:57:38 | INFO    | 16_gap_injection | dlinear_w48_H24_s42 epoch  27/67  train 0.39721  val 0.53554  lr 2.14e-03  0.2s
16:57:38 | INFO    | 16_gap_injection | dlinear_w48_H24_s42 epoch  28/67  train 0.39580  val 0.52637  lr 2.08e-03  0.2s
16:57:38 | INFO    | 16_gap_injection |     dlinear: 19426 windows, 76 steps/epoch -> 67 epochs (~5092 optimizer steps)
16:57:38 | INFO    | 16_gap_injection | dlinear_w48_H24_s1337: 1634 params | train 19426 windows, val 4404 | 76 steps/epoch | matrix 2.3 MB on device
16:57:39 | INFO    | 16_gap_injection | dlinear_w48_H24_s1337 epoch   1/67  train 3.43478  val 3.65991  lr 1.00e-03  0.2s  *
16:57:39 | INFO    | 16_gap_injection | dlinear_w48_H24_s1337 epoch   2/67  train 3.21177  val 3.15270  lr 2.00e-03  0.2s  *
16:57:39 | INFO    | 16_gap_injection | dlinear_w48_H24_s1337 epoch   3/67  train 2.86673  val 2.64010  lr 3.00e-03  0.2s  *
16:57:39 | INFO    | 16_gap_injection | dlinear_w48_H24_s1337 epoch   4/67  train 2.43540  val 1.84420  lr 3.00e-03  0.2s  *
16:57:40 | INFO    | 16_gap_injection | dlinear_w48_H24_s1337 epoch   5/67  train 2.03695  val 1.50953  lr 3.00e-03  0.2s  *
16:57:40 | INFO    | 16_gap_injection | dlinear_w48_H24_s1337 epoch   6/67  train 1.65557  val 1.17828  lr 2.99e-03  0.2s  *
16:57:40 | INFO    | 16_gap_injection | dlinear_w48_H24_s1337 epoch   7/67  train 1.29618  val 0.90505  lr 2.98e-03  0.2s  *
16:57:40 | INFO    | 16_gap_injection | dlinear_w48_H24_s1337 epoch   8/67  train 0.98842  val 0.71738  lr 2.97e-03  0.2s  *
16:57:40 | INFO    | 16_gap_injection | dlinear_w48_H24_s1337 epoch   9/67  train 0.76089  val 0.58331  lr 2.96e-03  0.2s  *
16:57:41 | INFO    | 16_gap_injection | dlinear_w48_H24_s1337 epoch  10/67  train 0.59072  val 0.52992  lr 2.94e-03  0.2s  *
16:57:41 | INFO    | 16_gap_injection | dlinear_w48_H24_s1337 epoch  11/67  train 0.49202  val 0.48510  lr 2.91e-03  0.2s  *
16:57:41 | INFO    | 16_gap_injection | dlinear_w48_H24_s1337 epoch  12/67  train 0.43675  val 0.52646  lr 2.89e-03  0.2s
16:57:41 | INFO    | 16_gap_injection | dlinear_w48_H24_s1337 epoch  13/67  train 0.41916  val 0.55242  lr 2.86e-03  0.2s
16:57:42 | INFO    | 16_gap_injection | dlinear_w48_H24_s1337 epoch  14/67  train 0.41043  val 0.48896  lr 2.82e-03  0.2s
16:57:42 | INFO    | 16_gap_injection | dlinear_w48_H24_s1337 epoch  15/67  train 0.40624  val 0.49891  lr 2.79e-03  0.2s
16:57:42 | INFO    | 16_gap_injection | dlinear_w48_H24_s1337 epoch  16/67  train 0.40367  val 0.48553  lr 2.75e-03  0.2s
16:57:42 | INFO    | 16_gap_injection | dlinear_w48_H24_s1337 epoch  17/67  train 0.40126  val 0.54402  lr 2.71e-03  0.2s
16:57:42 | INFO    | 16_gap_injection | dlinear_w48_H24_s1337 epoch  18/67  train 0.39943  val 0.49257  lr 2.66e-03  0.2s
16:57:43 | INFO    | 16_gap_injection | dlinear_w48_H24_s1337 epoch  19/67  train 0.40423  val 0.51004  lr 2.61e-03  0.2s
16:57:43 | INFO    | 16_gap_injection | dlinear_w48_H24_s1337 epoch  20/67  train 0.40316  val 0.52039  lr 2.56e-03  0.2s
16:57:43 | INFO    | 16_gap_injection | dlinear_w48_H24_s1337 epoch  21/67  train 0.39882  val 0.57366  lr 2.51e-03  0.2s
16:57:43 | INFO    | 16_gap_injection | dlinear_w48_H24_s1337 epoch  22/67  train 0.40299  val 0.55286  lr 2.45e-03  0.2s
16:57:43 | INFO    | 16_gap_injection | dlinear_w48_H24_s1337 epoch  23/67  train 0.39980  val 0.53966  lr 2.40e-03  0.2s
16:57:44 | INFO    | 16_gap_injection | dlinear_w48_H24_s1337 epoch  24/67  train 0.39818  val 0.57439  lr 2.34e-03  0.2s
16:57:44 | INFO    | 16_gap_injection | dlinear_w48_H24_s1337 epoch  25/67  train 0.39853  val 0.48536  lr 2.27e-03  0.2s
16:57:44 | INFO    | 16_gap_injection | dlinear_w48_H24_s1337 epoch  26/67  train 0.39711  val 0.51676  lr 2.21e-03  0.2s
16:57:44 | INFO    | 16_gap_injection | dlinear_w48_H24_s1337 epoch  27/67  train 0.39538  val 0.55123  lr 2.14e-03  0.2s
16:57:44 | INFO    | 16_gap_injection | dlinear_w48_H24_s1337 epoch  28/67  train 0.39312  val 0.54845  lr 2.08e-03  0.2s
16:57:44 | INFO    | 16_gap_injection |     dlinear: 19426 windows, 76 steps/epoch -> 67 epochs (~5092 optimizer steps)
16:57:44 | INFO    | 16_gap_injection | dlinear_w48_H24_s2024: 1634 params | train 19426 windows, val 4404 | 76 steps/epoch | matrix 2.3 MB on device
16:57:45 | INFO    | 16_gap_injection | dlinear_w48_H24_s2024 epoch   1/67  train 3.42592  val 3.75640  lr 1.00e-03  0.2s  *
16:57:45 | INFO    | 16_gap_injection | dlinear_w48_H24_s2024 epoch   2/67  train 3.20240  val 2.59848  lr 2.00e-03  0.2s  *
16:57:45 | INFO    | 16_gap_injection | dlinear_w48_H24_s2024 epoch   3/67  train 2.86152  val 2.60020  lr 3.00e-03  0.2s
16:57:45 | INFO    | 16_gap_injection | dlinear_w48_H24_s2024 epoch   4/67  train 2.44693  val 2.19312  lr 3.00e-03  0.2s  *
16:57:46 | INFO    | 16_gap_injection | dlinear_w48_H24_s2024 epoch   5/67  train 2.04163  val 1.62914  lr 3.00e-03  0.2s  *
16:57:46 | INFO    | 16_gap_injection | dlinear_w48_H24_s2024 epoch   6/67  train 1.65619  val 1.12771  lr 2.99e-03  0.2s  *
16:57:46 | INFO    | 16_gap_injection | dlinear_w48_H24_s2024 epoch   7/67  train 1.30043  val 1.08320  lr 2.98e-03  0.2s  *
16:57:46 | INFO    | 16_gap_injection | dlinear_w48_H24_s2024 epoch   8/67  train 0.99636  val 0.69950  lr 2.97e-03  0.2s  *
16:57:46 | INFO    | 16_gap_injection | dlinear_w48_H24_s2024 epoch   9/67  train 0.75947  val 0.56868  lr 2.96e-03  0.2s  *
16:57:47 | INFO    | 16_gap_injection | dlinear_w48_H24_s2024 epoch  10/67  train 0.59050  val 0.55774  lr 2.94e-03  0.3s  *
16:57:47 | INFO    | 16_gap_injection | dlinear_w48_H24_s2024 epoch  11/67  train 0.50122  val 0.48036  lr 2.91e-03  0.3s  *
16:57:47 | INFO    | 16_gap_injection | dlinear_w48_H24_s2024 epoch  12/67  train 0.43645  val 0.50221  lr 2.89e-03  0.2s
16:57:47 | INFO    | 16_gap_injection | dlinear_w48_H24_s2024 epoch  13/67  train 0.42396  val 0.49738  lr 2.86e-03  0.2s
16:57:48 | INFO    | 16_gap_injection | dlinear_w48_H24_s2024 epoch  14/67  train 0.40930  val 0.52948  lr 2.82e-03  0.2s
16:57:48 | INFO    | 16_gap_injection | dlinear_w48_H24_s2024 epoch  15/67  train 0.41115  val 0.52332  lr 2.79e-03  0.2s
16:57:48 | INFO    | 16_gap_injection | dlinear_w48_H24_s2024 epoch  16/67  train 0.39741  val 0.48783  lr 2.75e-03  0.2s
16:57:48 | INFO    | 16_gap_injection | dlinear_w48_H24_s2024 epoch  17/67  train 0.41013  val 0.51987  lr 2.71e-03  0.2s
16:57:49 | INFO    | 16_gap_injection | dlinear_w48_H24_s2024 epoch  18/67  train 0.40029  val 0.56704  lr 2.66e-03  0.2s
16:57:49 | INFO    | 16_gap_injection | dlinear_w48_H24_s2024 epoch  19/67  train 0.40364  val 0.59153  lr 2.61e-03  0.2s
16:57:49 | INFO    | 16_gap_injection | dlinear_w48_H24_s2024 epoch  20/67  train 0.39929  val 0.51449  lr 2.56e-03  0.2s
16:57:49 | INFO    | 16_gap_injection | dlinear_w48_H24_s2024 epoch  21/67  train 0.40124  val 0.51475  lr 2.51e-03  0.2s
16:57:49 | INFO    | 16_gap_injection | dlinear_w48_H24_s2024 epoch  22/67  train 0.39815  val 0.49149  lr 2.45e-03  0.2s
16:57:50 | INFO    | 16_gap_injection | dlinear_w48_H24_s2024 epoch  23/67  train 0.39983  val 0.50980  lr 2.40e-03  0.2s
16:57:50 | INFO    | 16_gap_injection | dlinear_w48_H24_s2024 epoch  24/67  train 0.39670  val 0.53123  lr 2.34e-03  0.2s
16:57:50 | INFO    | 16_gap_injection | dlinear_w48_H24_s2024 epoch  25/67  train 0.39776  val 0.50310  lr 2.27e-03  0.2s
16:57:50 | INFO    | 16_gap_injection | dlinear_w48_H24_s2024 epoch  26/67  train 0.39705  val 0.52394  lr 2.21e-03  0.2s
16:57:50 | INFO    | 16_gap_injection | dlinear_w48_H24_s2024 epoch  27/67  train 0.39551  val 0.51639  lr 2.14e-03  0.2s
16:57:51 | INFO    | 16_gap_injection | dlinear_w48_H24_s2024 epoch  28/67  train 0.39545  val 0.52728  lr 2.08e-03  0.2s
16:57:51 | INFO    | 16_gap_injection |     dlinear          RMSE   90.17  skill +0.0505  (3 seeds)
16:57:51 | INFO    | 16_gap_injection | ==============================================================================
16:57:51 | INFO    | 16_gap_injection | [4/101] cell fragmented_cov0.95_s2024
16:57:51 | INFO    | 16_gap_injection |   removed 1173 h -> coverage 0.9500, 415 gaps (longest 313 h)
16:57:51 | INFO    | 16_gap_injection | contiguity: 64 runs after 3h ffill, longest 2481 h
16:57:51 | INFO    | 16_gap_injection | h=  1:  30653 valid rows  (rejected: no-run 914, short-history 2846, target-past-run-end 57, target-imputed 594)
16:57:51 | INFO    | 16_gap_injection | h=  3:  30542 valid rows  (rejected: no-run 914, short-history 2846, target-past-run-end 171, target-imputed 591)
16:57:51 | INFO    | 16_gap_injection | h=  6:  30377 valid rows  (rejected: no-run 914, short-history 2846, target-past-run-end 342, target-imputed 585)
16:57:51 | INFO    | 16_gap_injection | h= 12:  30039 valid rows  (rejected: no-run 914, short-history 2846, target-past-run-end 684, target-imputed 581)
16:57:51 | INFO    | 16_gap_injection | h= 24:  29380 valid rows  (rejected: no-run 914, short-history 2846, target-past-run-end 1354, target-imputed 570)
16:57:51 | INFO    | 16_gap_injection | built 91 predictor columns (max backward dependency 48 h)
16:57:51 | INFO    | 16_gap_injection | split: train 2013-02-28 to 2015-12-18, val to 2016-07-24, test to 2017-02-28 (chronological, no shuffling)
16:57:51 | INFO    | 16_gap_injection | h=  1: boundary purge removed 95 rows (30653 -> 30558)
16:57:51 | INFO    | 16_gap_injection | h=  3: boundary purge removed 99 rows (30542 -> 30443)
16:57:51 | INFO    | 16_gap_injection | h=  6: boundary purge removed 104 rows (30377 -> 30273)
16:57:51 | INFO    | 16_gap_injection | h= 12: boundary purge removed 116 rows (30039 -> 29923)
16:57:51 | INFO    | 16_gap_injection | h= 24: boundary purge removed 140 rows (29380 -> 29240)
16:57:51 | INFO    | 16_gap_injection | scaler fitted on 24545 training rows over 91 predictors
16:57:51 | INFO    | 16_gap_injection | wrote F:\BUP\data\interim\beijing\ablation_R72\fragmented_cov0.95_s2024\processed\features.parquet (35064 rows, 153 cols)
16:57:51 | INFO    | 16_gap_injection |   usable rows h=24: train 20279, val 4347, test 4614
16:57:51 | INFO    | 16_gap_injection |     persistence      RMSE   94.96  skill +0.0000
16:57:51 | INFO    | 16_gap_injection |     climatology      RMSE   92.68  skill +0.0241
16:57:51 | INFO    | 16_gap_injection |     ridge            RMSE   85.36  skill +0.1011
16:57:55 | INFO    | 16_gap_injection |     random_forest    RMSE   85.15  skill +0.1034
16:57:56 | INFO    | 16_gap_injection |     xgboost          RMSE   84.67  skill +0.1084
16:57:59 | INFO    | 16_gap_injection |     lightgbm         RMSE   84.39  skill +0.1114
16:57:59 | INFO    | 16_gap_injection |     gru_h64_l2: 20279 windows, 80 steps/epoch -> 64 epochs (~5120 optimizer steps)
16:57:59 | INFO    | 16_gap_injection | gru_h64_l2_w48_H24_s42: 40961 params | train 20279 windows, val 4347 | 80 steps/epoch | matrix 2.3 MB on device
16:57:59 | INFO    | 16_gap_injection | gru_h64_l2_w48_H24_s42 epoch   1/64  train 1.07071  val 0.50161  lr 1.00e-03  0.6s  *
16:58:00 | INFO    | 16_gap_injection | gru_h64_l2_w48_H24_s42 epoch   2/64  train 0.41125  val 0.46107  lr 2.00e-03  0.4s  *
16:58:00 | INFO    | 16_gap_injection | gru_h64_l2_w48_H24_s42 epoch   3/64  train 0.39304  val 0.48462  lr 3.00e-03  0.4s
16:58:01 | INFO    | 16_gap_injection | gru_h64_l2_w48_H24_s42 epoch   4/64  train 0.37154  val 0.48458  lr 3.00e-03  0.4s
16:58:01 | INFO    | 16_gap_injection | gru_h64_l2_w48_H24_s42 epoch   5/64  train 0.34573  val 0.51321  lr 3.00e-03  0.4s
16:58:01 | INFO    | 16_gap_injection | gru_h64_l2_w48_H24_s42 epoch   6/64  train 0.31353  val 0.46054  lr 2.99e-03  0.4s  *
16:58:02 | INFO    | 16_gap_injection | gru_h64_l2_w48_H24_s42 epoch   7/64  train 0.27794  val 0.53100  lr 2.98e-03  0.4s
16:58:02 | INFO    | 16_gap_injection | gru_h64_l2_w48_H24_s42 epoch   8/64  train 0.24028  val 0.56476  lr 2.97e-03  0.4s
16:58:03 | INFO    | 16_gap_injection | gru_h64_l2_w48_H24_s42 epoch   9/64  train 0.20837  val 0.58964  lr 2.95e-03  0.4s
16:58:03 | INFO    | 16_gap_injection | gru_h64_l2_w48_H24_s42 epoch  10/64  train 0.18939  val 0.58297  lr 2.93e-03  0.4s
16:58:03 | INFO    | 16_gap_injection | gru_h64_l2_w48_H24_s42 epoch  11/64  train 0.16437  val 0.60054  lr 2.90e-03  0.4s
16:58:04 | INFO    | 16_gap_injection | gru_h64_l2_w48_H24_s42 epoch  12/64  train 0.14963  val 0.59888  lr 2.87e-03  0.4s
16:58:04 | INFO    | 16_gap_injection | gru_h64_l2_w48_H24_s42 epoch  13/64  train 0.14003  val 0.61884  lr 2.84e-03  0.4s
16:58:04 | INFO    | 16_gap_injection | gru_h64_l2_w48_H24_s42 epoch  14/64  train 0.13166  val 0.56340  lr 2.81e-03  0.4s
16:58:05 | INFO    | 16_gap_injection | gru_h64_l2_w48_H24_s42 epoch  15/64  train 0.12119  val 0.62072  lr 2.77e-03  0.4s
16:58:05 | INFO    | 16_gap_injection | gru_h64_l2_w48_H24_s42 epoch  16/64  train 0.11367  val 0.60541  lr 2.72e-03  0.4s
16:58:06 | INFO    | 16_gap_injection | gru_h64_l2_w48_H24_s42 epoch  17/64  train 0.11138  val 0.58087  lr 2.68e-03  0.4s
16:58:06 | INFO    | 16_gap_injection | gru_h64_l2_w48_H24_s42 epoch  18/64  train 0.10300  val 0.60353  lr 2.63e-03  0.4s
16:58:06 | INFO    | 16_gap_injection | gru_h64_l2_w48_H24_s42 epoch  19/64  train 0.10224  val 0.59041  lr 2.58e-03  0.4s
16:58:07 | INFO    | 16_gap_injection | gru_h64_l2_w48_H24_s42 epoch  20/64  train 0.09835  val 0.59489  lr 2.52e-03  0.4s
16:58:07 | INFO    | 16_gap_injection | gru_h64_l2_w48_H24_s42 epoch  21/64  train 0.09671  val 0.58522  lr 2.46e-03  0.4s
16:58:08 | INFO    | 16_gap_injection | gru_h64_l2_w48_H24_s42 epoch  22/64  train 0.09338  val 0.61293  lr 2.40e-03  0.4s
16:58:08 | INFO    | 16_gap_injection |     gru_h64_l2: 20279 windows, 80 steps/epoch -> 64 epochs (~5120 optimizer steps)
16:58:08 | INFO    | 16_gap_injection | gru_h64_l2_w48_H24_s1337: 40961 params | train 20279 windows, val 4347 | 80 steps/epoch | matrix 2.3 MB on device
16:58:08 | INFO    | 16_gap_injection | gru_h64_l2_w48_H24_s1337 epoch   1/64  train 0.97994  val 0.50292  lr 1.00e-03  0.4s  *
16:58:08 | INFO    | 16_gap_injection | gru_h64_l2_w48_H24_s1337 epoch   2/64  train 0.41067  val 0.52611  lr 2.00e-03  0.4s
16:58:09 | INFO    | 16_gap_injection | gru_h64_l2_w48_H24_s1337 epoch   3/64  train 0.39297  val 0.50423  lr 3.00e-03  0.4s
16:58:09 | INFO    | 16_gap_injection | gru_h64_l2_w48_H24_s1337 epoch   4/64  train 0.36889  val 0.48913  lr 3.00e-03  0.4s  *
16:58:10 | INFO    | 16_gap_injection | gru_h64_l2_w48_H24_s1337 epoch   5/64  train 0.33687  val 0.48490  lr 3.00e-03  0.4s  *
16:58:10 | INFO    | 16_gap_injection | gru_h64_l2_w48_H24_s1337 epoch   6/64  train 0.30138  val 0.50704  lr 2.99e-03  0.4s
16:58:10 | INFO    | 16_gap_injection | gru_h64_l2_w48_H24_s1337 epoch   7/64  train 0.24801  val 0.55772  lr 2.98e-03  0.4s
16:58:11 | INFO    | 16_gap_injection | gru_h64_l2_w48_H24_s1337 epoch   8/64  train 0.22356  val 0.53539  lr 2.97e-03  0.5s
16:58:11 | INFO    | 16_gap_injection | gru_h64_l2_w48_H24_s1337 epoch   9/64  train 0.19126  val 0.54951  lr 2.95e-03  0.5s
16:58:12 | INFO    | 16_gap_injection | gru_h64_l2_w48_H24_s1337 epoch  10/64  train 0.16476  val 0.57423  lr 2.93e-03  0.4s
16:58:12 | INFO    | 16_gap_injection | gru_h64_l2_w48_H24_s1337 epoch  11/64  train 0.14769  val 0.59559  lr 2.90e-03  0.4s
16:58:13 | INFO    | 16_gap_injection | gru_h64_l2_w48_H24_s1337 epoch  12/64  train 0.13767  val 0.58390  lr 2.87e-03  0.4s
16:58:13 | INFO    | 16_gap_injection | gru_h64_l2_w48_H24_s1337 epoch  13/64  train 0.12518  val 0.60052  lr 2.84e-03  0.4s
16:58:13 | INFO    | 16_gap_injection | gru_h64_l2_w48_H24_s1337 epoch  14/64  train 0.12094  val 0.62234  lr 2.81e-03  0.4s
16:58:14 | INFO    | 16_gap_injection | gru_h64_l2_w48_H24_s1337 epoch  15/64  train 0.11461  val 0.59888  lr 2.77e-03  0.4s
16:58:14 | INFO    | 16_gap_injection | gru_h64_l2_w48_H24_s1337 epoch  16/64  train 0.10890  val 0.60828  lr 2.72e-03  0.3s
16:58:14 | INFO    | 16_gap_injection | gru_h64_l2_w48_H24_s1337 epoch  17/64  train 0.10301  val 0.58966  lr 2.68e-03  0.4s
16:58:15 | INFO    | 16_gap_injection | gru_h64_l2_w48_H24_s1337 epoch  18/64  train 0.09877  val 0.58179  lr 2.63e-03  0.4s
16:58:15 | INFO    | 16_gap_injection | gru_h64_l2_w48_H24_s1337 epoch  19/64  train 0.09667  val 0.59185  lr 2.58e-03  0.4s
16:58:16 | INFO    | 16_gap_injection | gru_h64_l2_w48_H24_s1337 epoch  20/64  train 0.09499  val 0.56005  lr 2.52e-03  0.3s
16:58:16 | INFO    | 16_gap_injection | gru_h64_l2_w48_H24_s1337 epoch  21/64  train 0.09210  val 0.57979  lr 2.46e-03  0.4s
16:58:16 | INFO    | 16_gap_injection |     gru_h64_l2: 20279 windows, 80 steps/epoch -> 64 epochs (~5120 optimizer steps)
16:58:16 | INFO    | 16_gap_injection | gru_h64_l2_w48_H24_s2024: 40961 params | train 20279 windows, val 4347 | 80 steps/epoch | matrix 2.3 MB on device
16:58:16 | INFO    | 16_gap_injection | gru_h64_l2_w48_H24_s2024 epoch   1/64  train 1.15530  val 0.50103  lr 1.00e-03  0.4s  *
16:58:17 | INFO    | 16_gap_injection | gru_h64_l2_w48_H24_s2024 epoch   2/64  train 0.41317  val 0.45801  lr 2.00e-03  0.4s  *
16:58:17 | INFO    | 16_gap_injection | gru_h64_l2_w48_H24_s2024 epoch   3/64  train 0.39140  val 0.51119  lr 3.00e-03  0.4s
16:58:18 | INFO    | 16_gap_injection | gru_h64_l2_w48_H24_s2024 epoch   4/64  train 0.36202  val 0.61343  lr 3.00e-03  0.6s
16:58:18 | INFO    | 16_gap_injection | gru_h64_l2_w48_H24_s2024 epoch   5/64  train 0.33446  val 0.52192  lr 3.00e-03  0.6s
16:58:19 | INFO    | 16_gap_injection | gru_h64_l2_w48_H24_s2024 epoch   6/64  train 0.29019  val 0.56593  lr 2.99e-03  0.5s
16:58:19 | INFO    | 16_gap_injection | gru_h64_l2_w48_H24_s2024 epoch   7/64  train 0.24880  val 0.58281  lr 2.98e-03  0.5s
16:58:20 | INFO    | 16_gap_injection | gru_h64_l2_w48_H24_s2024 epoch   8/64  train 0.21896  val 0.55350  lr 2.97e-03  0.4s
16:58:20 | INFO    | 16_gap_injection | gru_h64_l2_w48_H24_s2024 epoch   9/64  train 0.18426  val 0.59609  lr 2.95e-03  0.4s
16:58:21 | INFO    | 16_gap_injection | gru_h64_l2_w48_H24_s2024 epoch  10/64  train 0.16620  val 0.57130  lr 2.93e-03  0.4s
16:58:21 | INFO    | 16_gap_injection | gru_h64_l2_w48_H24_s2024 epoch  11/64  train 0.14886  val 0.62120  lr 2.90e-03  0.4s
16:58:21 | INFO    | 16_gap_injection | gru_h64_l2_w48_H24_s2024 epoch  12/64  train 0.13989  val 0.60503  lr 2.87e-03  0.4s
16:58:22 | INFO    | 16_gap_injection | gru_h64_l2_w48_H24_s2024 epoch  13/64  train 0.13180  val 0.60293  lr 2.84e-03  0.4s
16:58:22 | INFO    | 16_gap_injection | gru_h64_l2_w48_H24_s2024 epoch  14/64  train 0.11933  val 0.62132  lr 2.81e-03  0.4s
16:58:23 | INFO    | 16_gap_injection | gru_h64_l2_w48_H24_s2024 epoch  15/64  train 0.11731  val 0.61347  lr 2.77e-03  0.4s
16:58:23 | INFO    | 16_gap_injection | gru_h64_l2_w48_H24_s2024 epoch  16/64  train 0.11295  val 0.61322  lr 2.72e-03  0.4s
16:58:23 | INFO    | 16_gap_injection | gru_h64_l2_w48_H24_s2024 epoch  17/64  train 0.10777  val 0.57859  lr 2.68e-03  0.4s
16:58:24 | INFO    | 16_gap_injection | gru_h64_l2_w48_H24_s2024 epoch  18/64  train 0.10480  val 0.59576  lr 2.63e-03  0.4s
16:58:24 | INFO    | 16_gap_injection | gru_h64_l2_w48_H24_s2024 epoch  19/64  train 0.10037  val 0.62337  lr 2.58e-03  0.4s
16:58:25 | INFO    | 16_gap_injection | gru_h64_l2_w48_H24_s2024 epoch  20/64  train 0.09362  val 0.60816  lr 2.52e-03  0.4s
16:58:25 | INFO    | 16_gap_injection | gru_h64_l2_w48_H24_s2024 epoch  21/64  train 0.09264  val 0.62417  lr 2.46e-03  0.4s
16:58:25 | INFO    | 16_gap_injection |     gru_h64_l2       RMSE   87.05  skill +0.0833  (3 seeds)
16:58:25 | INFO    | 16_gap_injection |     lstm_h64_l1: 20279 windows, 80 steps/epoch -> 64 epochs (~5120 optimizer steps)
16:58:25 | INFO    | 16_gap_injection | lstm_h64_l1_w48_H24_s42: 21313 params | train 20279 windows, val 4347 | 80 steps/epoch | matrix 2.3 MB on device
16:58:25 | INFO    | 16_gap_injection | lstm_h64_l1_w48_H24_s42 epoch   1/64  train 1.50656  val 0.45598  lr 1.00e-03  0.3s  *
16:58:26 | INFO    | 16_gap_injection | lstm_h64_l1_w48_H24_s42 epoch   2/64  train 0.42000  val 0.45447  lr 2.00e-03  0.3s  *
16:58:26 | INFO    | 16_gap_injection | lstm_h64_l1_w48_H24_s42 epoch   3/64  train 0.40685  val 0.46361  lr 3.00e-03  0.3s
16:58:26 | INFO    | 16_gap_injection | lstm_h64_l1_w48_H24_s42 epoch   4/64  train 0.39438  val 0.46464  lr 3.00e-03  0.3s
16:58:27 | INFO    | 16_gap_injection | lstm_h64_l1_w48_H24_s42 epoch   5/64  train 0.38253  val 0.46074  lr 3.00e-03  0.3s
16:58:27 | INFO    | 16_gap_injection | lstm_h64_l1_w48_H24_s42 epoch   6/64  train 0.36958  val 0.46214  lr 2.99e-03  0.3s
16:58:27 | INFO    | 16_gap_injection | lstm_h64_l1_w48_H24_s42 epoch   7/64  train 0.35230  val 0.50277  lr 2.98e-03  0.3s
16:58:28 | INFO    | 16_gap_injection | lstm_h64_l1_w48_H24_s42 epoch   8/64  train 0.33624  val 0.54184  lr 2.97e-03  0.4s
16:58:28 | INFO    | 16_gap_injection | lstm_h64_l1_w48_H24_s42 epoch   9/64  train 0.32066  val 0.49447  lr 2.95e-03  0.4s
16:58:29 | INFO    | 16_gap_injection | lstm_h64_l1_w48_H24_s42 epoch  10/64  train 0.30413  val 0.56262  lr 2.93e-03  0.3s
16:58:29 | INFO    | 16_gap_injection | lstm_h64_l1_w48_H24_s42 epoch  11/64  train 0.28688  val 0.55968  lr 2.90e-03  0.3s
16:58:29 | INFO    | 16_gap_injection | lstm_h64_l1_w48_H24_s42 epoch  12/64  train 0.28383  val 0.53936  lr 2.87e-03  0.4s
16:58:30 | INFO    | 16_gap_injection | lstm_h64_l1_w48_H24_s42 epoch  13/64  train 0.26128  val 0.53310  lr 2.84e-03  0.3s
16:58:30 | INFO    | 16_gap_injection | lstm_h64_l1_w48_H24_s42 epoch  14/64  train 0.24863  val 0.53450  lr 2.81e-03  0.3s
16:58:30 | INFO    | 16_gap_injection | lstm_h64_l1_w48_H24_s42 epoch  15/64  train 0.24053  val 0.53479  lr 2.77e-03  0.4s
16:58:31 | INFO    | 16_gap_injection | lstm_h64_l1_w48_H24_s42 epoch  16/64  train 0.22643  val 0.52944  lr 2.72e-03  0.4s
16:58:31 | INFO    | 16_gap_injection | lstm_h64_l1_w48_H24_s42 epoch  17/64  train 0.22306  val 0.54448  lr 2.68e-03  0.4s
16:58:32 | INFO    | 16_gap_injection | lstm_h64_l1_w48_H24_s42 epoch  18/64  train 0.21931  val 0.54467  lr 2.63e-03  0.4s
16:58:32 | INFO    | 16_gap_injection | lstm_h64_l1_w48_H24_s42 epoch  19/64  train 0.20350  val 0.52710  lr 2.58e-03  0.4s
16:58:32 | INFO    | 16_gap_injection | lstm_h64_l1_w48_H24_s42 epoch  20/64  train 0.18749  val 0.55017  lr 2.52e-03  0.4s
16:58:33 | INFO    | 16_gap_injection | lstm_h64_l1_w48_H24_s42 epoch  21/64  train 0.18149  val 0.55408  lr 2.46e-03  0.5s
16:58:33 | INFO    | 16_gap_injection |     lstm_h64_l1: 20279 windows, 80 steps/epoch -> 64 epochs (~5120 optimizer steps)
16:58:33 | INFO    | 16_gap_injection | lstm_h64_l1_w48_H24_s1337: 21313 params | train 20279 windows, val 4347 | 80 steps/epoch | matrix 2.3 MB on device
16:58:33 | INFO    | 16_gap_injection | lstm_h64_l1_w48_H24_s1337 epoch   1/64  train 1.50132  val 0.45801  lr 1.00e-03  0.4s  *
16:58:34 | INFO    | 16_gap_injection | lstm_h64_l1_w48_H24_s1337 epoch   2/64  train 0.41739  val 0.47469  lr 2.00e-03  0.4s
16:58:34 | INFO    | 16_gap_injection | lstm_h64_l1_w48_H24_s1337 epoch   3/64  train 0.39684  val 0.44947  lr 3.00e-03  0.4s  *
16:58:35 | INFO    | 16_gap_injection | lstm_h64_l1_w48_H24_s1337 epoch   4/64  train 0.38403  val 0.49604  lr 3.00e-03  0.4s
16:58:35 | INFO    | 16_gap_injection | lstm_h64_l1_w48_H24_s1337 epoch   5/64  train 0.37021  val 0.48149  lr 3.00e-03  0.4s
16:58:35 | INFO    | 16_gap_injection | lstm_h64_l1_w48_H24_s1337 epoch   6/64  train 0.36184  val 0.46646  lr 2.99e-03  0.5s
16:58:36 | INFO    | 16_gap_injection | lstm_h64_l1_w48_H24_s1337 epoch   7/64  train 0.34240  val 0.50770  lr 2.98e-03  0.5s
16:58:36 | INFO    | 16_gap_injection | lstm_h64_l1_w48_H24_s1337 epoch   8/64  train 0.33346  val 0.46867  lr 2.97e-03  0.4s
16:58:37 | INFO    | 16_gap_injection | lstm_h64_l1_w48_H24_s1337 epoch   9/64  train 0.31992  val 0.51606  lr 2.95e-03  0.4s
16:58:37 | INFO    | 16_gap_injection | lstm_h64_l1_w48_H24_s1337 epoch  10/64  train 0.30182  val 0.50107  lr 2.93e-03  0.4s
16:58:38 | INFO    | 16_gap_injection | lstm_h64_l1_w48_H24_s1337 epoch  11/64  train 0.28753  val 0.49279  lr 2.90e-03  0.4s
16:58:38 | INFO    | 16_gap_injection | lstm_h64_l1_w48_H24_s1337 epoch  12/64  train 0.27369  val 0.53527  lr 2.87e-03  0.4s
16:58:38 | INFO    | 16_gap_injection | lstm_h64_l1_w48_H24_s1337 epoch  13/64  train 0.26191  val 0.50271  lr 2.84e-03  0.4s
16:58:39 | INFO    | 16_gap_injection | lstm_h64_l1_w48_H24_s1337 epoch  14/64  train 0.24991  val 0.54939  lr 2.81e-03  0.5s
16:58:39 | INFO    | 16_gap_injection | lstm_h64_l1_w48_H24_s1337 epoch  15/64  train 0.23133  val 0.53537  lr 2.77e-03  0.4s
16:58:40 | INFO    | 16_gap_injection | lstm_h64_l1_w48_H24_s1337 epoch  16/64  train 0.22003  val 0.57271  lr 2.72e-03  0.4s
16:58:40 | INFO    | 16_gap_injection | lstm_h64_l1_w48_H24_s1337 epoch  17/64  train 0.21288  val 0.52731  lr 2.68e-03  0.4s
16:58:40 | INFO    | 16_gap_injection | lstm_h64_l1_w48_H24_s1337 epoch  18/64  train 0.20300  val 0.54862  lr 2.63e-03  0.4s
16:58:41 | INFO    | 16_gap_injection | lstm_h64_l1_w48_H24_s1337 epoch  19/64  train 0.18919  val 0.54297  lr 2.58e-03  0.5s
16:58:41 | INFO    | 16_gap_injection | lstm_h64_l1_w48_H24_s1337 epoch  20/64  train 0.18115  val 0.50319  lr 2.52e-03  0.5s
16:58:42 | INFO    | 16_gap_injection | lstm_h64_l1_w48_H24_s1337 epoch  21/64  train 0.17251  val 0.55301  lr 2.46e-03  0.4s
16:58:42 | INFO    | 16_gap_injection |     lstm_h64_l1: 20279 windows, 80 steps/epoch -> 64 epochs (~5120 optimizer steps)
16:58:42 | INFO    | 16_gap_injection | lstm_h64_l1_w48_H24_s2024: 21313 params | train 20279 windows, val 4347 | 80 steps/epoch | matrix 2.3 MB on device
16:58:42 | INFO    | 16_gap_injection | lstm_h64_l1_w48_H24_s2024 epoch   1/64  train 1.51155  val 0.50696  lr 1.00e-03  0.4s  *
16:58:43 | INFO    | 16_gap_injection | lstm_h64_l1_w48_H24_s2024 epoch   2/64  train 0.42496  val 0.45839  lr 2.00e-03  0.4s  *
16:58:43 | INFO    | 16_gap_injection | lstm_h64_l1_w48_H24_s2024 epoch   3/64  train 0.40464  val 0.51152  lr 3.00e-03  0.5s
16:58:44 | INFO    | 16_gap_injection | lstm_h64_l1_w48_H24_s2024 epoch   4/64  train 0.39580  val 0.50738  lr 3.00e-03  0.4s
16:58:44 | INFO    | 16_gap_injection | lstm_h64_l1_w48_H24_s2024 epoch   5/64  train 0.38181  val 0.47412  lr 3.00e-03  0.4s
16:58:45 | INFO    | 16_gap_injection | lstm_h64_l1_w48_H24_s2024 epoch   6/64  train 0.36701  val 0.47995  lr 2.99e-03  0.4s
16:58:45 | INFO    | 16_gap_injection | lstm_h64_l1_w48_H24_s2024 epoch   7/64  train 0.35422  val 0.51445  lr 2.98e-03  0.4s
16:58:45 | INFO    | 16_gap_injection | lstm_h64_l1_w48_H24_s2024 epoch   8/64  train 0.33895  val 0.49243  lr 2.97e-03  0.4s
16:58:46 | INFO    | 16_gap_injection | lstm_h64_l1_w48_H24_s2024 epoch   9/64  train 0.32360  val 0.47002  lr 2.95e-03  0.4s
16:58:46 | INFO    | 16_gap_injection | lstm_h64_l1_w48_H24_s2024 epoch  10/64  train 0.31514  val 0.45975  lr 2.93e-03  0.4s
16:58:47 | INFO    | 16_gap_injection | lstm_h64_l1_w48_H24_s2024 epoch  11/64  train 0.29683  val 0.52321  lr 2.90e-03  0.4s
16:58:47 | INFO    | 16_gap_injection | lstm_h64_l1_w48_H24_s2024 epoch  12/64  train 0.28394  val 0.51413  lr 2.87e-03  0.3s
16:58:47 | INFO    | 16_gap_injection | lstm_h64_l1_w48_H24_s2024 epoch  13/64  train 0.27096  val 0.50737  lr 2.84e-03  0.3s
16:58:48 | INFO    | 16_gap_injection | lstm_h64_l1_w48_H24_s2024 epoch  14/64  train 0.25324  val 0.46576  lr 2.81e-03  0.3s
16:58:48 | INFO    | 16_gap_injection | lstm_h64_l1_w48_H24_s2024 epoch  15/64  train 0.24516  val 0.48168  lr 2.77e-03  0.4s
16:58:48 | INFO    | 16_gap_injection | lstm_h64_l1_w48_H24_s2024 epoch  16/64  train 0.22935  val 0.51196  lr 2.72e-03  0.4s
16:58:49 | INFO    | 16_gap_injection | lstm_h64_l1_w48_H24_s2024 epoch  17/64  train 0.21318  val 0.49913  lr 2.68e-03  0.3s
16:58:49 | INFO    | 16_gap_injection | lstm_h64_l1_w48_H24_s2024 epoch  18/64  train 0.20850  val 0.50129  lr 2.63e-03  0.3s
16:58:49 | INFO    | 16_gap_injection | lstm_h64_l1_w48_H24_s2024 epoch  19/64  train 0.19624  val 0.54106  lr 2.58e-03  0.5s
16:58:50 | INFO    | 16_gap_injection | lstm_h64_l1_w48_H24_s2024 epoch  20/64  train 0.18854  val 0.54928  lr 2.52e-03  0.4s
16:58:50 | INFO    | 16_gap_injection | lstm_h64_l1_w48_H24_s2024 epoch  21/64  train 0.18059  val 0.53660  lr 2.46e-03  0.4s
16:58:50 | INFO    | 16_gap_injection |     lstm_h64_l1      RMSE   81.06  skill +0.1464  (3 seeds)
16:58:50 | INFO    | 16_gap_injection |     dlinear: 20279 windows, 80 steps/epoch -> 64 epochs (~5120 optimizer steps)
16:58:50 | INFO    | 16_gap_injection | dlinear_w48_H24_s42: 1634 params | train 20279 windows, val 4347 | 80 steps/epoch | matrix 2.3 MB on device
16:58:51 | INFO    | 16_gap_injection | dlinear_w48_H24_s42 epoch   1/64  train 3.34069  val 2.82142  lr 1.00e-03  0.2s  *
16:58:51 | INFO    | 16_gap_injection | dlinear_w48_H24_s42 epoch   2/64  train 3.08657  val 2.47148  lr 2.00e-03  0.2s  *
16:58:51 | INFO    | 16_gap_injection | dlinear_w48_H24_s42 epoch   3/64  train 2.72462  val 1.83324  lr 3.00e-03  0.2s  *
16:58:51 | INFO    | 16_gap_injection | dlinear_w48_H24_s42 epoch   4/64  train 2.29522  val 1.61005  lr 3.00e-03  0.2s  *
16:58:52 | INFO    | 16_gap_injection | dlinear_w48_H24_s42 epoch   5/64  train 1.88189  val 1.21973  lr 3.00e-03  0.2s  *
16:58:52 | INFO    | 16_gap_injection | dlinear_w48_H24_s42 epoch   6/64  train 1.47832  val 0.99960  lr 2.99e-03  0.3s  *
16:58:52 | INFO    | 16_gap_injection | dlinear_w48_H24_s42 epoch   7/64  train 1.12721  val 0.82240  lr 2.98e-03  0.3s  *
16:58:53 | INFO    | 16_gap_injection | dlinear_w48_H24_s42 epoch   8/64  train 0.85129  val 0.55942  lr 2.97e-03  0.3s  *
16:58:53 | INFO    | 16_gap_injection | dlinear_w48_H24_s42 epoch   9/64  train 0.65096  val 0.52930  lr 2.95e-03  0.3s  *
16:58:53 | INFO    | 16_gap_injection | dlinear_w48_H24_s42 epoch  10/64  train 0.54315  val 0.49100  lr 2.93e-03  0.3s  *
16:58:54 | INFO    | 16_gap_injection | dlinear_w48_H24_s42 epoch  11/64  train 0.46733  val 0.47747  lr 2.90e-03  0.3s  *
16:58:54 | INFO    | 16_gap_injection | dlinear_w48_H24_s42 epoch  12/64  train 0.43390  val 0.49949  lr 2.87e-03  0.3s
16:58:54 | INFO    | 16_gap_injection | dlinear_w48_H24_s42 epoch  13/64  train 0.41924  val 0.47167  lr 2.84e-03  0.2s  *
16:58:54 | INFO    | 16_gap_injection | dlinear_w48_H24_s42 epoch  14/64  train 0.41188  val 0.50229  lr 2.81e-03  0.3s
16:58:55 | INFO    | 16_gap_injection | dlinear_w48_H24_s42 epoch  15/64  train 0.41021  val 0.55045  lr 2.77e-03  0.3s
16:58:55 | INFO    | 16_gap_injection | dlinear_w48_H24_s42 epoch  16/64  train 0.41221  val 0.51089  lr 2.72e-03  0.3s
16:58:55 | INFO    | 16_gap_injection | dlinear_w48_H24_s42 epoch  17/64  train 0.41352  val 0.59521  lr 2.68e-03  0.4s
16:58:56 | INFO    | 16_gap_injection | dlinear_w48_H24_s42 epoch  18/64  train 0.40915  val 0.51320  lr 2.63e-03  0.3s
16:58:56 | INFO    | 16_gap_injection | dlinear_w48_H24_s42 epoch  19/64  train 0.40893  val 0.52546  lr 2.58e-03  0.3s
16:58:56 | INFO    | 16_gap_injection | dlinear_w48_H24_s42 epoch  20/64  train 0.40912  val 0.46266  lr 2.52e-03  0.3s  *
16:58:57 | INFO    | 16_gap_injection | dlinear_w48_H24_s42 epoch  21/64  train 0.40993  val 0.59801  lr 2.46e-03  0.3s
16:58:57 | INFO    | 16_gap_injection | dlinear_w48_H24_s42 epoch  22/64  train 0.40700  val 0.48839  lr 2.40e-03  0.3s
16:58:57 | INFO    | 16_gap_injection | dlinear_w48_H24_s42 epoch  23/64  train 0.40643  val 0.48564  lr 2.34e-03  0.3s
16:58:57 | INFO    | 16_gap_injection | dlinear_w48_H24_s42 epoch  24/64  train 0.40458  val 0.47142  lr 2.27e-03  0.3s
16:58:58 | INFO    | 16_gap_injection | dlinear_w48_H24_s42 epoch  25/64  train 0.40430  val 0.47759  lr 2.21e-03  0.3s
16:58:58 | INFO    | 16_gap_injection | dlinear_w48_H24_s42 epoch  26/64  train 0.40714  val 0.51089  lr 2.14e-03  0.3s
16:58:58 | INFO    | 16_gap_injection | dlinear_w48_H24_s42 epoch  27/64  train 0.39948  val 0.52523  lr 2.07e-03  0.3s
16:58:59 | INFO    | 16_gap_injection | dlinear_w48_H24_s42 epoch  28/64  train 0.40250  val 0.50529  lr 2.00e-03  0.3s
16:58:59 | INFO    | 16_gap_injection | dlinear_w48_H24_s42 epoch  29/64  train 0.40015  val 0.47550  lr 1.92e-03  0.3s
16:58:59 | INFO    | 16_gap_injection | dlinear_w48_H24_s42 epoch  30/64  train 0.39814  val 0.47358  lr 1.85e-03  0.3s
16:58:59 | INFO    | 16_gap_injection | dlinear_w48_H24_s42 epoch  31/64  train 0.40074  val 0.47024  lr 1.77e-03  0.3s
16:59:00 | INFO    | 16_gap_injection | dlinear_w48_H24_s42 epoch  32/64  train 0.39800  val 0.48631  lr 1.70e-03  0.2s
16:59:00 | INFO    | 16_gap_injection | dlinear_w48_H24_s42 epoch  33/64  train 0.39529  val 0.49802  lr 1.62e-03  0.3s
16:59:00 | INFO    | 16_gap_injection | dlinear_w48_H24_s42 epoch  34/64  train 0.39619  val 0.46920  lr 1.54e-03  0.2s
16:59:01 | INFO    | 16_gap_injection | dlinear_w48_H24_s42 epoch  35/64  train 0.39574  val 0.47410  lr 1.47e-03  0.2s
16:59:01 | INFO    | 16_gap_injection | dlinear_w48_H24_s42 epoch  36/64  train 0.39547  val 0.53898  lr 1.39e-03  0.3s
16:59:01 | INFO    | 16_gap_injection |     dlinear: 20279 windows, 80 steps/epoch -> 64 epochs (~5120 optimizer steps)
16:59:01 | INFO    | 16_gap_injection | dlinear_w48_H24_s1337: 1634 params | train 20279 windows, val 4347 | 80 steps/epoch | matrix 2.3 MB on device
16:59:01 | INFO    | 16_gap_injection | dlinear_w48_H24_s1337 epoch   1/64  train 3.42437  val 3.08131  lr 1.00e-03  0.3s  *
16:59:02 | INFO    | 16_gap_injection | dlinear_w48_H24_s1337 epoch   2/64  train 3.17809  val 2.38414  lr 2.00e-03  0.3s  *
16:59:02 | INFO    | 16_gap_injection | dlinear_w48_H24_s1337 epoch   3/64  train 2.80573  val 2.19912  lr 3.00e-03  0.3s  *
16:59:02 | INFO    | 16_gap_injection | dlinear_w48_H24_s1337 epoch   4/64  train 2.37687  val 1.85428  lr 3.00e-03  0.3s  *
16:59:02 | INFO    | 16_gap_injection | dlinear_w48_H24_s1337 epoch   5/64  train 1.95157  val 1.41263  lr 3.00e-03  0.3s  *
16:59:03 | INFO    | 16_gap_injection | dlinear_w48_H24_s1337 epoch   6/64  train 1.54764  val 1.06891  lr 2.99e-03  0.2s  *
16:59:03 | INFO    | 16_gap_injection | dlinear_w48_H24_s1337 epoch   7/64  train 1.18663  val 0.78914  lr 2.98e-03  0.3s  *
16:59:03 | INFO    | 16_gap_injection | dlinear_w48_H24_s1337 epoch   8/64  train 0.89917  val 0.60156  lr 2.97e-03  0.3s  *
16:59:04 | INFO    | 16_gap_injection | dlinear_w48_H24_s1337 epoch   9/64  train 0.68381  val 0.51017  lr 2.95e-03  0.3s  *
16:59:04 | INFO    | 16_gap_injection | dlinear_w48_H24_s1337 epoch  10/64  train 0.54539  val 0.48156  lr 2.93e-03  0.3s  *
16:59:04 | INFO    | 16_gap_injection | dlinear_w48_H24_s1337 epoch  11/64  train 0.47123  val 0.45608  lr 2.90e-03  0.3s  *
16:59:04 | INFO    | 16_gap_injection | dlinear_w48_H24_s1337 epoch  12/64  train 0.43715  val 0.48199  lr 2.87e-03  0.2s
16:59:05 | INFO    | 16_gap_injection | dlinear_w48_H24_s1337 epoch  13/64  train 0.41810  val 0.49996  lr 2.84e-03  0.2s
16:59:05 | INFO    | 16_gap_injection | dlinear_w48_H24_s1337 epoch  14/64  train 0.41680  val 0.55298  lr 2.81e-03  0.2s
16:59:05 | INFO    | 16_gap_injection | dlinear_w48_H24_s1337 epoch  15/64  train 0.41512  val 0.52839  lr 2.77e-03  0.2s
16:59:05 | INFO    | 16_gap_injection | dlinear_w48_H24_s1337 epoch  16/64  train 0.40950  val 0.50866  lr 2.72e-03  0.2s
16:59:06 | INFO    | 16_gap_injection | dlinear_w48_H24_s1337 epoch  17/64  train 0.40903  val 0.47216  lr 2.68e-03  0.2s
16:59:06 | INFO    | 16_gap_injection | dlinear_w48_H24_s1337 epoch  18/64  train 0.40602  val 0.48931  lr 2.63e-03  0.2s
16:59:06 | INFO    | 16_gap_injection | dlinear_w48_H24_s1337 epoch  19/64  train 0.40564  val 0.47844  lr 2.58e-03  0.2s
16:59:06 | INFO    | 16_gap_injection | dlinear_w48_H24_s1337 epoch  20/64  train 0.40665  val 0.55710  lr 2.52e-03  0.2s
16:59:07 | INFO    | 16_gap_injection | dlinear_w48_H24_s1337 epoch  21/64  train 0.40682  val 0.48007  lr 2.46e-03  0.2s
16:59:07 | INFO    | 16_gap_injection | dlinear_w48_H24_s1337 epoch  22/64  train 0.40113  val 0.49199  lr 2.40e-03  0.2s
16:59:07 | INFO    | 16_gap_injection | dlinear_w48_H24_s1337 epoch  23/64  train 0.40341  val 0.48719  lr 2.34e-03  0.2s
16:59:07 | INFO    | 16_gap_injection | dlinear_w48_H24_s1337 epoch  24/64  train 0.40697  val 0.52262  lr 2.27e-03  0.2s
16:59:07 | INFO    | 16_gap_injection | dlinear_w48_H24_s1337 epoch  25/64  train 0.40316  val 0.48857  lr 2.21e-03  0.2s
16:59:08 | INFO    | 16_gap_injection | dlinear_w48_H24_s1337 epoch  26/64  train 0.40225  val 0.44672  lr 2.14e-03  0.2s  *
16:59:08 | INFO    | 16_gap_injection | dlinear_w48_H24_s1337 epoch  27/64  train 0.40010  val 0.52591  lr 2.07e-03  0.2s
16:59:08 | INFO    | 16_gap_injection | dlinear_w48_H24_s1337 epoch  28/64  train 0.40133  val 0.45455  lr 2.00e-03  0.2s
16:59:08 | INFO    | 16_gap_injection | dlinear_w48_H24_s1337 epoch  29/64  train 0.40179  val 0.46708  lr 1.92e-03  0.2s
16:59:09 | INFO    | 16_gap_injection | dlinear_w48_H24_s1337 epoch  30/64  train 0.40347  val 0.49957  lr 1.85e-03  0.2s
16:59:09 | INFO    | 16_gap_injection | dlinear_w48_H24_s1337 epoch  31/64  train 0.40310  val 0.45329  lr 1.77e-03  0.2s
16:59:09 | INFO    | 16_gap_injection | dlinear_w48_H24_s1337 epoch  32/64  train 0.39663  val 0.49157  lr 1.70e-03  0.2s
16:59:09 | INFO    | 16_gap_injection | dlinear_w48_H24_s1337 epoch  33/64  train 0.39684  val 0.49496  lr 1.62e-03  0.2s
16:59:10 | INFO    | 16_gap_injection | dlinear_w48_H24_s1337 epoch  34/64  train 0.39532  val 0.49879  lr 1.54e-03  0.2s
16:59:10 | INFO    | 16_gap_injection | dlinear_w48_H24_s1337 epoch  35/64  train 0.39516  val 0.49121  lr 1.47e-03  0.2s
16:59:10 | INFO    | 16_gap_injection | dlinear_w48_H24_s1337 epoch  36/64  train 0.39225  val 0.47790  lr 1.39e-03  0.2s
16:59:10 | INFO    | 16_gap_injection | dlinear_w48_H24_s1337 epoch  37/64  train 0.39482  val 0.49185  lr 1.31e-03  0.2s
16:59:11 | INFO    | 16_gap_injection | dlinear_w48_H24_s1337 epoch  38/64  train 0.39152  val 0.48026  lr 1.24e-03  0.3s
16:59:11 | INFO    | 16_gap_injection | dlinear_w48_H24_s1337 epoch  39/64  train 0.39214  val 0.49423  lr 1.16e-03  0.3s
16:59:11 | INFO    | 16_gap_injection | dlinear_w48_H24_s1337 epoch  40/64  train 0.39139  val 0.53069  lr 1.09e-03  0.3s
16:59:12 | INFO    | 16_gap_injection | dlinear_w48_H24_s1337 epoch  41/64  train 0.39240  val 0.50593  lr 1.01e-03  0.2s
16:59:12 | INFO    | 16_gap_injection | dlinear_w48_H24_s1337 epoch  42/64  train 0.38809  val 0.47637  lr 9.42e-04  0.2s
16:59:12 | INFO    | 16_gap_injection |     dlinear: 20279 windows, 80 steps/epoch -> 64 epochs (~5120 optimizer steps)
16:59:12 | INFO    | 16_gap_injection | dlinear_w48_H24_s2024: 1634 params | train 20279 windows, val 4347 | 80 steps/epoch | matrix 2.3 MB on device
16:59:12 | INFO    | 16_gap_injection | dlinear_w48_H24_s2024 epoch   1/64  train 3.41567  val 2.93379  lr 1.00e-03  0.2s  *
16:59:12 | INFO    | 16_gap_injection | dlinear_w48_H24_s2024 epoch   2/64  train 3.17009  val 2.26383  lr 2.00e-03  0.2s  *
16:59:13 | INFO    | 16_gap_injection | dlinear_w48_H24_s2024 epoch   3/64  train 2.79346  val 1.96301  lr 3.00e-03  0.2s  *
16:59:13 | INFO    | 16_gap_injection | dlinear_w48_H24_s2024 epoch   4/64  train 2.36106  val 1.80561  lr 3.00e-03  0.3s  *
16:59:13 | INFO    | 16_gap_injection | dlinear_w48_H24_s2024 epoch   5/64  train 1.93713  val 1.38971  lr 3.00e-03  0.2s  *
16:59:13 | INFO    | 16_gap_injection | dlinear_w48_H24_s2024 epoch   6/64  train 1.53845  val 1.08781  lr 2.99e-03  0.2s  *
16:59:14 | INFO    | 16_gap_injection | dlinear_w48_H24_s2024 epoch   7/64  train 1.18045  val 0.95867  lr 2.98e-03  0.2s  *
16:59:14 | INFO    | 16_gap_injection | dlinear_w48_H24_s2024 epoch   8/64  train 0.90497  val 0.64513  lr 2.97e-03  0.2s  *
16:59:14 | INFO    | 16_gap_injection | dlinear_w48_H24_s2024 epoch   9/64  train 0.68745  val 0.52376  lr 2.95e-03  0.2s  *
16:59:14 | INFO    | 16_gap_injection | dlinear_w48_H24_s2024 epoch  10/64  train 0.54934  val 0.54492  lr 2.93e-03  0.2s
16:59:15 | INFO    | 16_gap_injection | dlinear_w48_H24_s2024 epoch  11/64  train 0.47655  val 0.47294  lr 2.90e-03  0.2s  *
16:59:15 | INFO    | 16_gap_injection | dlinear_w48_H24_s2024 epoch  12/64  train 0.44211  val 0.51187  lr 2.87e-03  0.2s
16:59:15 | INFO    | 16_gap_injection | dlinear_w48_H24_s2024 epoch  13/64  train 0.42346  val 0.44820  lr 2.84e-03  0.2s  *
16:59:15 | INFO    | 16_gap_injection | dlinear_w48_H24_s2024 epoch  14/64  train 0.41578  val 0.49363  lr 2.81e-03  0.2s
16:59:16 | INFO    | 16_gap_injection | dlinear_w48_H24_s2024 epoch  15/64  train 0.40921  val 0.55363  lr 2.77e-03  0.2s
16:59:16 | INFO    | 16_gap_injection | dlinear_w48_H24_s2024 epoch  16/64  train 0.40818  val 0.48466  lr 2.72e-03  0.2s
16:59:16 | INFO    | 16_gap_injection | dlinear_w48_H24_s2024 epoch  17/64  train 0.40915  val 0.52016  lr 2.68e-03  0.2s
16:59:16 | INFO    | 16_gap_injection | dlinear_w48_H24_s2024 epoch  18/64  train 0.40448  val 0.50519  lr 2.63e-03  0.2s
16:59:17 | INFO    | 16_gap_injection | dlinear_w48_H24_s2024 epoch  19/64  train 0.40548  val 0.54708  lr 2.58e-03  0.2s
16:59:17 | INFO    | 16_gap_injection | dlinear_w48_H24_s2024 epoch  20/64  train 0.40654  val 0.50524  lr 2.52e-03  0.2s
16:59:17 | INFO    | 16_gap_injection | dlinear_w48_H24_s2024 epoch  21/64  train 0.40537  val 0.47825  lr 2.46e-03  0.2s
16:59:17 | INFO    | 16_gap_injection | dlinear_w48_H24_s2024 epoch  22/64  train 0.40443  val 0.49457  lr 2.40e-03  0.2s
16:59:17 | INFO    | 16_gap_injection | dlinear_w48_H24_s2024 epoch  23/64  train 0.40386  val 0.52076  lr 2.34e-03  0.2s
16:59:18 | INFO    | 16_gap_injection | dlinear_w48_H24_s2024 epoch  24/64  train 0.40720  val 0.50096  lr 2.27e-03  0.3s
16:59:18 | INFO    | 16_gap_injection | dlinear_w48_H24_s2024 epoch  25/64  train 0.40064  val 0.48151  lr 2.21e-03  0.2s
16:59:18 | INFO    | 16_gap_injection | dlinear_w48_H24_s2024 epoch  26/64  train 0.40861  val 0.50742  lr 2.14e-03  0.2s
16:59:18 | INFO    | 16_gap_injection | dlinear_w48_H24_s2024 epoch  27/64  train 0.40233  val 0.51393  lr 2.07e-03  0.2s
16:59:19 | INFO    | 16_gap_injection | dlinear_w48_H24_s2024 epoch  28/64  train 0.40121  val 0.48333  lr 2.00e-03  0.2s
16:59:19 | INFO    | 16_gap_injection | dlinear_w48_H24_s2024 epoch  29/64  train 0.40230  val 0.49251  lr 1.92e-03  0.2s
16:59:19 | INFO    | 16_gap_injection |     dlinear          RMSE   85.35  skill +0.1013  (3 seeds)
16:59:19 | INFO    | 16_gap_injection | ==============================================================================
16:59:19 | INFO    | 16_gap_injection | [5/101] cell fragmented_cov0.95_s7
16:59:19 | INFO    | 16_gap_injection |   removed 1173 h -> coverage 0.9500, 319 gaps (longest 504 h)
16:59:19 | INFO    | 16_gap_injection | contiguity: 49 runs after 3h ffill, longest 4582 h
16:59:19 | INFO    | 16_gap_injection | h=  1:  31426 valid rows  (rejected: no-run 1071, short-history 2087, target-past-run-end 39, target-imputed 441)
16:59:19 | INFO    | 16_gap_injection | h=  3:  31348 valid rows  (rejected: no-run 1071, short-history 2087, target-past-run-end 117, target-imputed 441)
16:59:19 | INFO    | 16_gap_injection | h=  6:  31235 valid rows  (rejected: no-run 1071, short-history 2087, target-past-run-end 234, target-imputed 437)
16:59:19 | INFO    | 16_gap_injection | h= 12:  31007 valid rows  (rejected: no-run 1071, short-history 2087, target-past-run-end 462, target-imputed 437)
16:59:19 | INFO    | 16_gap_injection | h= 24:  30556 valid rows  (rejected: no-run 1071, short-history 2087, target-past-run-end 918, target-imputed 432)
16:59:19 | INFO    | 16_gap_injection | built 91 predictor columns (max backward dependency 48 h)
16:59:19 | INFO    | 16_gap_injection | split: train 2013-02-28 to 2015-12-18, val to 2016-07-24, test to 2017-02-28 (chronological, no shuffling)
16:59:19 | INFO    | 16_gap_injection | h=  1: boundary purge removed 95 rows (31426 -> 31331)
16:59:19 | INFO    | 16_gap_injection | h=  3: boundary purge removed 99 rows (31348 -> 31249)
16:59:19 | INFO    | 16_gap_injection | h=  6: boundary purge removed 105 rows (31235 -> 31130)
16:59:19 | INFO    | 16_gap_injection | h= 12: boundary purge removed 115 rows (31007 -> 30892)
16:59:19 | INFO    | 16_gap_injection | h= 24: boundary purge removed 127 rows (30556 -> 30429)
16:59:19 | INFO    | 16_gap_injection | scaler fitted on 24545 training rows over 91 predictors
16:59:19 | INFO    | 16_gap_injection | wrote F:\BUP\data\interim\beijing\ablation_R72\fragmented_cov0.95_s7\processed\features.parquet (35064 rows, 153 cols)
16:59:19 | INFO    | 16_gap_injection |   usable rows h=24: train 21234, val 4581, test 4614
16:59:20 | INFO    | 16_gap_injection |     persistence      RMSE   94.96  skill +0.0000
16:59:20 | INFO    | 16_gap_injection |     climatology      RMSE   90.66  skill +0.0454
16:59:20 | INFO    | 16_gap_injection |     ridge            RMSE   86.01  skill +0.0943
16:59:24 | INFO    | 16_gap_injection |     random_forest    RMSE   87.79  skill +0.0756
