
==============================================================================
LOOKBACK FRONTIER — 5 arms at h=24, deepest feature 168 h
==============================================================================
  C     cap=None  floor=None  status quo: full features, floor 168
  B48   cap=48    floor=168   capped features, floor held at 168
  A48   cap=48    floor=None  capped features, floor at 48
  B24   cap=24    floor=168   capped features, floor held at 168
  A24   cap=24    floor=None  capped features, floor at 24
00:48:12 | INFO    | 21_lookback_frontier | === arm C: cap 168, floor 168 ===
00:48:12 | INFO    | 21_lookback_frontier | contiguity: 296 runs after 3h ffill, longest 4283 h
00:48:13 | INFO    | 21_lookback_frontier | h=  1:  42732 valid rows  (rejected: no-run 10766, short-history 24592, target-past-run-end 89, target-imputed 1037)
00:48:13 | INFO    | 21_lookback_frontier | h=  3:  42568 valid rows  (rejected: no-run 10766, short-history 24592, target-past-run-end 265, target-imputed 1025)
00:48:13 | INFO    | 21_lookback_frontier | h=  6:  42317 valid rows  (rejected: no-run 10766, short-history 24592, target-past-run-end 528, target-imputed 1013)
00:48:13 | INFO    | 21_lookback_frontier | h= 12:  41829 valid rows  (rejected: no-run 10766, short-history 24592, target-past-run-end 1042, target-imputed 987)
00:48:13 | INFO    | 21_lookback_frontier | h= 24:  40877 valid rows  (rejected: no-run 10766, short-history 24592, target-past-run-end 2030, target-imputed 951)
00:48:13 | INFO    | 21_lookback_frontier | built 102 predictor columns (max backward dependency 168 h)
00:48:13 | INFO    | 21_lookback_frontier | split: train 2016-03-10 to 2022-07-08, val to 2023-11-15, test to 2025-03-24 (chronological, no shuffling)
00:48:13 | INFO    | 21_lookback_frontier | h=  1: boundary purge removed 52 rows (42732 -> 42680)
00:48:13 | INFO    | 21_lookback_frontier | h=  3: boundary purge removed 52 rows (42568 -> 42516)
00:48:13 | INFO    | 21_lookback_frontier | h=  6: boundary purge removed 52 rows (42317 -> 42265)
00:48:13 | INFO    | 21_lookback_frontier | h= 12: boundary purge removed 52 rows (41829 -> 41777)
00:48:13 | INFO    | 21_lookback_frontier | h= 24: boundary purge removed 52 rows (40877 -> 40825)
00:48:13 | INFO    | 21_lookback_frontier | scaler fitted on 55451 training rows over 102 predictors
00:48:15 | INFO    | 21_lookback_frontier | wrote F:\BUP\data\interim\lookback\C\processed\features.parquet (79216 rows, 169 cols)
00:48:15 | INFO    | 21_lookback_frontier | universe: 10880 test hours, persistence RMSE 71.2545
00:48:15 | INFO    | 21_lookback_frontier |   served 9083 of 10880 universe hours (0.8348)
00:48:18 | INFO    | 21_lookback_frontier |     ridge          RMSE   59.37  (served rows)
00:48:25 | INFO    | 21_lookback_frontier |     random_forest  RMSE   58.50  (served rows)
00:48:28 | INFO    | 21_lookback_frontier |     xgboost        RMSE   58.62  (served rows)
00:48:30 | INFO    | 21_lookback_frontier |     lightgbm       RMSE   59.02  (served rows)
00:48:40 | INFO    | 21_lookback_frontier | gru_h64_l2_w48_H24_s42: 41153 params | train 25787 windows, val 5955 | 101 steps/epoch | matrix 5.4 MB on device
00:48:48 | INFO    | 21_lookback_frontier | gru_h64_l2_w48_H24_s42 epoch   1/60  train 0.76231  val 0.13479  lr 1.00e-03  6.9s  *
00:48:48 | INFO    | 21_lookback_frontier | gru_h64_l2_w48_H24_s42 epoch   2/60  train 0.16225  val 0.14258  lr 2.00e-03  0.6s
00:48:49 | INFO    | 21_lookback_frontier | gru_h64_l2_w48_H24_s42 epoch   3/60  train 0.15481  val 0.12311  lr 3.00e-03  0.7s  *
00:48:49 | INFO    | 21_lookback_frontier | gru_h64_l2_w48_H24_s42 epoch   4/60  train 0.15055  val 0.14895  lr 3.00e-03  0.6s
00:48:50 | INFO    | 21_lookback_frontier | gru_h64_l2_w48_H24_s42 epoch   5/60  train 0.14497  val 0.13527  lr 3.00e-03  0.6s
00:48:51 | INFO    | 21_lookback_frontier | gru_h64_l2_w48_H24_s42 epoch   6/60  train 0.14205  val 0.12054  lr 2.99e-03  0.6s  *
00:48:51 | INFO    | 21_lookback_frontier | gru_h64_l2_w48_H24_s42 epoch   7/60  train 0.13745  val 0.11301  lr 2.98e-03  0.6s  *
00:48:52 | INFO    | 21_lookback_frontier | gru_h64_l2_w48_H24_s42 epoch   8/60  train 0.13417  val 0.12826  lr 2.96e-03  0.7s
00:48:53 | INFO    | 21_lookback_frontier | gru_h64_l2_w48_H24_s42 epoch   9/60  train 0.12770  val 0.12627  lr 2.94e-03  0.7s
00:48:53 | INFO    | 21_lookback_frontier | gru_h64_l2_w48_H24_s42 epoch  10/60  train 0.12368  val 0.14832  lr 2.92e-03  0.7s
00:48:54 | INFO    | 21_lookback_frontier | gru_h64_l2_w48_H24_s42 epoch  11/60  train 0.11925  val 0.16462  lr 2.89e-03  0.7s
00:48:55 | INFO    | 21_lookback_frontier | gru_h64_l2_w48_H24_s42 epoch  12/60  train 0.11377  val 0.13769  lr 2.86e-03  0.6s
00:48:55 | INFO    | 21_lookback_frontier | gru_h64_l2_w48_H24_s42 epoch  13/60  train 0.11136  val 0.15321  lr 2.82e-03  0.6s
00:48:56 | INFO    | 21_lookback_frontier | gru_h64_l2_w48_H24_s42 epoch  14/60  train 0.10588  val 0.12659  lr 2.78e-03  0.6s
00:48:57 | INFO    | 21_lookback_frontier | gru_h64_l2_w48_H24_s42 epoch  15/60  train 0.10397  val 0.15070  lr 2.73e-03  0.7s
00:48:57 | INFO    | 21_lookback_frontier | gru_h64_l2_w48_H24_s42 epoch  16/60  train 0.10038  val 0.15088  lr 2.68e-03  0.7s
00:48:58 | INFO    | 21_lookback_frontier | gru_h64_l2_w48_H24_s42 epoch  17/60  train 0.09608  val 0.13985  lr 2.63e-03  0.8s
00:48:59 | INFO    | 21_lookback_frontier | gru_h64_l2_w48_H24_s42 epoch  18/60  train 0.09520  val 0.14105  lr 2.58e-03  0.7s
00:48:59 | INFO    | 21_lookback_frontier | gru_h64_l2_w48_H24_s42 epoch  19/60  train 0.09237  val 0.15223  lr 2.52e-03  0.6s
00:49:00 | INFO    | 21_lookback_frontier | gru_h64_l2_w48_H24_s42 epoch  20/60  train 0.08950  val 0.14744  lr 2.46e-03  0.6s
00:49:01 | INFO    | 21_lookback_frontier | gru_h64_l2_w48_H24_s42 epoch  21/60  train 0.08812  val 0.14654  lr 2.39e-03  0.7s
00:49:02 | INFO    | 21_lookback_frontier | gru_h64_l2_w48_H24_s42 epoch  22/60  train 0.08482  val 0.14881  lr 2.32e-03  1.0s
00:49:02 | INFO    | 21_lookback_frontier | gru_h64_l2_w48_H24_s1337: 41153 params | train 25787 windows, val 5955 | 101 steps/epoch | matrix 5.4 MB on device
00:49:03 | INFO    | 21_lookback_frontier | gru_h64_l2_w48_H24_s1337 epoch   1/60  train 0.81284  val 0.12882  lr 1.00e-03  0.7s  *
00:49:04 | INFO    | 21_lookback_frontier | gru_h64_l2_w48_H24_s1337 epoch   2/60  train 0.16617  val 0.14058  lr 2.00e-03  0.6s
00:49:04 | INFO    | 21_lookback_frontier | gru_h64_l2_w48_H24_s1337 epoch   3/60  train 0.15462  val 0.10943  lr 3.00e-03  0.7s  *
00:49:05 | INFO    | 21_lookback_frontier | gru_h64_l2_w48_H24_s1337 epoch   4/60  train 0.15006  val 0.12748  lr 3.00e-03  0.6s
00:49:05 | INFO    | 21_lookback_frontier | gru_h64_l2_w48_H24_s1337 epoch   5/60  train 0.14557  val 0.11971  lr 3.00e-03  0.5s
00:49:06 | INFO    | 21_lookback_frontier | gru_h64_l2_w48_H24_s1337 epoch   6/60  train 0.14119  val 0.12867  lr 2.99e-03  0.5s
00:49:06 | INFO    | 21_lookback_frontier | gru_h64_l2_w48_H24_s1337 epoch   7/60  train 0.13720  val 0.15407  lr 2.98e-03  0.5s
00:49:07 | INFO    | 21_lookback_frontier | gru_h64_l2_w48_H24_s1337 epoch   8/60  train 0.13576  val 0.13338  lr 2.96e-03  0.5s
00:49:07 | INFO    | 21_lookback_frontier | gru_h64_l2_w48_H24_s1337 epoch   9/60  train 0.12704  val 0.12653  lr 2.94e-03  0.6s
00:49:08 | INFO    | 21_lookback_frontier | gru_h64_l2_w48_H24_s1337 epoch  10/60  train 0.12220  val 0.13326  lr 2.92e-03  0.6s
00:49:09 | INFO    | 21_lookback_frontier | gru_h64_l2_w48_H24_s1337 epoch  11/60  train 0.11908  val 0.10994  lr 2.89e-03  0.5s
00:49:09 | INFO    | 21_lookback_frontier | gru_h64_l2_w48_H24_s1337 epoch  12/60  train 0.11350  val 0.12177  lr 2.86e-03  0.5s
00:49:10 | INFO    | 21_lookback_frontier | gru_h64_l2_w48_H24_s1337 epoch  13/60  train 0.11009  val 0.14696  lr 2.82e-03  0.5s
00:49:10 | INFO    | 21_lookback_frontier | gru_h64_l2_w48_H24_s1337 epoch  14/60  train 0.10373  val 0.15794  lr 2.78e-03  0.5s
00:49:11 | INFO    | 21_lookback_frontier | gru_h64_l2_w48_H24_s1337 epoch  15/60  train 0.10096  val 0.13223  lr 2.73e-03  0.5s
00:49:11 | INFO    | 21_lookback_frontier | gru_h64_l2_w48_H24_s1337 epoch  16/60  train 0.09681  val 0.15540  lr 2.68e-03  0.6s
00:49:12 | INFO    | 21_lookback_frontier | gru_h64_l2_w48_H24_s1337 epoch  17/60  train 0.09497  val 0.14763  lr 2.63e-03  0.5s
00:49:12 | INFO    | 21_lookback_frontier | gru_h64_l2_w48_H24_s1337 epoch  18/60  train 0.09166  val 0.14167  lr 2.58e-03  0.5s
00:49:13 | INFO    | 21_lookback_frontier | gru_h64_l2_w48_H24_s1337 epoch  19/60  train 0.08872  val 0.15607  lr 2.52e-03  0.6s
00:49:13 | INFO    | 21_lookback_frontier | gru_h64_l2_w48_H24_s1337 epoch  20/60  train 0.08658  val 0.14236  lr 2.46e-03  0.6s
00:49:13 | INFO    | 21_lookback_frontier | gru_h64_l2_w48_H24_s2024: 41153 params | train 25787 windows, val 5955 | 101 steps/epoch | matrix 5.4 MB on device
00:49:14 | INFO    | 21_lookback_frontier | gru_h64_l2_w48_H24_s2024 epoch   1/60  train 0.82912  val 0.14809  lr 1.00e-03  0.6s  *
00:49:15 | INFO    | 21_lookback_frontier | gru_h64_l2_w48_H24_s2024 epoch   2/60  train 0.16856  val 0.11400  lr 2.00e-03  0.7s  *
00:49:15 | INFO    | 21_lookback_frontier | gru_h64_l2_w48_H24_s2024 epoch   3/60  train 0.15684  val 0.10221  lr 3.00e-03  0.7s  *
00:49:16 | INFO    | 21_lookback_frontier | gru_h64_l2_w48_H24_s2024 epoch   4/60  train 0.15469  val 0.13203  lr 3.00e-03  0.7s
00:49:17 | INFO    | 21_lookback_frontier | gru_h64_l2_w48_H24_s2024 epoch   5/60  train 0.14793  val 0.10620  lr 3.00e-03  0.5s
00:49:17 | INFO    | 21_lookback_frontier | gru_h64_l2_w48_H24_s2024 epoch   6/60  train 0.14424  val 0.12333  lr 2.99e-03  0.5s
00:49:18 | INFO    | 21_lookback_frontier | gru_h64_l2_w48_H24_s2024 epoch   7/60  train 0.14065  val 0.13757  lr 2.98e-03  0.5s
00:49:18 | INFO    | 21_lookback_frontier | gru_h64_l2_w48_H24_s2024 epoch   8/60  train 0.13554  val 0.11412  lr 2.96e-03  0.5s
00:49:19 | INFO    | 21_lookback_frontier | gru_h64_l2_w48_H24_s2024 epoch   9/60  train 0.12887  val 0.10964  lr 2.94e-03  0.5s
00:49:19 | INFO    | 21_lookback_frontier | gru_h64_l2_w48_H24_s2024 epoch  10/60  train 0.12629  val 0.10678  lr 2.92e-03  0.4s
00:49:20 | INFO    | 21_lookback_frontier | gru_h64_l2_w48_H24_s2024 epoch  11/60  train 0.12162  val 0.10710  lr 2.89e-03  0.5s
00:49:20 | INFO    | 21_lookback_frontier | gru_h64_l2_w48_H24_s2024 epoch  12/60  train 0.11678  val 0.10976  lr 2.86e-03  0.4s
00:49:20 | INFO    | 21_lookback_frontier | gru_h64_l2_w48_H24_s2024 epoch  13/60  train 0.11096  val 0.12066  lr 2.82e-03  0.5s
00:49:21 | INFO    | 21_lookback_frontier | gru_h64_l2_w48_H24_s2024 epoch  14/60  train 0.11011  val 0.12762  lr 2.78e-03  0.4s
00:49:21 | INFO    | 21_lookback_frontier | gru_h64_l2_w48_H24_s2024 epoch  15/60  train 0.10438  val 0.13257  lr 2.73e-03  0.4s
00:49:22 | INFO    | 21_lookback_frontier | gru_h64_l2_w48_H24_s2024 epoch  16/60  train 0.10089  val 0.12897  lr 2.68e-03  0.5s
00:49:22 | INFO    | 21_lookback_frontier | gru_h64_l2_w48_H24_s2024 epoch  17/60  train 0.09891  val 0.14579  lr 2.63e-03  0.4s
00:49:23 | INFO    | 21_lookback_frontier | gru_h64_l2_w48_H24_s2024 epoch  18/60  train 0.09577  val 0.15152  lr 2.58e-03  0.4s
00:49:23 | INFO    | 21_lookback_frontier | gru_h64_l2_w48_H24_s2024 epoch  19/60  train 0.09176  val 0.12889  lr 2.52e-03  0.4s
00:49:24 | INFO    | 21_lookback_frontier | gru_h64_l2_w48_H24_s2024 epoch  20/60  train 0.08872  val 0.13695  lr 2.46e-03  0.5s
00:49:24 | INFO    | 21_lookback_frontier |     gru_h64_l2     w48   R=192  RMSE   58.72  avail 0.8348
00:49:24 | INFO    | 21_lookback_frontier | gru_h64_l2_w24_H24_s42: 41153 params | train 25787 windows, val 5955 | 101 steps/epoch | matrix 5.4 MB on device
00:49:25 | INFO    | 21_lookback_frontier | gru_h64_l2_w24_H24_s42 epoch   1/60  train 0.76344  val 0.13316  lr 1.00e-03  1.1s  *
00:49:26 | INFO    | 21_lookback_frontier | gru_h64_l2_w24_H24_s42 epoch   2/60  train 0.16226  val 0.13915  lr 2.00e-03  0.7s
00:49:26 | INFO    | 21_lookback_frontier | gru_h64_l2_w24_H24_s42 epoch   3/60  train 0.15524  val 0.12411  lr 3.00e-03  0.5s  *
00:49:27 | INFO    | 21_lookback_frontier | gru_h64_l2_w24_H24_s42 epoch   4/60  train 0.15091  val 0.15371  lr 3.00e-03  0.5s
00:49:27 | INFO    | 21_lookback_frontier | gru_h64_l2_w24_H24_s42 epoch   5/60  train 0.14534  val 0.13728  lr 3.00e-03  0.5s
00:49:28 | INFO    | 21_lookback_frontier | gru_h64_l2_w24_H24_s42 epoch   6/60  train 0.14323  val 0.12215  lr 2.99e-03  0.5s  *
00:49:28 | INFO    | 21_lookback_frontier | gru_h64_l2_w24_H24_s42 epoch   7/60  train 0.13927  val 0.11529  lr 2.98e-03  0.5s  *
00:49:29 | INFO    | 21_lookback_frontier | gru_h64_l2_w24_H24_s42 epoch   8/60  train 0.13697  val 0.12668  lr 2.96e-03  0.5s
00:49:29 | INFO    | 21_lookback_frontier | gru_h64_l2_w24_H24_s42 epoch   9/60  train 0.13190  val 0.11978  lr 2.94e-03  0.5s
00:49:30 | INFO    | 21_lookback_frontier | gru_h64_l2_w24_H24_s42 epoch  10/60  train 0.12919  val 0.14090  lr 2.92e-03  0.4s
00:49:30 | INFO    | 21_lookback_frontier | gru_h64_l2_w24_H24_s42 epoch  11/60  train 0.12562  val 0.14950  lr 2.89e-03  0.4s
00:49:30 | INFO    | 21_lookback_frontier | gru_h64_l2_w24_H24_s42 epoch  12/60  train 0.12178  val 0.13287  lr 2.86e-03  0.4s
00:49:31 | INFO    | 21_lookback_frontier | gru_h64_l2_w24_H24_s42 epoch  13/60  train 0.11793  val 0.15156  lr 2.82e-03  0.5s
00:49:31 | INFO    | 21_lookback_frontier | gru_h64_l2_w24_H24_s42 epoch  14/60  train 0.11287  val 0.12248  lr 2.78e-03  0.4s
00:49:32 | INFO    | 21_lookback_frontier | gru_h64_l2_w24_H24_s42 epoch  15/60  train 0.11083  val 0.13826  lr 2.73e-03  0.5s
00:49:32 | INFO    | 21_lookback_frontier | gru_h64_l2_w24_H24_s42 epoch  16/60  train 0.10702  val 0.14204  lr 2.68e-03  0.5s
00:49:33 | INFO    | 21_lookback_frontier | gru_h64_l2_w24_H24_s42 epoch  17/60  train 0.10177  val 0.14246  lr 2.63e-03  0.5s
00:49:33 | INFO    | 21_lookback_frontier | gru_h64_l2_w24_H24_s42 epoch  18/60  train 0.10029  val 0.13312  lr 2.58e-03  0.4s
00:49:34 | INFO    | 21_lookback_frontier | gru_h64_l2_w24_H24_s42 epoch  19/60  train 0.09583  val 0.14078  lr 2.52e-03  0.4s
00:49:34 | INFO    | 21_lookback_frontier | gru_h64_l2_w24_H24_s42 epoch  20/60  train 0.09336  val 0.15036  lr 2.46e-03  0.4s
00:49:34 | INFO    | 21_lookback_frontier | gru_h64_l2_w24_H24_s42 epoch  21/60  train 0.09159  val 0.14179  lr 2.39e-03  0.4s
00:49:35 | INFO    | 21_lookback_frontier | gru_h64_l2_w24_H24_s42 epoch  22/60  train 0.08785  val 0.14810  lr 2.32e-03  0.4s
00:49:35 | INFO    | 21_lookback_frontier | gru_h64_l2_w24_H24_s1337: 41153 params | train 25787 windows, val 5955 | 101 steps/epoch | matrix 5.4 MB on device
00:49:36 | INFO    | 21_lookback_frontier | gru_h64_l2_w24_H24_s1337 epoch   1/60  train 0.81325  val 0.12885  lr 1.00e-03  0.4s  *
00:49:36 | INFO    | 21_lookback_frontier | gru_h64_l2_w24_H24_s1337 epoch   2/60  train 0.16660  val 0.14921  lr 2.00e-03  0.4s
00:49:36 | INFO    | 21_lookback_frontier | gru_h64_l2_w24_H24_s1337 epoch   3/60  train 0.15460  val 0.11180  lr 3.00e-03  0.5s  *
00:49:37 | INFO    | 21_lookback_frontier | gru_h64_l2_w24_H24_s1337 epoch   4/60  train 0.15046  val 0.12240  lr 3.00e-03  0.4s
00:49:37 | INFO    | 21_lookback_frontier | gru_h64_l2_w24_H24_s1337 epoch   5/60  train 0.14701  val 0.12292  lr 3.00e-03  0.4s
00:49:38 | INFO    | 21_lookback_frontier | gru_h64_l2_w24_H24_s1337 epoch   6/60  train 0.14311  val 0.13226  lr 2.99e-03  0.4s
00:49:38 | INFO    | 21_lookback_frontier | gru_h64_l2_w24_H24_s1337 epoch   7/60  train 0.13959  val 0.14905  lr 2.98e-03  0.4s
00:49:39 | INFO    | 21_lookback_frontier | gru_h64_l2_w24_H24_s1337 epoch   8/60  train 0.13771  val 0.12484  lr 2.96e-03  0.4s
00:49:39 | INFO    | 21_lookback_frontier | gru_h64_l2_w24_H24_s1337 epoch   9/60  train 0.13072  val 0.12540  lr 2.94e-03  0.4s
00:49:39 | INFO    | 21_lookback_frontier | gru_h64_l2_w24_H24_s1337 epoch  10/60  train 0.12651  val 0.14108  lr 2.92e-03  0.4s
00:49:40 | INFO    | 21_lookback_frontier | gru_h64_l2_w24_H24_s1337 epoch  11/60  train 0.12370  val 0.10830  lr 2.89e-03  0.4s  *
00:49:40 | INFO    | 21_lookback_frontier | gru_h64_l2_w24_H24_s1337 epoch  12/60  train 0.11803  val 0.12010  lr 2.86e-03  0.5s
00:49:41 | INFO    | 21_lookback_frontier | gru_h64_l2_w24_H24_s1337 epoch  13/60  train 0.11588  val 0.13490  lr 2.82e-03  0.4s
00:49:41 | INFO    | 21_lookback_frontier | gru_h64_l2_w24_H24_s1337 epoch  14/60  train 0.10935  val 0.14810  lr 2.78e-03  0.5s
00:49:42 | INFO    | 21_lookback_frontier | gru_h64_l2_w24_H24_s1337 epoch  15/60  train 0.10566  val 0.12726  lr 2.73e-03  0.5s
00:49:42 | INFO    | 21_lookback_frontier | gru_h64_l2_w24_H24_s1337 epoch  16/60  train 0.10160  val 0.14622  lr 2.68e-03  0.5s
00:49:43 | INFO    | 21_lookback_frontier | gru_h64_l2_w24_H24_s1337 epoch  17/60  train 0.09799  val 0.16702  lr 2.63e-03  0.5s
00:49:43 | INFO    | 21_lookback_frontier | gru_h64_l2_w24_H24_s1337 epoch  18/60  train 0.09493  val 0.14437  lr 2.58e-03  0.4s
00:49:44 | INFO    | 21_lookback_frontier | gru_h64_l2_w24_H24_s1337 epoch  19/60  train 0.09147  val 0.14091  lr 2.52e-03  0.5s
00:49:44 | INFO    | 21_lookback_frontier | gru_h64_l2_w24_H24_s1337 epoch  20/60  train 0.08908  val 0.13631  lr 2.46e-03  0.5s
00:49:45 | INFO    | 21_lookback_frontier | gru_h64_l2_w24_H24_s1337 epoch  21/60  train 0.08751  val 0.14903  lr 2.39e-03  0.4s
00:49:45 | INFO    | 21_lookback_frontier | gru_h64_l2_w24_H24_s1337 epoch  22/60  train 0.08397  val 0.14741  lr 2.32e-03  0.5s
00:49:46 | INFO    | 21_lookback_frontier | gru_h64_l2_w24_H24_s1337 epoch  23/60  train 0.08157  val 0.14403  lr 2.25e-03  0.5s
00:49:46 | INFO    | 21_lookback_frontier | gru_h64_l2_w24_H24_s1337 epoch  24/60  train 0.07963  val 0.16181  lr 2.18e-03  0.4s
00:49:47 | INFO    | 21_lookback_frontier | gru_h64_l2_w24_H24_s1337 epoch  25/60  train 0.07750  val 0.14751  lr 2.11e-03  0.5s
00:49:47 | INFO    | 21_lookback_frontier | gru_h64_l2_w24_H24_s1337 epoch  26/60  train 0.07412  val 0.14910  lr 2.03e-03  0.5s
00:49:47 | INFO    | 21_lookback_frontier | gru_h64_l2_w24_H24_s2024: 41153 params | train 25787 windows, val 5955 | 101 steps/epoch | matrix 5.4 MB on device
00:49:48 | INFO    | 21_lookback_frontier | gru_h64_l2_w24_H24_s2024 epoch   1/60  train 0.82625  val 0.14791  lr 1.00e-03  0.6s  *
00:49:48 | INFO    | 21_lookback_frontier | gru_h64_l2_w24_H24_s2024 epoch   2/60  train 0.16921  val 0.12003  lr 2.00e-03  0.5s  *
00:49:49 | INFO    | 21_lookback_frontier | gru_h64_l2_w24_H24_s2024 epoch   3/60  train 0.15702  val 0.10270  lr 3.00e-03  0.5s  *
00:49:49 | INFO    | 21_lookback_frontier | gru_h64_l2_w24_H24_s2024 epoch   4/60  train 0.15511  val 0.13356  lr 3.00e-03  0.5s
00:49:50 | INFO    | 21_lookback_frontier | gru_h64_l2_w24_H24_s2024 epoch   5/60  train 0.14891  val 0.10720  lr 3.00e-03  0.5s
00:49:50 | INFO    | 21_lookback_frontier | gru_h64_l2_w24_H24_s2024 epoch   6/60  train 0.14563  val 0.12845  lr 2.99e-03  0.4s
00:49:51 | INFO    | 21_lookback_frontier | gru_h64_l2_w24_H24_s2024 epoch   7/60  train 0.14275  val 0.13774  lr 2.98e-03  0.4s
00:49:51 | INFO    | 21_lookback_frontier | gru_h64_l2_w24_H24_s2024 epoch   8/60  train 0.13727  val 0.11334  lr 2.96e-03  0.4s
00:49:52 | INFO    | 21_lookback_frontier | gru_h64_l2_w24_H24_s2024 epoch   9/60  train 0.13288  val 0.11478  lr 2.94e-03  0.4s
00:49:52 | INFO    | 21_lookback_frontier | gru_h64_l2_w24_H24_s2024 epoch  10/60  train 0.12982  val 0.10780  lr 2.92e-03  0.4s
00:49:52 | INFO    | 21_lookback_frontier | gru_h64_l2_w24_H24_s2024 epoch  11/60  train 0.12466  val 0.11245  lr 2.89e-03  0.4s
00:49:53 | INFO    | 21_lookback_frontier | gru_h64_l2_w24_H24_s2024 epoch  12/60  train 0.12107  val 0.11294  lr 2.86e-03  0.4s
00:49:53 | INFO    | 21_lookback_frontier | gru_h64_l2_w24_H24_s2024 epoch  13/60  train 0.11713  val 0.12278  lr 2.82e-03  0.5s
00:49:54 | INFO    | 21_lookback_frontier | gru_h64_l2_w24_H24_s2024 epoch  14/60  train 0.11560  val 0.12226  lr 2.78e-03  0.4s
00:49:54 | INFO    | 21_lookback_frontier | gru_h64_l2_w24_H24_s2024 epoch  15/60  train 0.11055  val 0.13514  lr 2.73e-03  0.5s
00:49:55 | INFO    | 21_lookback_frontier | gru_h64_l2_w24_H24_s2024 epoch  16/60  train 0.10612  val 0.12685  lr 2.68e-03  0.5s
00:49:55 | INFO    | 21_lookback_frontier | gru_h64_l2_w24_H24_s2024 epoch  17/60  train 0.10257  val 0.12717  lr 2.63e-03  0.4s
00:49:56 | INFO    | 21_lookback_frontier | gru_h64_l2_w24_H24_s2024 epoch  18/60  train 0.10147  val 0.13881  lr 2.58e-03  0.5s
00:49:56 | INFO    | 21_lookback_frontier | gru_h64_l2_w24_H24_s2024 epoch  19/60  train 0.09535  val 0.12422  lr 2.52e-03  0.4s
00:49:57 | INFO    | 21_lookback_frontier | gru_h64_l2_w24_H24_s2024 epoch  20/60  train 0.09267  val 0.12071  lr 2.46e-03  0.4s
00:49:57 | INFO    | 21_lookback_frontier |     gru_h64_l2     w24   R=192  RMSE   58.69  avail 0.8348
00:49:57 | INFO    | 21_lookback_frontier | lstm_h64_l1_w48_H24_s42: 21569 params | train 25787 windows, val 5955 | 101 steps/epoch | matrix 5.4 MB on device
00:49:58 | INFO    | 21_lookback_frontier | lstm_h64_l1_w48_H24_s42 epoch   1/60  train 1.13832  val 0.15882  lr 1.00e-03  1.4s  *
00:49:59 | INFO    | 21_lookback_frontier | lstm_h64_l1_w48_H24_s42 epoch   2/60  train 0.16645  val 0.13911  lr 2.00e-03  0.5s  *
00:49:59 | INFO    | 21_lookback_frontier | lstm_h64_l1_w48_H24_s42 epoch   3/60  train 0.15582  val 0.11165  lr 3.00e-03  0.4s  *
00:49:59 | INFO    | 21_lookback_frontier | lstm_h64_l1_w48_H24_s42 epoch   4/60  train 0.15414  val 0.15335  lr 3.00e-03  0.4s
00:50:00 | INFO    | 21_lookback_frontier | lstm_h64_l1_w48_H24_s42 epoch   5/60  train 0.15041  val 0.14915  lr 3.00e-03  0.4s
00:50:00 | INFO    | 21_lookback_frontier | lstm_h64_l1_w48_H24_s42 epoch   6/60  train 0.14830  val 0.13196  lr 2.99e-03  0.4s
00:50:01 | INFO    | 21_lookback_frontier | lstm_h64_l1_w48_H24_s42 epoch   7/60  train 0.14654  val 0.11496  lr 2.98e-03  0.4s
00:50:01 | INFO    | 21_lookback_frontier | lstm_h64_l1_w48_H24_s42 epoch   8/60  train 0.14412  val 0.13270  lr 2.96e-03  0.4s
00:50:01 | INFO    | 21_lookback_frontier | lstm_h64_l1_w48_H24_s42 epoch   9/60  train 0.14143  val 0.13543  lr 2.94e-03  0.4s
00:50:02 | INFO    | 21_lookback_frontier | lstm_h64_l1_w48_H24_s42 epoch  10/60  train 0.13939  val 0.14624  lr 2.92e-03  0.4s
00:50:02 | INFO    | 21_lookback_frontier | lstm_h64_l1_w48_H24_s42 epoch  11/60  train 0.13760  val 0.15139  lr 2.89e-03  0.4s
00:50:02 | INFO    | 21_lookback_frontier | lstm_h64_l1_w48_H24_s42 epoch  12/60  train 0.13706  val 0.13263  lr 2.86e-03  0.4s
00:50:03 | INFO    | 21_lookback_frontier | lstm_h64_l1_w48_H24_s42 epoch  13/60  train 0.13409  val 0.13703  lr 2.82e-03  0.4s
00:50:03 | INFO    | 21_lookback_frontier | lstm_h64_l1_w48_H24_s42 epoch  14/60  train 0.13254  val 0.10442  lr 2.78e-03  0.5s  *
00:50:04 | INFO    | 21_lookback_frontier | lstm_h64_l1_w48_H24_s42 epoch  15/60  train 0.13140  val 0.11845  lr 2.73e-03  0.5s
00:50:04 | INFO    | 21_lookback_frontier | lstm_h64_l1_w48_H24_s42 epoch  16/60  train 0.12995  val 0.11766  lr 2.68e-03  0.5s
00:50:05 | INFO    | 21_lookback_frontier | lstm_h64_l1_w48_H24_s42 epoch  17/60  train 0.12814  val 0.10835  lr 2.63e-03  0.4s
00:50:05 | INFO    | 21_lookback_frontier | lstm_h64_l1_w48_H24_s42 epoch  18/60  train 0.12603  val 0.11191  lr 2.58e-03  0.4s
00:50:05 | INFO    | 21_lookback_frontier | lstm_h64_l1_w48_H24_s42 epoch  19/60  train 0.12541  val 0.11513  lr 2.52e-03  0.4s
00:50:06 | INFO    | 21_lookback_frontier | lstm_h64_l1_w48_H24_s42 epoch  20/60  train 0.12594  val 0.10943  lr 2.46e-03  0.4s
00:50:06 | INFO    | 21_lookback_frontier | lstm_h64_l1_w48_H24_s42 epoch  21/60  train 0.12434  val 0.11519  lr 2.39e-03  0.4s
00:50:07 | INFO    | 21_lookback_frontier | lstm_h64_l1_w48_H24_s42 epoch  22/60  train 0.12089  val 0.12075  lr 2.32e-03  0.4s
00:50:07 | INFO    | 21_lookback_frontier | lstm_h64_l1_w48_H24_s42 epoch  23/60  train 0.11890  val 0.11734  lr 2.25e-03  0.4s
00:50:07 | INFO    | 21_lookback_frontier | lstm_h64_l1_w48_H24_s42 epoch  24/60  train 0.11963  val 0.11995  lr 2.18e-03  0.4s
00:50:08 | INFO    | 21_lookback_frontier | lstm_h64_l1_w48_H24_s42 epoch  25/60  train 0.11770  val 0.12244  lr 2.11e-03  0.4s
00:50:08 | INFO    | 21_lookback_frontier | lstm_h64_l1_w48_H24_s42 epoch  26/60  train 0.11328  val 0.13391  lr 2.03e-03  0.4s
00:50:09 | INFO    | 21_lookback_frontier | lstm_h64_l1_w48_H24_s42 epoch  27/60  train 0.11249  val 0.11147  lr 1.95e-03  0.4s
00:50:09 | INFO    | 21_lookback_frontier | lstm_h64_l1_w48_H24_s42 epoch  28/60  train 0.11094  val 0.12191  lr 1.87e-03  0.4s
00:50:09 | INFO    | 21_lookback_frontier | lstm_h64_l1_w48_H24_s42 epoch  29/60  train 0.11088  val 0.12330  lr 1.79e-03  0.4s
00:50:09 | INFO    | 21_lookback_frontier | lstm_h64_l1_w48_H24_s1337: 21569 params | train 25787 windows, val 5955 | 101 steps/epoch | matrix 5.4 MB on device
00:50:10 | INFO    | 21_lookback_frontier | lstm_h64_l1_w48_H24_s1337 epoch   1/60  train 1.09664  val 0.14915  lr 1.00e-03  0.4s  *
00:50:10 | INFO    | 21_lookback_frontier | lstm_h64_l1_w48_H24_s1337 epoch   2/60  train 0.16716  val 0.15087  lr 2.00e-03  0.4s
00:50:11 | INFO    | 21_lookback_frontier | lstm_h64_l1_w48_H24_s1337 epoch   3/60  train 0.15831  val 0.12802  lr 3.00e-03  0.4s  *
00:50:11 | INFO    | 21_lookback_frontier | lstm_h64_l1_w48_H24_s1337 epoch   4/60  train 0.15315  val 0.12499  lr 3.00e-03  0.4s  *
00:50:11 | INFO    | 21_lookback_frontier | lstm_h64_l1_w48_H24_s1337 epoch   5/60  train 0.15298  val 0.14583  lr 3.00e-03  0.4s
00:50:12 | INFO    | 21_lookback_frontier | lstm_h64_l1_w48_H24_s1337 epoch   6/60  train 0.14976  val 0.15398  lr 2.99e-03  0.4s
00:50:12 | INFO    | 21_lookback_frontier | lstm_h64_l1_w48_H24_s1337 epoch   7/60  train 0.14966  val 0.17238  lr 2.98e-03  0.4s
00:50:12 | INFO    | 21_lookback_frontier | lstm_h64_l1_w48_H24_s1337 epoch   8/60  train 0.14601  val 0.12978  lr 2.96e-03  0.4s
00:50:13 | INFO    | 21_lookback_frontier | lstm_h64_l1_w48_H24_s1337 epoch   9/60  train 0.14165  val 0.12224  lr 2.94e-03  0.4s  *
00:50:13 | INFO    | 21_lookback_frontier | lstm_h64_l1_w48_H24_s1337 epoch  10/60  train 0.13945  val 0.13645  lr 2.92e-03  0.4s
00:50:14 | INFO    | 21_lookback_frontier | lstm_h64_l1_w48_H24_s1337 epoch  11/60  train 0.13783  val 0.11030  lr 2.89e-03  0.4s  *
00:50:14 | INFO    | 21_lookback_frontier | lstm_h64_l1_w48_H24_s1337 epoch  12/60  train 0.13680  val 0.11529  lr 2.86e-03  0.4s
00:50:14 | INFO    | 21_lookback_frontier | lstm_h64_l1_w48_H24_s1337 epoch  13/60  train 0.13464  val 0.12655  lr 2.82e-03  0.4s
00:50:15 | INFO    | 21_lookback_frontier | lstm_h64_l1_w48_H24_s1337 epoch  14/60  train 0.13238  val 0.14205  lr 2.78e-03  0.4s
00:50:15 | INFO    | 21_lookback_frontier | lstm_h64_l1_w48_H24_s1337 epoch  15/60  train 0.13060  val 0.11512  lr 2.73e-03  0.4s
00:50:16 | INFO    | 21_lookback_frontier | lstm_h64_l1_w48_H24_s1337 epoch  16/60  train 0.12769  val 0.12085  lr 2.68e-03  0.4s
00:50:16 | INFO    | 21_lookback_frontier | lstm_h64_l1_w48_H24_s1337 epoch  17/60  train 0.12550  val 0.14169  lr 2.63e-03  0.4s
00:50:16 | INFO    | 21_lookback_frontier | lstm_h64_l1_w48_H24_s1337 epoch  18/60  train 0.12746  val 0.11231  lr 2.58e-03  0.4s
00:50:17 | INFO    | 21_lookback_frontier | lstm_h64_l1_w48_H24_s1337 epoch  19/60  train 0.12395  val 0.13953  lr 2.52e-03  0.4s
00:50:17 | INFO    | 21_lookback_frontier | lstm_h64_l1_w48_H24_s1337 epoch  20/60  train 0.12164  val 0.11989  lr 2.46e-03  0.4s
00:50:18 | INFO    | 21_lookback_frontier | lstm_h64_l1_w48_H24_s1337 epoch  21/60  train 0.12250  val 0.11838  lr 2.39e-03  0.5s
00:50:18 | INFO    | 21_lookback_frontier | lstm_h64_l1_w48_H24_s1337 epoch  22/60  train 0.11978  val 0.11862  lr 2.32e-03  0.4s
00:50:19 | INFO    | 21_lookback_frontier | lstm_h64_l1_w48_H24_s1337 epoch  23/60  train 0.11877  val 0.12517  lr 2.25e-03  0.4s
00:50:19 | INFO    | 21_lookback_frontier | lstm_h64_l1_w48_H24_s1337 epoch  24/60  train 0.11646  val 0.13071  lr 2.18e-03  0.5s
00:50:19 | INFO    | 21_lookback_frontier | lstm_h64_l1_w48_H24_s1337 epoch  25/60  train 0.11617  val 0.11507  lr 2.11e-03  0.4s
00:50:20 | INFO    | 21_lookback_frontier | lstm_h64_l1_w48_H24_s1337 epoch  26/60  train 0.11389  val 0.14356  lr 2.03e-03  0.5s
00:50:20 | INFO    | 21_lookback_frontier | lstm_h64_l1_w48_H24_s2024: 21569 params | train 25787 windows, val 5955 | 101 steps/epoch | matrix 5.4 MB on device
00:50:20 | INFO    | 21_lookback_frontier | lstm_h64_l1_w48_H24_s2024 epoch   1/60  train 1.12864  val 0.15877  lr 1.00e-03  0.5s  *
00:50:21 | INFO    | 21_lookback_frontier | lstm_h64_l1_w48_H24_s2024 epoch   2/60  train 0.17217  val 0.12698  lr 2.00e-03  0.8s  *
00:50:22 | INFO    | 21_lookback_frontier | lstm_h64_l1_w48_H24_s2024 epoch   3/60  train 0.16032  val 0.11523  lr 3.00e-03  0.7s  *
00:50:23 | INFO    | 21_lookback_frontier | lstm_h64_l1_w48_H24_s2024 epoch   4/60  train 0.15830  val 0.14426  lr 3.00e-03  0.7s
00:50:23 | INFO    | 21_lookback_frontier | lstm_h64_l1_w48_H24_s2024 epoch   5/60  train 0.15345  val 0.10963  lr 3.00e-03  0.6s  *
00:50:24 | INFO    | 21_lookback_frontier | lstm_h64_l1_w48_H24_s2024 epoch   6/60  train 0.15289  val 0.12544  lr 2.99e-03  0.5s
00:50:24 | INFO    | 21_lookback_frontier | lstm_h64_l1_w48_H24_s2024 epoch   7/60  train 0.14945  val 0.14069  lr 2.98e-03  0.5s
00:50:25 | INFO    | 21_lookback_frontier | lstm_h64_l1_w48_H24_s2024 epoch   8/60  train 0.14731  val 0.12294  lr 2.96e-03  0.4s
00:50:25 | INFO    | 21_lookback_frontier | lstm_h64_l1_w48_H24_s2024 epoch   9/60  train 0.14402  val 0.10611  lr 2.94e-03  0.6s  *
00:50:26 | INFO    | 21_lookback_frontier | lstm_h64_l1_w48_H24_s2024 epoch  10/60  train 0.14409  val 0.10880  lr 2.92e-03  0.5s
00:50:26 | INFO    | 21_lookback_frontier | lstm_h64_l1_w48_H24_s2024 epoch  11/60  train 0.13936  val 0.11510  lr 2.89e-03  0.5s
00:50:27 | INFO    | 21_lookback_frontier | lstm_h64_l1_w48_H24_s2024 epoch  12/60  train 0.14003  val 0.11022  lr 2.86e-03  0.5s
00:50:27 | INFO    | 21_lookback_frontier | lstm_h64_l1_w48_H24_s2024 epoch  13/60  train 0.13843  val 0.10973  lr 2.82e-03  0.5s
00:50:28 | INFO    | 21_lookback_frontier | lstm_h64_l1_w48_H24_s2024 epoch  14/60  train 0.13694  val 0.12012  lr 2.78e-03  0.5s
00:50:28 | INFO    | 21_lookback_frontier | lstm_h64_l1_w48_H24_s2024 epoch  15/60  train 0.13572  val 0.13135  lr 2.73e-03  0.5s
00:50:29 | INFO    | 21_lookback_frontier | lstm_h64_l1_w48_H24_s2024 epoch  16/60  train 0.13507  val 0.12361  lr 2.68e-03  0.5s
00:50:29 | INFO    | 21_lookback_frontier | lstm_h64_l1_w48_H24_s2024 epoch  17/60  train 0.12969  val 0.11702  lr 2.63e-03  0.5s
00:50:30 | INFO    | 21_lookback_frontier | lstm_h64_l1_w48_H24_s2024 epoch  18/60  train 0.13097  val 0.14215  lr 2.58e-03  0.5s
00:50:30 | INFO    | 21_lookback_frontier | lstm_h64_l1_w48_H24_s2024 epoch  19/60  train 0.12794  val 0.11873  lr 2.52e-03  0.5s
00:50:31 | INFO    | 21_lookback_frontier | lstm_h64_l1_w48_H24_s2024 epoch  20/60  train 0.12601  val 0.11672  lr 2.46e-03  0.6s
00:50:31 | INFO    | 21_lookback_frontier | lstm_h64_l1_w48_H24_s2024 epoch  21/60  train 0.12437  val 0.13657  lr 2.39e-03  0.6s
00:50:32 | INFO    | 21_lookback_frontier | lstm_h64_l1_w48_H24_s2024 epoch  22/60  train 0.12187  val 0.11400  lr 2.32e-03  0.5s
00:50:32 | INFO    | 21_lookback_frontier | lstm_h64_l1_w48_H24_s2024 epoch  23/60  train 0.11943  val 0.11668  lr 2.25e-03  0.5s
00:50:33 | INFO    | 21_lookback_frontier | lstm_h64_l1_w48_H24_s2024 epoch  24/60  train 0.11792  val 0.11267  lr 2.18e-03  0.5s
00:50:33 | INFO    | 21_lookback_frontier |     lstm_h64_l1    w48   R=192  RMSE   57.38  avail 0.8348
00:50:33 | INFO    | 21_lookback_frontier | lstm_h64_l1_w24_H24_s42: 21569 params | train 25787 windows, val 5955 | 101 steps/epoch | matrix 5.4 MB on device
00:50:34 | INFO    | 21_lookback_frontier | lstm_h64_l1_w24_H24_s42 epoch   1/60  train 1.14012  val 0.15791  lr 1.00e-03  0.7s  *
00:50:35 | INFO    | 21_lookback_frontier | lstm_h64_l1_w24_H24_s42 epoch   2/60  train 0.16645  val 0.13849  lr 2.00e-03  0.5s  *
00:50:35 | INFO    | 21_lookback_frontier | lstm_h64_l1_w24_H24_s42 epoch   3/60  train 0.15607  val 0.11228  lr 3.00e-03  0.5s  *
00:50:36 | INFO    | 21_lookback_frontier | lstm_h64_l1_w24_H24_s42 epoch   4/60  train 0.15434  val 0.15035  lr 3.00e-03  0.6s
00:50:37 | INFO    | 21_lookback_frontier | lstm_h64_l1_w24_H24_s42 epoch   5/60  train 0.15036  val 0.14969  lr 3.00e-03  0.7s
00:50:37 | INFO    | 21_lookback_frontier | lstm_h64_l1_w24_H24_s42 epoch   6/60  train 0.14818  val 0.13099  lr 2.99e-03  0.5s
00:50:38 | INFO    | 21_lookback_frontier | lstm_h64_l1_w24_H24_s42 epoch   7/60  train 0.14608  val 0.11428  lr 2.98e-03  0.5s
00:50:38 | INFO    | 21_lookback_frontier | lstm_h64_l1_w24_H24_s42 epoch   8/60  train 0.14384  val 0.13785  lr 2.96e-03  0.5s
00:50:39 | INFO    | 21_lookback_frontier | lstm_h64_l1_w24_H24_s42 epoch   9/60  train 0.14150  val 0.14533  lr 2.94e-03  0.5s
00:50:39 | INFO    | 21_lookback_frontier | lstm_h64_l1_w24_H24_s42 epoch  10/60  train 0.14057  val 0.12841  lr 2.92e-03  0.5s
00:50:40 | INFO    | 21_lookback_frontier | lstm_h64_l1_w24_H24_s42 epoch  11/60  train 0.13705  val 0.15526  lr 2.89e-03  0.5s
00:50:40 | INFO    | 21_lookback_frontier | lstm_h64_l1_w24_H24_s42 epoch  12/60  train 0.13528  val 0.13271  lr 2.86e-03  0.5s
00:50:41 | INFO    | 21_lookback_frontier | lstm_h64_l1_w24_H24_s42 epoch  13/60  train 0.13335  val 0.15001  lr 2.82e-03  0.5s
00:50:41 | INFO    | 21_lookback_frontier | lstm_h64_l1_w24_H24_s42 epoch  14/60  train 0.13238  val 0.10703  lr 2.78e-03  0.5s  *
00:50:42 | INFO    | 21_lookback_frontier | lstm_h64_l1_w24_H24_s42 epoch  15/60  train 0.13094  val 0.13046  lr 2.73e-03  0.4s
00:50:42 | INFO    | 21_lookback_frontier | lstm_h64_l1_w24_H24_s42 epoch  16/60  train 0.12880  val 0.12470  lr 2.68e-03  0.4s
00:50:43 | INFO    | 21_lookback_frontier | lstm_h64_l1_w24_H24_s42 epoch  17/60  train 0.12761  val 0.11396  lr 2.63e-03  0.5s
00:50:43 | INFO    | 21_lookback_frontier | lstm_h64_l1_w24_H24_s42 epoch  18/60  train 0.12507  val 0.12372  lr 2.58e-03  0.4s
00:50:43 | INFO    | 21_lookback_frontier | lstm_h64_l1_w24_H24_s42 epoch  19/60  train 0.12494  val 0.12508  lr 2.52e-03  0.5s
00:50:44 | INFO    | 21_lookback_frontier | lstm_h64_l1_w24_H24_s42 epoch  20/60  train 0.12373  val 0.11715  lr 2.46e-03  0.4s
00:50:44 | INFO    | 21_lookback_frontier | lstm_h64_l1_w24_H24_s42 epoch  21/60  train 0.12266  val 0.12402  lr 2.39e-03  0.4s
00:50:45 | INFO    | 21_lookback_frontier | lstm_h64_l1_w24_H24_s42 epoch  22/60  train 0.12016  val 0.12322  lr 2.32e-03  0.4s
00:50:45 | INFO    | 21_lookback_frontier | lstm_h64_l1_w24_H24_s42 epoch  23/60  train 0.11817  val 0.12743  lr 2.25e-03  0.5s
00:50:46 | INFO    | 21_lookback_frontier | lstm_h64_l1_w24_H24_s42 epoch  24/60  train 0.11767  val 0.12266  lr 2.18e-03  0.5s
00:50:46 | INFO    | 21_lookback_frontier | lstm_h64_l1_w24_H24_s42 epoch  25/60  train 0.11563  val 0.13366  lr 2.11e-03  0.5s
00:50:47 | INFO    | 21_lookback_frontier | lstm_h64_l1_w24_H24_s42 epoch  26/60  train 0.11219  val 0.13372  lr 2.03e-03  0.4s
00:50:47 | INFO    | 21_lookback_frontier | lstm_h64_l1_w24_H24_s42 epoch  27/60  train 0.11162  val 0.12306  lr 1.95e-03  0.4s
00:50:47 | INFO    | 21_lookback_frontier | lstm_h64_l1_w24_H24_s42 epoch  28/60  train 0.10938  val 0.13116  lr 1.87e-03  0.5s
00:50:48 | INFO    | 21_lookback_frontier | lstm_h64_l1_w24_H24_s42 epoch  29/60  train 0.10819  val 0.13362  lr 1.79e-03  0.5s
00:50:48 | INFO    | 21_lookback_frontier | lstm_h64_l1_w24_H24_s1337: 21569 params | train 25787 windows, val 5955 | 101 steps/epoch | matrix 5.4 MB on device
00:50:49 | INFO    | 21_lookback_frontier | lstm_h64_l1_w24_H24_s1337 epoch   1/60  train 1.10011  val 0.14897  lr 1.00e-03  0.4s  *
00:50:49 | INFO    | 21_lookback_frontier | lstm_h64_l1_w24_H24_s1337 epoch   2/60  train 0.16719  val 0.15053  lr 2.00e-03  0.5s
00:50:49 | INFO    | 21_lookback_frontier | lstm_h64_l1_w24_H24_s1337 epoch   3/60  train 0.15838  val 0.12757  lr 3.00e-03  0.5s  *
00:50:50 | INFO    | 21_lookback_frontier | lstm_h64_l1_w24_H24_s1337 epoch   4/60  train 0.15310  val 0.12468  lr 3.00e-03  0.5s  *
00:50:50 | INFO    | 21_lookback_frontier | lstm_h64_l1_w24_H24_s1337 epoch   5/60  train 0.15286  val 0.14986  lr 3.00e-03  0.4s
00:50:51 | INFO    | 21_lookback_frontier | lstm_h64_l1_w24_H24_s1337 epoch   6/60  train 0.14983  val 0.14703  lr 2.99e-03  0.5s
00:50:51 | INFO    | 21_lookback_frontier | lstm_h64_l1_w24_H24_s1337 epoch   7/60  train 0.14861  val 0.15626  lr 2.98e-03  0.4s
00:50:52 | INFO    | 21_lookback_frontier | lstm_h64_l1_w24_H24_s1337 epoch   8/60  train 0.14470  val 0.12354  lr 2.96e-03  0.4s  *
00:50:52 | INFO    | 21_lookback_frontier | lstm_h64_l1_w24_H24_s1337 epoch   9/60  train 0.14072  val 0.12442  lr 2.94e-03  0.4s
00:50:53 | INFO    | 21_lookback_frontier | lstm_h64_l1_w24_H24_s1337 epoch  10/60  train 0.13927  val 0.13758  lr 2.92e-03  0.5s
00:50:53 | INFO    | 21_lookback_frontier | lstm_h64_l1_w24_H24_s1337 epoch  11/60  train 0.13747  val 0.11151  lr 2.89e-03  0.6s  *
00:50:54 | INFO    | 21_lookback_frontier | lstm_h64_l1_w24_H24_s1337 epoch  12/60  train 0.13675  val 0.11221  lr 2.86e-03  0.5s
00:50:54 | INFO    | 21_lookback_frontier | lstm_h64_l1_w24_H24_s1337 epoch  13/60  train 0.13468  val 0.13064  lr 2.82e-03  0.5s
00:50:55 | INFO    | 21_lookback_frontier | lstm_h64_l1_w24_H24_s1337 epoch  14/60  train 0.13191  val 0.14171  lr 2.78e-03  0.4s
00:50:55 | INFO    | 21_lookback_frontier | lstm_h64_l1_w24_H24_s1337 epoch  15/60  train 0.13075  val 0.11831  lr 2.73e-03  0.5s
00:50:56 | INFO    | 21_lookback_frontier | lstm_h64_l1_w24_H24_s1337 epoch  16/60  train 0.12852  val 0.11578  lr 2.68e-03  0.4s
00:50:56 | INFO    | 21_lookback_frontier | lstm_h64_l1_w24_H24_s1337 epoch  17/60  train 0.12622  val 0.13612  lr 2.63e-03  0.5s
00:50:57 | INFO    | 21_lookback_frontier | lstm_h64_l1_w24_H24_s1337 epoch  18/60  train 0.12687  val 0.11602  lr 2.58e-03  0.4s
00:50:57 | INFO    | 21_lookback_frontier | lstm_h64_l1_w24_H24_s1337 epoch  19/60  train 0.12253  val 0.14926  lr 2.52e-03  0.5s
00:50:58 | INFO    | 21_lookback_frontier | lstm_h64_l1_w24_H24_s1337 epoch  20/60  train 0.12148  val 0.12026  lr 2.46e-03  0.5s
00:50:58 | INFO    | 21_lookback_frontier | lstm_h64_l1_w24_H24_s1337 epoch  21/60  train 0.12194  val 0.12472  lr 2.39e-03  0.5s
00:50:59 | INFO    | 21_lookback_frontier | lstm_h64_l1_w24_H24_s1337 epoch  22/60  train 0.11880  val 0.11964  lr 2.32e-03  0.6s
00:50:59 | INFO    | 21_lookback_frontier | lstm_h64_l1_w24_H24_s1337 epoch  23/60  train 0.11668  val 0.12844  lr 2.25e-03  0.5s
00:51:00 | INFO    | 21_lookback_frontier | lstm_h64_l1_w24_H24_s1337 epoch  24/60  train 0.11397  val 0.14335  lr 2.18e-03  0.5s
00:51:01 | INFO    | 21_lookback_frontier | lstm_h64_l1_w24_H24_s1337 epoch  25/60  train 0.11414  val 0.11985  lr 2.11e-03  0.5s
00:51:01 | INFO    | 21_lookback_frontier | lstm_h64_l1_w24_H24_s1337 epoch  26/60  train 0.11050  val 0.15160  lr 2.03e-03  0.5s
00:51:02 | INFO    | 21_lookback_frontier | lstm_h64_l1_w24_H24_s2024: 21569 params | train 25787 windows, val 5955 | 101 steps/epoch | matrix 5.4 MB on device
00:51:02 | INFO    | 21_lookback_frontier | lstm_h64_l1_w24_H24_s2024 epoch   1/60  train 1.13199  val 0.15857  lr 1.00e-03  0.5s  *
00:51:03 | INFO    | 21_lookback_frontier | lstm_h64_l1_w24_H24_s2024 epoch   2/60  train 0.17191  val 0.12992  lr 2.00e-03  0.6s  *
00:51:03 | INFO    | 21_lookback_frontier | lstm_h64_l1_w24_H24_s2024 epoch   3/60  train 0.16029  val 0.11429  lr 3.00e-03  0.7s  *
00:51:04 | INFO    | 21_lookback_frontier | lstm_h64_l1_w24_H24_s2024 epoch   4/60  train 0.15795  val 0.14241  lr 3.00e-03  0.5s
00:51:05 | INFO    | 21_lookback_frontier | lstm_h64_l1_w24_H24_s2024 epoch   5/60  train 0.15299  val 0.11000  lr 3.00e-03  0.5s  *
00:51:05 | INFO    | 21_lookback_frontier | lstm_h64_l1_w24_H24_s2024 epoch   6/60  train 0.15176  val 0.12485  lr 2.99e-03  0.5s
00:51:06 | INFO    | 21_lookback_frontier | lstm_h64_l1_w24_H24_s2024 epoch   7/60  train 0.14849  val 0.14740  lr 2.98e-03  0.5s
00:51:06 | INFO    | 21_lookback_frontier | lstm_h64_l1_w24_H24_s2024 epoch   8/60  train 0.14591  val 0.13401  lr 2.96e-03  0.6s
00:51:07 | INFO    | 21_lookback_frontier | lstm_h64_l1_w24_H24_s2024 epoch   9/60  train 0.14318  val 0.11303  lr 2.94e-03  0.6s
00:51:07 | INFO    | 21_lookback_frontier | lstm_h64_l1_w24_H24_s2024 epoch  10/60  train 0.14214  val 0.11406  lr 2.92e-03  0.5s
00:51:08 | INFO    | 21_lookback_frontier | lstm_h64_l1_w24_H24_s2024 epoch  11/60  train 0.13863  val 0.11272  lr 2.89e-03  0.6s
00:51:08 | INFO    | 21_lookback_frontier | lstm_h64_l1_w24_H24_s2024 epoch  12/60  train 0.13853  val 0.11389  lr 2.86e-03  0.5s
00:51:09 | INFO    | 21_lookback_frontier | lstm_h64_l1_w24_H24_s2024 epoch  13/60  train 0.13622  val 0.10803  lr 2.82e-03  0.6s  *
00:51:10 | INFO    | 21_lookback_frontier | lstm_h64_l1_w24_H24_s2024 epoch  14/60  train 0.13504  val 0.11320  lr 2.78e-03  0.5s
00:51:10 | INFO    | 21_lookback_frontier | lstm_h64_l1_w24_H24_s2024 epoch  15/60  train 0.13354  val 0.12583  lr 2.73e-03  0.5s
00:51:11 | INFO    | 21_lookback_frontier | lstm_h64_l1_w24_H24_s2024 epoch  16/60  train 0.13217  val 0.11902  lr 2.68e-03  0.5s
00:51:11 | INFO    | 21_lookback_frontier | lstm_h64_l1_w24_H24_s2024 epoch  17/60  train 0.12808  val 0.11483  lr 2.63e-03  0.6s
00:51:12 | INFO    | 21_lookback_frontier | lstm_h64_l1_w24_H24_s2024 epoch  18/60  train 0.12902  val 0.14151  lr 2.58e-03  0.5s
00:51:12 | INFO    | 21_lookback_frontier | lstm_h64_l1_w24_H24_s2024 epoch  19/60  train 0.12619  val 0.11403  lr 2.52e-03  0.5s
00:51:13 | INFO    | 21_lookback_frontier | lstm_h64_l1_w24_H24_s2024 epoch  20/60  train 0.12437  val 0.11556  lr 2.46e-03  0.6s
00:51:13 | INFO    | 21_lookback_frontier | lstm_h64_l1_w24_H24_s2024 epoch  21/60  train 0.12184  val 0.13791  lr 2.39e-03  0.6s
00:51:14 | INFO    | 21_lookback_frontier | lstm_h64_l1_w24_H24_s2024 epoch  22/60  train 0.12078  val 0.11660  lr 2.32e-03  0.6s
00:51:15 | INFO    | 21_lookback_frontier | lstm_h64_l1_w24_H24_s2024 epoch  23/60  train 0.11855  val 0.11916  lr 2.25e-03  0.7s
00:51:16 | INFO    | 21_lookback_frontier | lstm_h64_l1_w24_H24_s2024 epoch  24/60  train 0.11676  val 0.11244  lr 2.18e-03  0.8s
00:51:16 | INFO    | 21_lookback_frontier | lstm_h64_l1_w24_H24_s2024 epoch  25/60  train 0.11488  val 0.12567  lr 2.11e-03  0.7s
00:51:17 | INFO    | 21_lookback_frontier | lstm_h64_l1_w24_H24_s2024 epoch  26/60  train 0.11374  val 0.12496  lr 2.03e-03  0.6s
00:51:17 | INFO    | 21_lookback_frontier | lstm_h64_l1_w24_H24_s2024 epoch  27/60  train 0.11178  val 0.13653  lr 1.95e-03  0.7s
00:51:18 | INFO    | 21_lookback_frontier | lstm_h64_l1_w24_H24_s2024 epoch  28/60  train 0.10872  val 0.13315  lr 1.87e-03  0.7s
00:51:18 | INFO    | 21_lookback_frontier |     lstm_h64_l1    w24   R=192  RMSE   57.70  avail 0.8348
00:51:18 | INFO    | 21_lookback_frontier | dlinear_w48_H24_s42: 1730 params | train 25787 windows, val 5955 | 101 steps/epoch | matrix 5.4 MB on device
00:51:21 | INFO    | 21_lookback_frontier | dlinear_w48_H24_s42 epoch   1/60  train 3.26961  val 2.91142  lr 1.00e-03  2.8s  *
00:51:22 | INFO    | 21_lookback_frontier | dlinear_w48_H24_s42 epoch   2/60  train 2.93659  val 2.88287  lr 2.00e-03  0.6s  *
00:51:23 | INFO    | 21_lookback_frontier | dlinear_w48_H24_s42 epoch   3/60  train 2.50928  val 2.32895  lr 3.00e-03  0.6s  *
00:51:23 | INFO    | 21_lookback_frontier | dlinear_w48_H24_s42 epoch   4/60  train 2.00460  val 1.82083  lr 3.00e-03  0.7s  *
00:51:24 | INFO    | 21_lookback_frontier | dlinear_w48_H24_s42 epoch   5/60  train 1.50669  val 1.54558  lr 3.00e-03  0.6s  *
00:51:25 | INFO    | 21_lookback_frontier | dlinear_w48_H24_s42 epoch   6/60  train 1.01990  val 0.96535  lr 2.99e-03  0.6s  *
00:51:25 | INFO    | 21_lookback_frontier | dlinear_w48_H24_s42 epoch   7/60  train 0.58520  val 0.56341  lr 2.98e-03  0.5s  *
00:51:26 | INFO    | 21_lookback_frontier | dlinear_w48_H24_s42 epoch   8/60  train 0.30161  val 0.30284  lr 2.96e-03  0.4s  *
00:51:26 | INFO    | 21_lookback_frontier | dlinear_w48_H24_s42 epoch   9/60  train 0.17214  val 0.19068  lr 2.94e-03  0.5s  *
00:51:27 | INFO    | 21_lookback_frontier | dlinear_w48_H24_s42 epoch  10/60  train 0.15168  val 0.20297  lr 2.92e-03  0.4s
00:51:27 | INFO    | 21_lookback_frontier | dlinear_w48_H24_s42 epoch  11/60  train 0.15155  val 0.15429  lr 2.89e-03  0.4s  *
00:51:28 | INFO    | 21_lookback_frontier | dlinear_w48_H24_s42 epoch  12/60  train 0.14663  val 0.13351  lr 2.86e-03  0.4s  *
00:51:28 | INFO    | 21_lookback_frontier | dlinear_w48_H24_s42 epoch  13/60  train 0.14412  val 0.17650  lr 2.82e-03  0.4s
00:51:28 | INFO    | 21_lookback_frontier | dlinear_w48_H24_s42 epoch  14/60  train 0.14484  val 0.15342  lr 2.78e-03  0.4s
00:51:29 | INFO    | 21_lookback_frontier | dlinear_w48_H24_s42 epoch  15/60  train 0.14567  val 0.14889  lr 2.73e-03  0.5s
00:51:29 | INFO    | 21_lookback_frontier | dlinear_w48_H24_s42 epoch  16/60  train 0.14391  val 0.14478  lr 2.68e-03  0.4s
00:51:30 | INFO    | 21_lookback_frontier | dlinear_w48_H24_s42 epoch  17/60  train 0.14384  val 0.14823  lr 2.63e-03  0.4s
00:51:30 | INFO    | 21_lookback_frontier | dlinear_w48_H24_s42 epoch  18/60  train 0.14220  val 0.13831  lr 2.58e-03  0.5s
00:51:31 | INFO    | 21_lookback_frontier | dlinear_w48_H24_s42 epoch  19/60  train 0.14411  val 0.14593  lr 2.52e-03  0.5s
00:51:32 | INFO    | 21_lookback_frontier | dlinear_w48_H24_s42 epoch  20/60  train 0.14529  val 0.14517  lr 2.46e-03  0.5s
00:51:32 | INFO    | 21_lookback_frontier | dlinear_w48_H24_s42 epoch  21/60  train 0.14304  val 0.14187  lr 2.39e-03  0.6s
00:51:33 | INFO    | 21_lookback_frontier | dlinear_w48_H24_s42 epoch  22/60  train 0.14233  val 0.17671  lr 2.32e-03  0.4s
00:51:33 | INFO    | 21_lookback_frontier | dlinear_w48_H24_s42 epoch  23/60  train 0.14277  val 0.14025  lr 2.25e-03  0.5s
00:51:34 | INFO    | 21_lookback_frontier | dlinear_w48_H24_s42 epoch  24/60  train 0.14115  val 0.15015  lr 2.18e-03  0.5s
00:51:34 | INFO    | 21_lookback_frontier | dlinear_w48_H24_s42 epoch  25/60  train 0.14051  val 0.14934  lr 2.11e-03  0.5s
00:51:35 | INFO    | 21_lookback_frontier | dlinear_w48_H24_s42 epoch  26/60  train 0.14125  val 0.15342  lr 2.03e-03  0.4s
00:51:35 | INFO    | 21_lookback_frontier | dlinear_w48_H24_s42 epoch  27/60  train 0.13886  val 0.15194  lr 1.95e-03  0.5s
00:51:35 | INFO    | 21_lookback_frontier | dlinear_w48_H24_s1337: 1730 params | train 25787 windows, val 5955 | 101 steps/epoch | matrix 5.4 MB on device
00:51:36 | INFO    | 21_lookback_frontier | dlinear_w48_H24_s1337 epoch   1/60  train 3.24808  val 2.91965  lr 1.00e-03  0.4s  *
00:51:36 | INFO    | 21_lookback_frontier | dlinear_w48_H24_s1337 epoch   2/60  train 2.93091  val 3.10503  lr 2.00e-03  0.4s
00:51:37 | INFO    | 21_lookback_frontier | dlinear_w48_H24_s1337 epoch   3/60  train 2.51287  val 2.37800  lr 3.00e-03  0.4s  *
00:51:37 | INFO    | 21_lookback_frontier | dlinear_w48_H24_s1337 epoch   4/60  train 1.99665  val 1.83447  lr 3.00e-03  0.5s  *
00:51:38 | INFO    | 21_lookback_frontier | dlinear_w48_H24_s1337 epoch   5/60  train 1.50230  val 1.53607  lr 3.00e-03  0.4s  *
00:51:38 | INFO    | 21_lookback_frontier | dlinear_w48_H24_s1337 epoch   6/60  train 1.03373  val 0.95847  lr 2.99e-03  0.5s  *
00:51:39 | INFO    | 21_lookback_frontier | dlinear_w48_H24_s1337 epoch   7/60  train 0.62196  val 0.54806  lr 2.98e-03  0.4s  *
00:51:39 | INFO    | 21_lookback_frontier | dlinear_w48_H24_s1337 epoch   8/60  train 0.31621  val 0.29838  lr 2.96e-03  0.4s  *
00:51:40 | INFO    | 21_lookback_frontier | dlinear_w48_H24_s1337 epoch   9/60  train 0.18284  val 0.18357  lr 2.94e-03  0.4s  *
00:51:40 | INFO    | 21_lookback_frontier | dlinear_w48_H24_s1337 epoch  10/60  train 0.15099  val 0.15922  lr 2.92e-03  0.5s  *
00:51:41 | INFO    | 21_lookback_frontier | dlinear_w48_H24_s1337 epoch  11/60  train 0.14552  val 0.16476  lr 2.89e-03  0.4s
00:51:41 | INFO    | 21_lookback_frontier | dlinear_w48_H24_s1337 epoch  12/60  train 0.14621  val 0.14068  lr 2.86e-03  0.4s  *
00:51:41 | INFO    | 21_lookback_frontier | dlinear_w48_H24_s1337 epoch  13/60  train 0.14662  val 0.15526  lr 2.82e-03  0.4s
00:51:42 | INFO    | 21_lookback_frontier | dlinear_w48_H24_s1337 epoch  14/60  train 0.14739  val 0.14824  lr 2.78e-03  0.5s
00:51:42 | INFO    | 21_lookback_frontier | dlinear_w48_H24_s1337 epoch  15/60  train 0.14761  val 0.13875  lr 2.73e-03  0.4s  *
00:51:43 | INFO    | 21_lookback_frontier | dlinear_w48_H24_s1337 epoch  16/60  train 0.14349  val 0.15367  lr 2.68e-03  0.4s
00:51:43 | INFO    | 21_lookback_frontier | dlinear_w48_H24_s1337 epoch  17/60  train 0.14364  val 0.14939  lr 2.63e-03  0.4s
00:51:44 | INFO    | 21_lookback_frontier | dlinear_w48_H24_s1337 epoch  18/60  train 0.14276  val 0.14004  lr 2.58e-03  0.4s
00:51:44 | INFO    | 21_lookback_frontier | dlinear_w48_H24_s1337 epoch  19/60  train 0.14439  val 0.14189  lr 2.52e-03  0.5s
00:51:45 | INFO    | 21_lookback_frontier | dlinear_w48_H24_s1337 epoch  20/60  train 0.14328  val 0.15380  lr 2.46e-03  0.4s
00:51:45 | INFO    | 21_lookback_frontier | dlinear_w48_H24_s1337 epoch  21/60  train 0.14617  val 0.14374  lr 2.39e-03  0.5s
00:51:46 | INFO    | 21_lookback_frontier | dlinear_w48_H24_s1337 epoch  22/60  train 0.14333  val 0.14645  lr 2.32e-03  0.5s
00:51:46 | INFO    | 21_lookback_frontier | dlinear_w48_H24_s1337 epoch  23/60  train 0.14154  val 0.14643  lr 2.25e-03  0.5s
00:51:47 | INFO    | 21_lookback_frontier | dlinear_w48_H24_s1337 epoch  24/60  train 0.14242  val 0.15165  lr 2.18e-03  0.4s
00:51:47 | INFO    | 21_lookback_frontier | dlinear_w48_H24_s1337 epoch  25/60  train 0.14022  val 0.15690  lr 2.11e-03  0.5s
00:51:48 | INFO    | 21_lookback_frontier | dlinear_w48_H24_s1337 epoch  26/60  train 0.13955  val 0.13930  lr 2.03e-03  0.5s
00:51:48 | INFO    | 21_lookback_frontier | dlinear_w48_H24_s1337 epoch  27/60  train 0.13992  val 0.16519  lr 1.95e-03  0.5s
00:51:49 | INFO    | 21_lookback_frontier | dlinear_w48_H24_s1337 epoch  28/60  train 0.13903  val 0.13635  lr 1.87e-03  0.4s  *
00:51:49 | INFO    | 21_lookback_frontier | dlinear_w48_H24_s1337 epoch  29/60  train 0.13789  val 0.14478  lr 1.79e-03  0.4s
00:51:50 | INFO    | 21_lookback_frontier | dlinear_w48_H24_s1337 epoch  30/60  train 0.13736  val 0.13855  lr 1.71e-03  0.5s
00:51:50 | INFO    | 21_lookback_frontier | dlinear_w48_H24_s1337 epoch  31/60  train 0.13688  val 0.14642  lr 1.63e-03  0.4s
00:51:51 | INFO    | 21_lookback_frontier | dlinear_w48_H24_s1337 epoch  32/60  train 0.13665  val 0.13626  lr 1.55e-03  0.4s
00:51:51 | INFO    | 21_lookback_frontier | dlinear_w48_H24_s1337 epoch  33/60  train 0.13655  val 0.14144  lr 1.46e-03  0.4s
00:51:52 | INFO    | 21_lookback_frontier | dlinear_w48_H24_s1337 epoch  34/60  train 0.13482  val 0.15398  lr 1.38e-03  0.4s
00:51:52 | INFO    | 21_lookback_frontier | dlinear_w48_H24_s1337 epoch  35/60  train 0.13606  val 0.13534  lr 1.30e-03  0.4s  *
00:51:52 | INFO    | 21_lookback_frontier | dlinear_w48_H24_s1337 epoch  36/60  train 0.13498  val 0.14486  lr 1.22e-03  0.3s
00:51:53 | INFO    | 21_lookback_frontier | dlinear_w48_H24_s1337 epoch  37/60  train 0.13464  val 0.15561  lr 1.14e-03  0.5s
00:51:53 | INFO    | 21_lookback_frontier | dlinear_w48_H24_s1337 epoch  38/60  train 0.13379  val 0.13615  lr 1.06e-03  0.4s
00:51:54 | INFO    | 21_lookback_frontier | dlinear_w48_H24_s1337 epoch  39/60  train 0.13305  val 0.14932  lr 9.81e-04  0.5s
00:51:54 | INFO    | 21_lookback_frontier | dlinear_w48_H24_s1337 epoch  40/60  train 0.13211  val 0.14639  lr 9.04e-04  0.4s
00:51:55 | INFO    | 21_lookback_frontier | dlinear_w48_H24_s1337 epoch  41/60  train 0.13210  val 0.14345  lr 8.30e-04  0.4s
00:51:55 | INFO    | 21_lookback_frontier | dlinear_w48_H24_s1337 epoch  42/60  train 0.13158  val 0.13839  lr 7.58e-04  0.5s
00:51:56 | INFO    | 21_lookback_frontier | dlinear_w48_H24_s1337 epoch  43/60  train 0.13109  val 0.14128  lr 6.87e-04  0.5s
00:51:56 | INFO    | 21_lookback_frontier | dlinear_w48_H24_s1337 epoch  44/60  train 0.13146  val 0.14411  lr 6.20e-04  0.4s
00:51:57 | INFO    | 21_lookback_frontier | dlinear_w48_H24_s1337 epoch  45/60  train 0.13043  val 0.13266  lr 5.55e-04  0.4s  *
00:51:57 | INFO    | 21_lookback_frontier | dlinear_w48_H24_s1337 epoch  46/60  train 0.13022  val 0.13943  lr 4.92e-04  0.4s
00:51:57 | INFO    | 21_lookback_frontier | dlinear_w48_H24_s1337 epoch  47/60  train 0.12906  val 0.13950  lr 4.33e-04  0.4s
00:51:58 | INFO    | 21_lookback_frontier | dlinear_w48_H24_s1337 epoch  48/60  train 0.12847  val 0.14627  lr 3.78e-04  0.4s
00:51:58 | INFO    | 21_lookback_frontier | dlinear_w48_H24_s1337 epoch  49/60  train 0.12849  val 0.14294  lr 3.25e-04  0.4s
00:51:59 | INFO    | 21_lookback_frontier | dlinear_w48_H24_s1337 epoch  50/60  train 0.12797  val 0.14320  lr 2.76e-04  0.4s
00:51:59 | INFO    | 21_lookback_frontier | dlinear_w48_H24_s1337 epoch  51/60  train 0.12712  val 0.13591  lr 2.31e-04  0.4s
00:52:00 | INFO    | 21_lookback_frontier | dlinear_w48_H24_s1337 epoch  52/60  train 0.12683  val 0.13533  lr 1.90e-04  0.4s
00:52:00 | INFO    | 21_lookback_frontier | dlinear_w48_H24_s1337 epoch  53/60  train 0.12724  val 0.13718  lr 1.53e-04  0.3s
00:52:00 | INFO    | 21_lookback_frontier | dlinear_w48_H24_s1337 epoch  54/60  train 0.12702  val 0.13848  lr 1.20e-04  0.4s
00:52:01 | INFO    | 21_lookback_frontier | dlinear_w48_H24_s1337 epoch  55/60  train 0.12677  val 0.13832  lr 9.10e-05  0.4s
00:52:01 | INFO    | 21_lookback_frontier | dlinear_w48_H24_s1337 epoch  56/60  train 0.12657  val 0.13855  lr 6.64e-05  0.5s
00:52:02 | INFO    | 21_lookback_frontier | dlinear_w48_H24_s1337 epoch  57/60  train 0.12611  val 0.13743  lr 4.62e-05  0.7s
00:52:03 | INFO    | 21_lookback_frontier | dlinear_w48_H24_s1337 epoch  58/60  train 0.12621  val 0.13802  lr 3.04e-05  0.5s
00:52:03 | INFO    | 21_lookback_frontier | dlinear_w48_H24_s1337 epoch  59/60  train 0.12628  val 0.13697  lr 1.91e-05  0.5s
00:52:04 | INFO    | 21_lookback_frontier | dlinear_w48_H24_s1337 epoch  60/60  train 0.12597  val 0.13835  lr 1.23e-05  0.5s
00:52:04 | INFO    | 21_lookback_frontier | dlinear_w48_H24_s2024: 1730 params | train 25787 windows, val 5955 | 101 steps/epoch | matrix 5.4 MB on device
00:52:04 | INFO    | 21_lookback_frontier | dlinear_w48_H24_s2024 epoch   1/60  train 3.23250  val 2.77428  lr 1.00e-03  0.4s  *
00:52:05 | INFO    | 21_lookback_frontier | dlinear_w48_H24_s2024 epoch   2/60  train 2.90314  val 2.78738  lr 2.00e-03  0.4s
00:52:05 | INFO    | 21_lookback_frontier | dlinear_w48_H24_s2024 epoch   3/60  train 2.48870  val 2.55822  lr 3.00e-03  0.4s  *
00:52:06 | INFO    | 21_lookback_frontier | dlinear_w48_H24_s2024 epoch   4/60  train 1.98631  val 1.96782  lr 3.00e-03  0.5s  *
00:52:06 | INFO    | 21_lookback_frontier | dlinear_w48_H24_s2024 epoch   5/60  train 1.48882  val 1.54908  lr 3.00e-03  0.5s  *
00:52:07 | INFO    | 21_lookback_frontier | dlinear_w48_H24_s2024 epoch   6/60  train 1.01965  val 1.02774  lr 2.99e-03  0.4s  *
00:52:07 | INFO    | 21_lookback_frontier | dlinear_w48_H24_s2024 epoch   7/60  train 0.59755  val 0.55290  lr 2.98e-03  0.4s  *
00:52:08 | INFO    | 21_lookback_frontier | dlinear_w48_H24_s2024 epoch   8/60  train 0.30315  val 0.29963  lr 2.96e-03  0.4s  *
00:52:08 | INFO    | 21_lookback_frontier | dlinear_w48_H24_s2024 epoch   9/60  train 0.18840  val 0.17897  lr 2.94e-03  0.4s  *
00:52:09 | INFO    | 21_lookback_frontier | dlinear_w48_H24_s2024 epoch  10/60  train 0.15232  val 0.16002  lr 2.92e-03  0.3s  *
00:52:09 | INFO    | 21_lookback_frontier | dlinear_w48_H24_s2024 epoch  11/60  train 0.15177  val 0.22365  lr 2.89e-03  0.5s
00:52:10 | INFO    | 21_lookback_frontier | dlinear_w48_H24_s2024 epoch  12/60  train 0.15037  val 0.14269  lr 2.86e-03  0.4s  *
00:52:10 | INFO    | 21_lookback_frontier | dlinear_w48_H24_s2024 epoch  13/60  train 0.14649  val 0.15595  lr 2.82e-03  0.5s
00:52:11 | INFO    | 21_lookback_frontier | dlinear_w48_H24_s2024 epoch  14/60  train 0.14338  val 0.15291  lr 2.78e-03  0.5s
00:52:11 | INFO    | 21_lookback_frontier | dlinear_w48_H24_s2024 epoch  15/60  train 0.14392  val 0.15124  lr 2.73e-03  0.5s
00:52:12 | INFO    | 21_lookback_frontier | dlinear_w48_H24_s2024 epoch  16/60  train 0.14915  val 0.13590  lr 2.68e-03  0.5s  *
00:52:12 | INFO    | 21_lookback_frontier | dlinear_w48_H24_s2024 epoch  17/60  train 0.14837  val 0.14873  lr 2.63e-03  0.6s
00:52:13 | INFO    | 21_lookback_frontier | dlinear_w48_H24_s2024 epoch  18/60  train 0.14469  val 0.13984  lr 2.58e-03  0.6s
00:52:14 | INFO    | 21_lookback_frontier | dlinear_w48_H24_s2024 epoch  19/60  train 0.14332  val 0.15610  lr 2.52e-03  0.5s
00:52:14 | INFO    | 21_lookback_frontier | dlinear_w48_H24_s2024 epoch  20/60  train 0.14296  val 0.15410  lr 2.46e-03  0.6s
00:52:15 | INFO    | 21_lookback_frontier | dlinear_w48_H24_s2024 epoch  21/60  train 0.14220  val 0.16623  lr 2.39e-03  0.4s
00:52:15 | INFO    | 21_lookback_frontier | dlinear_w48_H24_s2024 epoch  22/60  train 0.14276  val 0.14348  lr 2.32e-03  0.6s
00:52:16 | INFO    | 21_lookback_frontier | dlinear_w48_H24_s2024 epoch  23/60  train 0.14073  val 0.15518  lr 2.25e-03  0.5s
00:52:17 | INFO    | 21_lookback_frontier | dlinear_w48_H24_s2024 epoch  24/60  train 0.14055  val 0.14978  lr 2.18e-03  0.6s
00:52:17 | INFO    | 21_lookback_frontier | dlinear_w48_H24_s2024 epoch  25/60  train 0.14157  val 0.17425  lr 2.11e-03  0.6s
00:52:18 | INFO    | 21_lookback_frontier | dlinear_w48_H24_s2024 epoch  26/60  train 0.13961  val 0.13381  lr 2.03e-03  0.5s  *
00:52:19 | INFO    | 21_lookback_frontier | dlinear_w48_H24_s2024 epoch  27/60  train 0.14032  val 0.13796  lr 1.95e-03  0.6s
00:52:19 | INFO    | 21_lookback_frontier | dlinear_w48_H24_s2024 epoch  28/60  train 0.14074  val 0.19273  lr 1.87e-03  0.5s
00:52:20 | INFO    | 21_lookback_frontier | dlinear_w48_H24_s2024 epoch  29/60  train 0.14032  val 0.14348  lr 1.79e-03  0.6s
00:52:20 | INFO    | 21_lookback_frontier | dlinear_w48_H24_s2024 epoch  30/60  train 0.13782  val 0.14778  lr 1.71e-03  0.4s
00:52:21 | INFO    | 21_lookback_frontier | dlinear_w48_H24_s2024 epoch  31/60  train 0.13743  val 0.15835  lr 1.63e-03  0.4s
00:52:21 | INFO    | 21_lookback_frontier | dlinear_w48_H24_s2024 epoch  32/60  train 0.13655  val 0.14699  lr 1.55e-03  0.4s
00:52:22 | INFO    | 21_lookback_frontier | dlinear_w48_H24_s2024 epoch  33/60  train 0.13828  val 0.15317  lr 1.46e-03  0.5s
00:52:22 | INFO    | 21_lookback_frontier | dlinear_w48_H24_s2024 epoch  34/60  train 0.13571  val 0.13710  lr 1.38e-03  0.5s
00:52:23 | INFO    | 21_lookback_frontier | dlinear_w48_H24_s2024 epoch  35/60  train 0.13590  val 0.13944  lr 1.30e-03  0.6s
00:52:24 | INFO    | 21_lookback_frontier | dlinear_w48_H24_s2024 epoch  36/60  train 0.13537  val 0.13202  lr 1.22e-03  0.6s  *
00:52:24 | INFO    | 21_lookback_frontier | dlinear_w48_H24_s2024 epoch  37/60  train 0.13466  val 0.14013  lr 1.14e-03  0.7s
00:52:25 | INFO    | 21_lookback_frontier | dlinear_w48_H24_s2024 epoch  38/60  train 0.13463  val 0.13460  lr 1.06e-03  0.4s
00:52:25 | INFO    | 21_lookback_frontier | dlinear_w48_H24_s2024 epoch  39/60  train 0.13238  val 0.14027  lr 9.81e-04  0.4s
00:52:26 | INFO    | 21_lookback_frontier | dlinear_w48_H24_s2024 epoch  40/60  train 0.13262  val 0.15095  lr 9.04e-04  0.5s
00:52:26 | INFO    | 21_lookback_frontier | dlinear_w48_H24_s2024 epoch  41/60  train 0.13211  val 0.13767  lr 8.30e-04  0.5s
00:52:27 | INFO    | 21_lookback_frontier | dlinear_w48_H24_s2024 epoch  42/60  train 0.13103  val 0.14500  lr 7.58e-04  0.5s
00:52:27 | INFO    | 21_lookback_frontier | dlinear_w48_H24_s2024 epoch  43/60  train 0.13134  val 0.13548  lr 6.87e-04  0.5s
00:52:28 | INFO    | 21_lookback_frontier | dlinear_w48_H24_s2024 epoch  44/60  train 0.13085  val 0.14097  lr 6.20e-04  0.6s
00:52:29 | INFO    | 21_lookback_frontier | dlinear_w48_H24_s2024 epoch  45/60  train 0.12982  val 0.14286  lr 5.55e-04  0.5s
00:52:29 | INFO    | 21_lookback_frontier | dlinear_w48_H24_s2024 epoch  46/60  train 0.13003  val 0.15436  lr 4.92e-04  0.5s
00:52:30 | INFO    | 21_lookback_frontier | dlinear_w48_H24_s2024 epoch  47/60  train 0.12926  val 0.15046  lr 4.33e-04  0.5s
00:52:30 | INFO    | 21_lookback_frontier | dlinear_w48_H24_s2024 epoch  48/60  train 0.12928  val 0.13737  lr 3.78e-04  0.5s
00:52:31 | INFO    | 21_lookback_frontier | dlinear_w48_H24_s2024 epoch  49/60  train 0.12854  val 0.13806  lr 3.25e-04  0.4s
00:52:31 | INFO    | 21_lookback_frontier | dlinear_w48_H24_s2024 epoch  50/60  train 0.12876  val 0.14806  lr 2.76e-04  0.5s
00:52:32 | INFO    | 21_lookback_frontier | dlinear_w48_H24_s2024 epoch  51/60  train 0.12753  val 0.13792  lr 2.31e-04  0.5s
00:52:32 | INFO    | 21_lookback_frontier |     dlinear        w48   R=192  RMSE   67.06  avail 0.8348
00:52:32 | INFO    | 21_lookback_frontier | dlinear_w24_H24_s42: 866 params | train 25787 windows, val 5955 | 101 steps/epoch | matrix 5.4 MB on device
00:52:33 | INFO    | 21_lookback_frontier | dlinear_w24_H24_s42 epoch   1/60  train 3.26423  val 2.77889  lr 1.00e-03  0.6s  *
00:52:34 | INFO    | 21_lookback_frontier | dlinear_w24_H24_s42 epoch   2/60  train 2.90325  val 2.52711  lr 2.00e-03  0.8s  *
00:52:34 | INFO    | 21_lookback_frontier | dlinear_w24_H24_s42 epoch   3/60  train 2.45536  val 2.22619  lr 3.00e-03  0.5s  *
00:52:35 | INFO    | 21_lookback_frontier | dlinear_w24_H24_s42 epoch   4/60  train 1.92475  val 1.78752  lr 3.00e-03  0.5s  *
00:52:35 | INFO    | 21_lookback_frontier | dlinear_w24_H24_s42 epoch   5/60  train 1.40823  val 1.30224  lr 3.00e-03  0.6s  *
00:52:36 | INFO    | 21_lookback_frontier | dlinear_w24_H24_s42 epoch   6/60  train 0.91852  val 0.80217  lr 2.99e-03  0.6s  *
00:52:36 | INFO    | 21_lookback_frontier | dlinear_w24_H24_s42 epoch   7/60  train 0.48338  val 0.43500  lr 2.98e-03  0.5s  *
00:52:37 | INFO    | 21_lookback_frontier | dlinear_w24_H24_s42 epoch   8/60  train 0.22355  val 0.22460  lr 2.96e-03  0.6s  *
00:52:38 | INFO    | 21_lookback_frontier | dlinear_w24_H24_s42 epoch   9/60  train 0.15125  val 0.15983  lr 2.94e-03  0.6s  *
00:52:38 | INFO    | 21_lookback_frontier | dlinear_w24_H24_s42 epoch  10/60  train 0.13940  val 0.15738  lr 2.92e-03  0.5s  *
00:52:39 | INFO    | 21_lookback_frontier | dlinear_w24_H24_s42 epoch  11/60  train 0.13909  val 0.16163  lr 2.89e-03  0.4s
00:52:39 | INFO    | 21_lookback_frontier | dlinear_w24_H24_s42 epoch  12/60  train 0.13924  val 0.14192  lr 2.86e-03  0.5s  *
00:52:40 | INFO    | 21_lookback_frontier | dlinear_w24_H24_s42 epoch  13/60  train 0.13969  val 0.17099  lr 2.82e-03  0.4s
00:52:40 | INFO    | 21_lookback_frontier | dlinear_w24_H24_s42 epoch  14/60  train 0.13766  val 0.14552  lr 2.78e-03  0.4s
00:52:41 | INFO    | 21_lookback_frontier | dlinear_w24_H24_s42 epoch  15/60  train 0.13815  val 0.14036  lr 2.73e-03  0.4s  *
00:52:41 | INFO    | 21_lookback_frontier | dlinear_w24_H24_s42 epoch  16/60  train 0.13717  val 0.14304  lr 2.68e-03  0.4s
00:52:42 | INFO    | 21_lookback_frontier | dlinear_w24_H24_s42 epoch  17/60  train 0.13787  val 0.14151  lr 2.63e-03  0.5s
00:52:42 | INFO    | 21_lookback_frontier | dlinear_w24_H24_s42 epoch  18/60  train 0.13802  val 0.14393  lr 2.58e-03  0.5s
00:52:43 | INFO    | 21_lookback_frontier | dlinear_w24_H24_s42 epoch  19/60  train 0.13633  val 0.13185  lr 2.52e-03  0.5s  *
00:52:43 | INFO    | 21_lookback_frontier | dlinear_w24_H24_s42 epoch  20/60  train 0.13841  val 0.13672  lr 2.46e-03  0.6s
00:52:44 | INFO    | 21_lookback_frontier | dlinear_w24_H24_s42 epoch  21/60  train 0.13718  val 0.13200  lr 2.39e-03  0.5s
00:52:45 | INFO    | 21_lookback_frontier | dlinear_w24_H24_s42 epoch  22/60  train 0.13750  val 0.13390  lr 2.32e-03  0.6s
00:52:45 | INFO    | 21_lookback_frontier | dlinear_w24_H24_s42 epoch  23/60  train 0.13605  val 0.14786  lr 2.25e-03  0.5s
00:52:45 | INFO    | 21_lookback_frontier | dlinear_w24_H24_s42 epoch  24/60  train 0.13578  val 0.14093  lr 2.18e-03  0.4s
00:52:46 | INFO    | 21_lookback_frontier | dlinear_w24_H24_s42 epoch  25/60  train 0.13487  val 0.14052  lr 2.11e-03  0.5s
00:52:47 | INFO    | 21_lookback_frontier | dlinear_w24_H24_s42 epoch  26/60  train 0.13604  val 0.16005  lr 2.03e-03  0.5s
00:52:47 | INFO    | 21_lookback_frontier | dlinear_w24_H24_s42 epoch  27/60  train 0.13519  val 0.14057  lr 1.95e-03  0.6s
00:52:48 | INFO    | 21_lookback_frontier | dlinear_w24_H24_s42 epoch  28/60  train 0.13544  val 0.13301  lr 1.87e-03  0.6s
00:52:49 | INFO    | 21_lookback_frontier | dlinear_w24_H24_s42 epoch  29/60  train 0.13404  val 0.13830  lr 1.79e-03  0.6s
00:52:49 | INFO    | 21_lookback_frontier | dlinear_w24_H24_s42 epoch  30/60  train 0.13479  val 0.13436  lr 1.71e-03  0.5s
00:52:50 | INFO    | 21_lookback_frontier | dlinear_w24_H24_s42 epoch  31/60  train 0.13366  val 0.15066  lr 1.63e-03  0.6s
00:52:50 | INFO    | 21_lookback_frontier | dlinear_w24_H24_s42 epoch  32/60  train 0.13353  val 0.13663  lr 1.55e-03  0.6s
00:52:51 | INFO    | 21_lookback_frontier | dlinear_w24_H24_s42 epoch  33/60  train 0.13375  val 0.14459  lr 1.46e-03  0.5s
00:52:52 | INFO    | 21_lookback_frontier | dlinear_w24_H24_s42 epoch  34/60  train 0.13292  val 0.14221  lr 1.38e-03  0.5s
00:52:52 | INFO    | 21_lookback_frontier | dlinear_w24_H24_s1337: 866 params | train 25787 windows, val 5955 | 101 steps/epoch | matrix 5.4 MB on device
00:52:52 | INFO    | 21_lookback_frontier | dlinear_w24_H24_s1337 epoch   1/60  train 3.26407  val 2.82101  lr 1.00e-03  0.6s  *
00:52:53 | INFO    | 21_lookback_frontier | dlinear_w24_H24_s1337 epoch   2/60  train 2.91650  val 2.61470  lr 2.00e-03  0.6s  *
00:52:53 | INFO    | 21_lookback_frontier | dlinear_w24_H24_s1337 epoch   3/60  train 2.46360  val 2.14948  lr 3.00e-03  0.4s  *
00:52:54 | INFO    | 21_lookback_frontier | dlinear_w24_H24_s1337 epoch   4/60  train 1.92842  val 1.70367  lr 3.00e-03  0.5s  *
00:52:55 | INFO    | 21_lookback_frontier | dlinear_w24_H24_s1337 epoch   5/60  train 1.41510  val 1.30304  lr 3.00e-03  0.6s  *
00:52:55 | INFO    | 21_lookback_frontier | dlinear_w24_H24_s1337 epoch   6/60  train 0.92059  val 0.93573  lr 2.99e-03  0.5s  *
00:52:56 | INFO    | 21_lookback_frontier | dlinear_w24_H24_s1337 epoch   7/60  train 0.51269  val 0.45083  lr 2.98e-03  0.5s  *
00:52:56 | INFO    | 21_lookback_frontier | dlinear_w24_H24_s1337 epoch   8/60  train 0.23091  val 0.23418  lr 2.96e-03  0.5s  *
00:52:57 | INFO    | 21_lookback_frontier | dlinear_w24_H24_s1337 epoch   9/60  train 0.15113  val 0.16195  lr 2.94e-03  0.6s  *
00:52:58 | INFO    | 21_lookback_frontier | dlinear_w24_H24_s1337 epoch  10/60  train 0.14025  val 0.14741  lr 2.92e-03  0.6s  *
00:52:58 | INFO    | 21_lookback_frontier | dlinear_w24_H24_s1337 epoch  11/60  train 0.13742  val 0.14952  lr 2.89e-03  0.6s
00:52:59 | INFO    | 21_lookback_frontier | dlinear_w24_H24_s1337 epoch  12/60  train 0.13883  val 0.13328  lr 2.86e-03  0.7s  *
00:53:00 | INFO    | 21_lookback_frontier | dlinear_w24_H24_s1337 epoch  13/60  train 0.13919  val 0.14802  lr 2.82e-03  0.6s
00:53:00 | INFO    | 21_lookback_frontier | dlinear_w24_H24_s1337 epoch  14/60  train 0.13758  val 0.15244  lr 2.78e-03  0.6s
00:53:01 | INFO    | 21_lookback_frontier | dlinear_w24_H24_s1337 epoch  15/60  train 0.13606  val 0.14091  lr 2.73e-03  0.6s
00:53:02 | INFO    | 21_lookback_frontier | dlinear_w24_H24_s1337 epoch  16/60  train 0.13806  val 0.13837  lr 2.68e-03  0.6s
00:53:02 | INFO    | 21_lookback_frontier | dlinear_w24_H24_s1337 epoch  17/60  train 0.13816  val 0.15412  lr 2.63e-03  0.6s
00:53:03 | INFO    | 21_lookback_frontier | dlinear_w24_H24_s1337 epoch  18/60  train 0.13806  val 0.14695  lr 2.58e-03  0.8s
00:53:04 | INFO    | 21_lookback_frontier | dlinear_w24_H24_s1337 epoch  19/60  train 0.13602  val 0.15769  lr 2.52e-03  0.5s
00:53:04 | INFO    | 21_lookback_frontier | dlinear_w24_H24_s1337 epoch  20/60  train 0.13778  val 0.14548  lr 2.46e-03  0.5s
00:53:05 | INFO    | 21_lookback_frontier | dlinear_w24_H24_s1337 epoch  21/60  train 0.13792  val 0.13542  lr 2.39e-03  0.5s
00:53:05 | INFO    | 21_lookback_frontier | dlinear_w24_H24_s1337 epoch  22/60  train 0.13689  val 0.13486  lr 2.32e-03  0.5s
00:53:06 | INFO    | 21_lookback_frontier | dlinear_w24_H24_s1337 epoch  23/60  train 0.13640  val 0.13681  lr 2.25e-03  0.6s
00:53:06 | INFO    | 21_lookback_frontier | dlinear_w24_H24_s1337 epoch  24/60  train 0.13499  val 0.14664  lr 2.18e-03  0.5s
00:53:07 | INFO    | 21_lookback_frontier | dlinear_w24_H24_s1337 epoch  25/60  train 0.13636  val 0.13805  lr 2.11e-03  0.6s
00:53:08 | INFO    | 21_lookback_frontier | dlinear_w24_H24_s1337 epoch  26/60  train 0.13454  val 0.13924  lr 2.03e-03  0.6s
00:53:09 | INFO    | 21_lookback_frontier | dlinear_w24_H24_s1337 epoch  27/60  train 0.13450  val 0.14879  lr 1.95e-03  0.7s
00:53:09 | INFO    | 21_lookback_frontier | dlinear_w24_H24_s2024: 866 params | train 25787 windows, val 5955 | 101 steps/epoch | matrix 5.4 MB on device
00:53:09 | INFO    | 21_lookback_frontier | dlinear_w24_H24_s2024 epoch   1/60  train 3.22844  val 2.78405  lr 1.00e-03  0.6s  *
00:53:10 | INFO    | 21_lookback_frontier | dlinear_w24_H24_s2024 epoch   2/60  train 2.87406  val 2.56334  lr 2.00e-03  0.6s  *
00:53:10 | INFO    | 21_lookback_frontier | dlinear_w24_H24_s2024 epoch   3/60  train 2.42538  val 2.32404  lr 3.00e-03  0.6s  *
00:53:11 | INFO    | 21_lookback_frontier | dlinear_w24_H24_s2024 epoch   4/60  train 1.89262  val 1.81429  lr 3.00e-03  0.5s  *
00:53:12 | INFO    | 21_lookback_frontier | dlinear_w24_H24_s2024 epoch   5/60  train 1.37478  val 1.27449  lr 3.00e-03  0.6s  *
00:53:12 | INFO    | 21_lookback_frontier | dlinear_w24_H24_s2024 epoch   6/60  train 0.87955  val 0.85373  lr 2.99e-03  0.5s  *
00:53:13 | INFO    | 21_lookback_frontier | dlinear_w24_H24_s2024 epoch   7/60  train 0.46081  val 0.39899  lr 2.98e-03  0.4s  *
00:53:13 | INFO    | 21_lookback_frontier | dlinear_w24_H24_s2024 epoch   8/60  train 0.21481  val 0.23406  lr 2.96e-03  0.5s  *
00:53:14 | INFO    | 21_lookback_frontier | dlinear_w24_H24_s2024 epoch   9/60  train 0.14886  val 0.15371  lr 2.94e-03  0.5s  *
00:53:14 | INFO    | 21_lookback_frontier | dlinear_w24_H24_s2024 epoch  10/60  train 0.13800  val 0.14573  lr 2.92e-03  0.5s  *
00:53:15 | INFO    | 21_lookback_frontier | dlinear_w24_H24_s2024 epoch  11/60  train 0.14025  val 0.16389  lr 2.89e-03  0.6s
00:53:15 | INFO    | 21_lookback_frontier | dlinear_w24_H24_s2024 epoch  12/60  train 0.13787  val 0.13801  lr 2.86e-03  0.5s  *
00:53:16 | INFO    | 21_lookback_frontier | dlinear_w24_H24_s2024 epoch  13/60  train 0.13802  val 0.13949  lr 2.82e-03  0.5s
00:53:16 | INFO    | 21_lookback_frontier | dlinear_w24_H24_s2024 epoch  14/60  train 0.13840  val 0.13963  lr 2.78e-03  0.4s
00:53:17 | INFO    | 21_lookback_frontier | dlinear_w24_H24_s2024 epoch  15/60  train 0.13710  val 0.13434  lr 2.73e-03  0.5s  *
00:53:18 | INFO    | 21_lookback_frontier | dlinear_w24_H24_s2024 epoch  16/60  train 0.13677  val 0.13656  lr 2.68e-03  0.6s
00:53:18 | INFO    | 21_lookback_frontier | dlinear_w24_H24_s2024 epoch  17/60  train 0.13838  val 0.15112  lr 2.63e-03  0.7s
00:53:19 | INFO    | 21_lookback_frontier | dlinear_w24_H24_s2024 epoch  18/60  train 0.13735  val 0.14182  lr 2.58e-03  0.6s
00:53:20 | INFO    | 21_lookback_frontier | dlinear_w24_H24_s2024 epoch  19/60  train 0.13658  val 0.15543  lr 2.52e-03  0.5s
00:53:20 | INFO    | 21_lookback_frontier | dlinear_w24_H24_s2024 epoch  20/60  train 0.13676  val 0.13911  lr 2.46e-03  0.5s
00:53:21 | INFO    | 21_lookback_frontier | dlinear_w24_H24_s2024 epoch  21/60  train 0.13732  val 0.14526  lr 2.39e-03  0.5s
00:53:21 | INFO    | 21_lookback_frontier | dlinear_w24_H24_s2024 epoch  22/60  train 0.13611  val 0.14678  lr 2.32e-03  0.6s
00:53:22 | INFO    | 21_lookback_frontier | dlinear_w24_H24_s2024 epoch  23/60  train 0.13754  val 0.13685  lr 2.25e-03  0.5s
00:53:23 | INFO    | 21_lookback_frontier | dlinear_w24_H24_s2024 epoch  24/60  train 0.13515  val 0.14890  lr 2.18e-03  0.6s
00:53:23 | INFO    | 21_lookback_frontier | dlinear_w24_H24_s2024 epoch  25/60  train 0.13552  val 0.14505  lr 2.11e-03  0.5s
00:53:24 | INFO    | 21_lookback_frontier | dlinear_w24_H24_s2024 epoch  26/60  train 0.13577  val 0.13377  lr 2.03e-03  0.7s  *
00:53:25 | INFO    | 21_lookback_frontier | dlinear_w24_H24_s2024 epoch  27/60  train 0.13615  val 0.14672  lr 1.95e-03  0.5s
00:53:25 | INFO    | 21_lookback_frontier | dlinear_w24_H24_s2024 epoch  28/60  train 0.13601  val 0.17054  lr 1.87e-03  0.5s
00:53:26 | INFO    | 21_lookback_frontier | dlinear_w24_H24_s2024 epoch  29/60  train 0.13521  val 0.14006  lr 1.79e-03  0.6s
00:53:26 | INFO    | 21_lookback_frontier | dlinear_w24_H24_s2024 epoch  30/60  train 0.13444  val 0.15514  lr 1.71e-03  0.6s
00:53:27 | INFO    | 21_lookback_frontier | dlinear_w24_H24_s2024 epoch  31/60  train 0.13357  val 0.15126  lr 1.63e-03  0.5s
00:53:28 | INFO    | 21_lookback_frontier | dlinear_w24_H24_s2024 epoch  32/60  train 0.13469  val 0.13595  lr 1.55e-03  0.6s
00:53:28 | INFO    | 21_lookback_frontier | dlinear_w24_H24_s2024 epoch  33/60  train 0.13325  val 0.14273  lr 1.46e-03  0.6s
00:53:29 | INFO    | 21_lookback_frontier | dlinear_w24_H24_s2024 epoch  34/60  train 0.13314  val 0.14897  lr 1.38e-03  0.6s
00:53:29 | INFO    | 21_lookback_frontier | dlinear_w24_H24_s2024 epoch  35/60  train 0.13303  val 0.14402  lr 1.30e-03  0.7s
00:53:30 | INFO    | 21_lookback_frontier | dlinear_w24_H24_s2024 epoch  36/60  train 0.13341  val 0.13325  lr 1.22e-03  0.5s  *
00:53:31 | INFO    | 21_lookback_frontier | dlinear_w24_H24_s2024 epoch  37/60  train 0.13253  val 0.13727  lr 1.14e-03  0.5s
00:53:31 | INFO    | 21_lookback_frontier | dlinear_w24_H24_s2024 epoch  38/60  train 0.13301  val 0.14545  lr 1.06e-03  0.6s
00:53:32 | INFO    | 21_lookback_frontier | dlinear_w24_H24_s2024 epoch  39/60  train 0.13201  val 0.14159  lr 9.81e-04  0.6s
00:53:32 | INFO    | 21_lookback_frontier | dlinear_w24_H24_s2024 epoch  40/60  train 0.13092  val 0.13843  lr 9.04e-04  0.6s
00:53:33 | INFO    | 21_lookback_frontier | dlinear_w24_H24_s2024 epoch  41/60  train 0.13155  val 0.14040  lr 8.30e-04  0.5s
00:53:34 | INFO    | 21_lookback_frontier | dlinear_w24_H24_s2024 epoch  42/60  train 0.13104  val 0.13260  lr 7.58e-04  0.5s  *
00:53:34 | INFO    | 21_lookback_frontier | dlinear_w24_H24_s2024 epoch  43/60  train 0.13078  val 0.13906  lr 6.87e-04  0.5s
00:53:35 | INFO    | 21_lookback_frontier | dlinear_w24_H24_s2024 epoch  44/60  train 0.13092  val 0.13656  lr 6.20e-04  0.5s
00:53:35 | INFO    | 21_lookback_frontier | dlinear_w24_H24_s2024 epoch  45/60  train 0.13074  val 0.13394  lr 5.55e-04  0.5s
00:53:36 | INFO    | 21_lookback_frontier | dlinear_w24_H24_s2024 epoch  46/60  train 0.13025  val 0.13936  lr 4.92e-04  0.5s
00:53:36 | INFO    | 21_lookback_frontier | dlinear_w24_H24_s2024 epoch  47/60  train 0.12991  val 0.13936  lr 4.33e-04  0.6s
00:53:37 | INFO    | 21_lookback_frontier | dlinear_w24_H24_s2024 epoch  48/60  train 0.12967  val 0.13575  lr 3.78e-04  0.6s
00:53:37 | INFO    | 21_lookback_frontier | dlinear_w24_H24_s2024 epoch  49/60  train 0.12969  val 0.13668  lr 3.25e-04  0.6s
00:53:38 | INFO    | 21_lookback_frontier | dlinear_w24_H24_s2024 epoch  50/60  train 0.12962  val 0.14490  lr 2.76e-04  0.6s
00:53:39 | INFO    | 21_lookback_frontier | dlinear_w24_H24_s2024 epoch  51/60  train 0.12934  val 0.13988  lr 2.31e-04  0.5s
00:53:39 | INFO    | 21_lookback_frontier | dlinear_w24_H24_s2024 epoch  52/60  train 0.12930  val 0.13783  lr 1.90e-04  0.6s
00:53:40 | INFO    | 21_lookback_frontier | dlinear_w24_H24_s2024 epoch  53/60  train 0.12898  val 0.13640  lr 1.53e-04  0.7s
00:53:41 | INFO    | 21_lookback_frontier | dlinear_w24_H24_s2024 epoch  54/60  train 0.12872  val 0.14146  lr 1.20e-04  0.6s
00:53:41 | INFO    | 21_lookback_frontier | dlinear_w24_H24_s2024 epoch  55/60  train 0.12877  val 0.14003  lr 9.10e-05  0.5s
00:53:42 | INFO    | 21_lookback_frontier | dlinear_w24_H24_s2024 epoch  56/60  train 0.12883  val 0.14098  lr 6.64e-05  0.5s
00:53:42 | INFO    | 21_lookback_frontier | dlinear_w24_H24_s2024 epoch  57/60  train 0.12877  val 0.13882  lr 4.62e-05  0.6s
00:53:42 | INFO    | 21_lookback_frontier |     dlinear        w24   R=192  RMSE   66.74  avail 0.8348
00:53:42 | INFO    | 21_lookback_frontier | === arm B48: cap 48, floor 168 ===
00:53:42 | INFO    | 21_lookback_frontier | contiguity: 296 runs after 3h ffill, longest 4283 h
00:53:43 | INFO    | 21_lookback_frontier | h=  1:  42732 valid rows  (rejected: no-run 10766, short-history 24592, target-past-run-end 89, target-imputed 1037)
00:53:43 | INFO    | 21_lookback_frontier | h=  3:  42568 valid rows  (rejected: no-run 10766, short-history 24592, target-past-run-end 265, target-imputed 1025)
00:53:43 | INFO    | 21_lookback_frontier | h=  6:  42317 valid rows  (rejected: no-run 10766, short-history 24592, target-past-run-end 528, target-imputed 1013)
00:53:43 | INFO    | 21_lookback_frontier | h= 12:  41829 valid rows  (rejected: no-run 10766, short-history 24592, target-past-run-end 1042, target-imputed 987)
00:53:43 | INFO    | 21_lookback_frontier | h= 24:  40877 valid rows  (rejected: no-run 10766, short-history 24592, target-past-run-end 2030, target-imputed 951)
00:53:43 | INFO    | 21_lookback_frontier | built 97 predictor columns (max backward dependency 48 h)
00:53:43 | INFO    | 21_lookback_frontier | split: train 2016-03-10 to 2022-07-08, val to 2023-11-15, test to 2025-03-24 (chronological, no shuffling)
00:53:43 | INFO    | 21_lookback_frontier | h=  1: boundary purge removed 52 rows (42732 -> 42680)
00:53:43 | INFO    | 21_lookback_frontier | h=  3: boundary purge removed 52 rows (42568 -> 42516)
00:53:43 | INFO    | 21_lookback_frontier | h=  6: boundary purge removed 52 rows (42317 -> 42265)
00:53:43 | INFO    | 21_lookback_frontier | h= 12: boundary purge removed 52 rows (41829 -> 41777)
00:53:43 | INFO    | 21_lookback_frontier | h= 24: boundary purge removed 52 rows (40877 -> 40825)
00:53:43 | INFO    | 21_lookback_frontier | scaler fitted on 55451 training rows over 97 predictors
00:53:45 | INFO    | 21_lookback_frontier | wrote F:\BUP\data\interim\lookback\B48\processed\features.parquet (79216 rows, 164 cols)
00:53:45 | INFO    | 21_lookback_frontier |   served 9083 of 10880 universe hours (0.8348)
00:53:46 | INFO    | 21_lookback_frontier |     ridge          RMSE   59.54  (served rows)
00:53:55 | INFO    | 21_lookback_frontier |     random_forest  RMSE   58.37  (served rows)
00:53:59 | INFO    | 21_lookback_frontier |     xgboost        RMSE   58.47  (served rows)
00:54:03 | INFO    | 21_lookback_frontier |     lightgbm       RMSE   58.43  (served rows)
00:54:03 | INFO    | 21_lookback_frontier |     gru_h64_l2     w48   reused: identical windows at radius 192
00:54:03 | INFO    | 21_lookback_frontier |     gru_h64_l2     w24   reused: identical windows at radius 192
00:54:04 | INFO    | 21_lookback_frontier |     lstm_h64_l1    w48   reused: identical windows at radius 192
00:54:04 | INFO    | 21_lookback_frontier |     lstm_h64_l1    w24   reused: identical windows at radius 192
00:54:04 | INFO    | 21_lookback_frontier |     dlinear        w48   reused: identical windows at radius 192
00:54:04 | INFO    | 21_lookback_frontier |     dlinear        w24   reused: identical windows at radius 192
00:54:04 | INFO    | 21_lookback_frontier | === arm A48: cap 48, floor 48 ===
00:54:04 | INFO    | 21_lookback_frontier | contiguity: 296 runs after 3h ffill, longest 4283 h
00:54:04 | INFO    | 21_lookback_frontier | h=  1:  56203 valid rows  (rejected: no-run 10766, short-history 10220, target-past-run-end 165, target-imputed 1862)
00:54:04 | INFO    | 21_lookback_frontier | h=  3:  55917 valid rows  (rejected: no-run 10766, short-history 10220, target-past-run-end 489, target-imputed 1824)
00:54:04 | INFO    | 21_lookback_frontier | h=  6:  55490 valid rows  (rejected: no-run 10766, short-history 10220, target-past-run-end 960, target-imputed 1780)
00:54:04 | INFO    | 21_lookback_frontier | h= 12:  54634 valid rows  (rejected: no-run 10766, short-history 10220, target-past-run-end 1882, target-imputed 1714)
00:54:04 | INFO    | 21_lookback_frontier | h= 24:  53006 valid rows  (rejected: no-run 10766, short-history 10220, target-past-run-end 3632, target-imputed 1592)
00:54:04 | INFO    | 21_lookback_frontier | built 97 predictor columns (max backward dependency 48 h)
00:54:04 | INFO    | 21_lookback_frontier | split: train 2016-03-10 to 2022-07-08, val to 2023-11-15, test to 2025-03-24 (chronological, no shuffling)
00:54:04 | INFO    | 21_lookback_frontier | h=  1: boundary purge removed 48 rows (56203 -> 56155)
00:54:04 | INFO    | 21_lookback_frontier | h=  3: boundary purge removed 50 rows (55917 -> 55867)
00:54:04 | INFO    | 21_lookback_frontier | h=  6: boundary purge removed 51 rows (55490 -> 55439)
00:54:04 | INFO    | 21_lookback_frontier | h= 12: boundary purge removed 51 rows (54634 -> 54583)
00:54:05 | INFO    | 21_lookback_frontier | h= 24: boundary purge removed 52 rows (53006 -> 52954)
00:54:05 | INFO    | 21_lookback_frontier | scaler fitted on 55451 training rows over 97 predictors
00:54:06 | INFO    | 21_lookback_frontier | wrote F:\BUP\data\interim\lookback\A48\processed\features.parquet (79216 rows, 164 cols)
00:54:06 | INFO    | 21_lookback_frontier |   served 10363 of 10880 universe hours (0.9525)
00:54:07 | INFO    | 21_lookback_frontier |     ridge          RMSE   58.01  (served rows)
00:54:20 | INFO    | 21_lookback_frontier |     random_forest  RMSE   56.81  (served rows)
00:54:22 | INFO    | 21_lookback_frontier |     xgboost        RMSE   56.93  (served rows)
00:54:25 | INFO    | 21_lookback_frontier |     lightgbm       RMSE   57.03  (served rows)
00:54:25 | INFO    | 21_lookback_frontier | gru_h64_l2_w48_H24_s42: 41153 params | train 35399 windows, val 7072 | 139 steps/epoch | matrix 5.4 MB on device
00:54:27 | INFO    | 21_lookback_frontier | gru_h64_l2_w48_H24_s42 epoch   1/60  train 0.60274  val 0.12544  lr 1.00e-03  1.7s  *
00:54:28 | INFO    | 21_lookback_frontier | gru_h64_l2_w48_H24_s42 epoch   2/60  train 0.15887  val 0.10643  lr 2.00e-03  1.1s  *
00:54:29 | INFO    | 21_lookback_frontier | gru_h64_l2_w48_H24_s42 epoch   3/60  train 0.15374  val 0.11556  lr 3.00e-03  1.0s
00:54:30 | INFO    | 21_lookback_frontier | gru_h64_l2_w48_H24_s42 epoch   4/60  train 0.14895  val 0.11265  lr 3.00e-03  1.0s
00:54:31 | INFO    | 21_lookback_frontier | gru_h64_l2_w48_H24_s42 epoch   5/60  train 0.14337  val 0.10995  lr 3.00e-03  1.1s
00:54:33 | INFO    | 21_lookback_frontier | gru_h64_l2_w48_H24_s42 epoch   6/60  train 0.13907  val 0.10744  lr 2.99e-03  1.3s
00:54:34 | INFO    | 21_lookback_frontier | gru_h64_l2_w48_H24_s42 epoch   7/60  train 0.13626  val 0.11612  lr 2.98e-03  1.1s
00:54:35 | INFO    | 21_lookback_frontier | gru_h64_l2_w48_H24_s42 epoch   8/60  train 0.13080  val 0.13916  lr 2.96e-03  1.1s
00:54:36 | INFO    | 21_lookback_frontier | gru_h64_l2_w48_H24_s42 epoch   9/60  train 0.12503  val 0.12989  lr 2.94e-03  1.1s
00:54:37 | INFO    | 21_lookback_frontier | gru_h64_l2_w48_H24_s42 epoch  10/60  train 0.12168  val 0.14936  lr 2.92e-03  1.2s
00:54:38 | INFO    | 21_lookback_frontier | gru_h64_l2_w48_H24_s42 epoch  11/60  train 0.11625  val 0.12885  lr 2.89e-03  1.1s
00:54:39 | INFO    | 21_lookback_frontier | gru_h64_l2_w48_H24_s42 epoch  12/60  train 0.11063  val 0.12349  lr 2.86e-03  1.2s
00:54:41 | INFO    | 21_lookback_frontier | gru_h64_l2_w48_H24_s42 epoch  13/60  train 0.10505  val 0.13371  lr 2.82e-03  1.1s
00:54:42 | INFO    | 21_lookback_frontier | gru_h64_l2_w48_H24_s42 epoch  14/60  train 0.10128  val 0.14504  lr 2.78e-03  1.0s
00:54:43 | INFO    | 21_lookback_frontier | gru_h64_l2_w48_H24_s42 epoch  15/60  train 0.09759  val 0.14483  lr 2.73e-03  1.2s
00:54:44 | INFO    | 21_lookback_frontier | gru_h64_l2_w48_H24_s42 epoch  16/60  train 0.09440  val 0.14575  lr 2.68e-03  1.0s
00:54:45 | INFO    | 21_lookback_frontier | gru_h64_l2_w48_H24_s42 epoch  17/60  train 0.09065  val 0.13367  lr 2.63e-03  1.2s
00:54:46 | INFO    | 21_lookback_frontier | gru_h64_l2_w48_H24_s42 epoch  18/60  train 0.08733  val 0.14426  lr 2.58e-03  1.1s
00:54:47 | INFO    | 21_lookback_frontier | gru_h64_l2_w48_H24_s42 epoch  19/60  train 0.08482  val 0.14172  lr 2.52e-03  1.0s
00:54:48 | INFO    | 21_lookback_frontier | gru_h64_l2_w48_H24_s42 epoch  20/60  train 0.08277  val 0.13603  lr 2.46e-03  1.1s
00:54:48 | INFO    | 21_lookback_frontier | gru_h64_l2_w48_H24_s1337: 41153 params | train 35399 windows, val 7072 | 139 steps/epoch | matrix 5.4 MB on device
00:54:49 | INFO    | 21_lookback_frontier | gru_h64_l2_w48_H24_s1337 epoch   1/60  train 0.63758  val 0.11274  lr 1.00e-03  1.0s  *
00:54:50 | INFO    | 21_lookback_frontier | gru_h64_l2_w48_H24_s1337 epoch   2/60  train 0.15750  val 0.09947  lr 2.00e-03  1.1s  *
00:54:52 | INFO    | 21_lookback_frontier | gru_h64_l2_w48_H24_s1337 epoch   3/60  train 0.15205  val 0.14689  lr 3.00e-03  1.1s
00:54:53 | INFO    | 21_lookback_frontier | gru_h64_l2_w48_H24_s1337 epoch   4/60  train 0.14706  val 0.10622  lr 3.00e-03  1.0s
00:54:54 | INFO    | 21_lookback_frontier | gru_h64_l2_w48_H24_s1337 epoch   5/60  train 0.14432  val 0.09913  lr 3.00e-03  1.2s  *
00:54:55 | INFO    | 21_lookback_frontier | gru_h64_l2_w48_H24_s1337 epoch   6/60  train 0.13957  val 0.12674  lr 2.99e-03  1.2s
00:54:56 | INFO    | 21_lookback_frontier | gru_h64_l2_w48_H24_s1337 epoch   7/60  train 0.13545  val 0.11442  lr 2.98e-03  1.2s
00:54:57 | INFO    | 21_lookback_frontier | gru_h64_l2_w48_H24_s1337 epoch   8/60  train 0.12975  val 0.11960  lr 2.96e-03  1.2s
00:54:59 | INFO    | 21_lookback_frontier | gru_h64_l2_w48_H24_s1337 epoch   9/60  train 0.12552  val 0.12655  lr 2.94e-03  1.2s
00:55:00 | INFO    | 21_lookback_frontier | gru_h64_l2_w48_H24_s1337 epoch  10/60  train 0.11893  val 0.12478  lr 2.92e-03  1.1s
00:55:01 | INFO    | 21_lookback_frontier | gru_h64_l2_w48_H24_s1337 epoch  11/60  train 0.11408  val 0.13256  lr 2.89e-03  1.1s
00:55:02 | INFO    | 21_lookback_frontier | gru_h64_l2_w48_H24_s1337 epoch  12/60  train 0.10934  val 0.16405  lr 2.86e-03  1.0s
00:55:03 | INFO    | 21_lookback_frontier | gru_h64_l2_w48_H24_s1337 epoch  13/60  train 0.10502  val 0.12788  lr 2.82e-03  1.1s
00:55:04 | INFO    | 21_lookback_frontier | gru_h64_l2_w48_H24_s1337 epoch  14/60  train 0.09890  val 0.13644  lr 2.78e-03  1.2s
00:55:05 | INFO    | 21_lookback_frontier | gru_h64_l2_w48_H24_s1337 epoch  15/60  train 0.09580  val 0.13039  lr 2.73e-03  1.2s
00:55:07 | INFO    | 21_lookback_frontier | gru_h64_l2_w48_H24_s1337 epoch  16/60  train 0.09130  val 0.14099  lr 2.68e-03  1.0s
00:55:08 | INFO    | 21_lookback_frontier | gru_h64_l2_w48_H24_s1337 epoch  17/60  train 0.08908  val 0.12866  lr 2.63e-03  1.1s
00:55:09 | INFO    | 21_lookback_frontier | gru_h64_l2_w48_H24_s1337 epoch  18/60  train 0.08727  val 0.14102  lr 2.58e-03  1.1s
00:55:10 | INFO    | 21_lookback_frontier | gru_h64_l2_w48_H24_s1337 epoch  19/60  train 0.08325  val 0.13285  lr 2.52e-03  1.1s
00:55:11 | INFO    | 21_lookback_frontier | gru_h64_l2_w48_H24_s1337 epoch  20/60  train 0.08120  val 0.13868  lr 2.46e-03  1.1s
00:55:11 | INFO    | 21_lookback_frontier | gru_h64_l2_w48_H24_s2024: 41153 params | train 35399 windows, val 7072 | 139 steps/epoch | matrix 5.4 MB on device
00:55:12 | INFO    | 21_lookback_frontier | gru_h64_l2_w48_H24_s2024 epoch   1/60  train 0.65065  val 0.14480  lr 1.00e-03  1.0s  *
00:55:13 | INFO    | 21_lookback_frontier | gru_h64_l2_w48_H24_s2024 epoch   2/60  train 0.16013  val 0.12340  lr 2.00e-03  1.0s  *
00:55:14 | INFO    | 21_lookback_frontier | gru_h64_l2_w48_H24_s2024 epoch   3/60  train 0.15350  val 0.10682  lr 3.00e-03  1.1s  *
00:55:16 | INFO    | 21_lookback_frontier | gru_h64_l2_w48_H24_s2024 epoch   4/60  train 0.14851  val 0.12138  lr 3.00e-03  1.1s
00:55:17 | INFO    | 21_lookback_frontier | gru_h64_l2_w48_H24_s2024 epoch   5/60  train 0.14500  val 0.10406  lr 3.00e-03  1.1s  *
00:55:18 | INFO    | 21_lookback_frontier | gru_h64_l2_w48_H24_s2024 epoch   6/60  train 0.14167  val 0.10752  lr 2.99e-03  1.0s
00:55:19 | INFO    | 21_lookback_frontier | gru_h64_l2_w48_H24_s2024 epoch   7/60  train 0.13483  val 0.10663  lr 2.98e-03  1.0s
00:55:20 | INFO    | 21_lookback_frontier | gru_h64_l2_w48_H24_s2024 epoch   8/60  train 0.12999  val 0.10182  lr 2.96e-03  1.1s  *
00:55:21 | INFO    | 21_lookback_frontier | gru_h64_l2_w48_H24_s2024 epoch   9/60  train 0.12562  val 0.10041  lr 2.94e-03  1.0s  *
00:55:22 | INFO    | 21_lookback_frontier | gru_h64_l2_w48_H24_s2024 epoch  10/60  train 0.12122  val 0.10650  lr 2.92e-03  1.0s
00:55:23 | INFO    | 21_lookback_frontier | gru_h64_l2_w48_H24_s2024 epoch  11/60  train 0.11537  val 0.11560  lr 2.89e-03  1.0s
00:55:24 | INFO    | 21_lookback_frontier | gru_h64_l2_w48_H24_s2024 epoch  12/60  train 0.10950  val 0.12888  lr 2.86e-03  1.0s
00:55:25 | INFO    | 21_lookback_frontier | gru_h64_l2_w48_H24_s2024 epoch  13/60  train 0.10510  val 0.16290  lr 2.82e-03  1.0s
00:55:26 | INFO    | 21_lookback_frontier | gru_h64_l2_w48_H24_s2024 epoch  14/60  train 0.09963  val 0.12141  lr 2.78e-03  1.1s
00:55:27 | INFO    | 21_lookback_frontier | gru_h64_l2_w48_H24_s2024 epoch  15/60  train 0.09770  val 0.12187  lr 2.73e-03  1.0s
00:55:28 | INFO    | 21_lookback_frontier | gru_h64_l2_w48_H24_s2024 epoch  16/60  train 0.09358  val 0.14360  lr 2.68e-03  1.0s
00:55:29 | INFO    | 21_lookback_frontier | gru_h64_l2_w48_H24_s2024 epoch  17/60  train 0.09006  val 0.12571  lr 2.63e-03  1.0s
00:55:30 | INFO    | 21_lookback_frontier | gru_h64_l2_w48_H24_s2024 epoch  18/60  train 0.08760  val 0.14435  lr 2.58e-03  1.0s
00:55:31 | INFO    | 21_lookback_frontier | gru_h64_l2_w48_H24_s2024 epoch  19/60  train 0.08494  val 0.12607  lr 2.52e-03  1.0s
00:55:32 | INFO    | 21_lookback_frontier | gru_h64_l2_w48_H24_s2024 epoch  20/60  train 0.08297  val 0.13684  lr 2.46e-03  1.0s
00:55:33 | INFO    | 21_lookback_frontier | gru_h64_l2_w48_H24_s2024 epoch  21/60  train 0.07990  val 0.14072  lr 2.39e-03  1.0s
00:55:34 | INFO    | 21_lookback_frontier | gru_h64_l2_w48_H24_s2024 epoch  22/60  train 0.07764  val 0.13192  lr 2.32e-03  1.0s
00:55:35 | INFO    | 21_lookback_frontier | gru_h64_l2_w48_H24_s2024 epoch  23/60  train 0.07553  val 0.13542  lr 2.25e-03  1.2s
00:55:36 | INFO    | 21_lookback_frontier | gru_h64_l2_w48_H24_s2024 epoch  24/60  train 0.07439  val 0.14310  lr 2.18e-03  1.0s
00:55:36 | INFO    | 21_lookback_frontier |     gru_h64_l2     w48   R=72   RMSE   57.59  avail 0.9525
00:55:36 | INFO    | 21_lookback_frontier | gru_h64_l2_w24_H24_s42: 41153 params | train 35399 windows, val 7072 | 139 steps/epoch | matrix 5.4 MB on device
00:55:37 | INFO    | 21_lookback_frontier | gru_h64_l2_w24_H24_s42 epoch   1/60  train 0.60322  val 0.12437  lr 1.00e-03  1.0s  *
00:55:38 | INFO    | 21_lookback_frontier | gru_h64_l2_w24_H24_s42 epoch   2/60  train 0.15886  val 0.10671  lr 2.00e-03  0.9s  *
00:55:39 | INFO    | 21_lookback_frontier | gru_h64_l2_w24_H24_s42 epoch   3/60  train 0.15438  val 0.11181  lr 3.00e-03  1.0s
00:55:41 | INFO    | 21_lookback_frontier | gru_h64_l2_w24_H24_s42 epoch   4/60  train 0.14943  val 0.11340  lr 3.00e-03  1.1s
00:55:42 | INFO    | 21_lookback_frontier | gru_h64_l2_w24_H24_s42 epoch   5/60  train 0.14502  val 0.11043  lr 3.00e-03  1.1s
00:55:43 | INFO    | 21_lookback_frontier | gru_h64_l2_w24_H24_s42 epoch   6/60  train 0.14112  val 0.10554  lr 2.99e-03  1.0s  *
00:55:44 | INFO    | 21_lookback_frontier | gru_h64_l2_w24_H24_s42 epoch   7/60  train 0.13935  val 0.11698  lr 2.98e-03  1.1s
00:55:45 | INFO    | 21_lookback_frontier | gru_h64_l2_w24_H24_s42 epoch   8/60  train 0.13543  val 0.14076  lr 2.96e-03  1.2s
00:55:46 | INFO    | 21_lookback_frontier | gru_h64_l2_w24_H24_s42 epoch   9/60  train 0.13053  val 0.13370  lr 2.94e-03  1.1s
00:55:47 | INFO    | 21_lookback_frontier | gru_h64_l2_w24_H24_s42 epoch  10/60  train 0.12836  val 0.13703  lr 2.92e-03  1.1s
00:55:48 | INFO    | 21_lookback_frontier | gru_h64_l2_w24_H24_s42 epoch  11/60  train 0.12412  val 0.11424  lr 2.89e-03  1.1s
00:55:49 | INFO    | 21_lookback_frontier | gru_h64_l2_w24_H24_s42 epoch  12/60  train 0.11896  val 0.11569  lr 2.86e-03  1.0s
00:55:50 | INFO    | 21_lookback_frontier | gru_h64_l2_w24_H24_s42 epoch  13/60  train 0.11428  val 0.13332  lr 2.82e-03  1.0s
00:55:51 | INFO    | 21_lookback_frontier | gru_h64_l2_w24_H24_s42 epoch  14/60  train 0.11062  val 0.15702  lr 2.78e-03  1.0s
00:55:52 | INFO    | 21_lookback_frontier | gru_h64_l2_w24_H24_s42 epoch  15/60  train 0.10612  val 0.13448  lr 2.73e-03  1.0s
00:55:53 | INFO    | 21_lookback_frontier | gru_h64_l2_w24_H24_s42 epoch  16/60  train 0.10243  val 0.14548  lr 2.68e-03  0.9s
00:55:54 | INFO    | 21_lookback_frontier | gru_h64_l2_w24_H24_s42 epoch  17/60  train 0.09863  val 0.14042  lr 2.63e-03  1.0s
00:55:55 | INFO    | 21_lookback_frontier | gru_h64_l2_w24_H24_s42 epoch  18/60  train 0.09410  val 0.14488  lr 2.58e-03  1.2s
00:55:57 | INFO    | 21_lookback_frontier | gru_h64_l2_w24_H24_s42 epoch  19/60  train 0.09082  val 0.13727  lr 2.52e-03  1.1s
00:55:58 | INFO    | 21_lookback_frontier | gru_h64_l2_w24_H24_s42 epoch  20/60  train 0.08813  val 0.14362  lr 2.46e-03  1.0s
00:55:59 | INFO    | 21_lookback_frontier | gru_h64_l2_w24_H24_s42 epoch  21/60  train 0.08724  val 0.13608  lr 2.39e-03  1.0s
00:55:59 | INFO    | 21_lookback_frontier | gru_h64_l2_w24_H24_s1337: 41153 params | train 35399 windows, val 7072 | 139 steps/epoch | matrix 5.4 MB on device
00:56:00 | INFO    | 21_lookback_frontier | gru_h64_l2_w24_H24_s1337 epoch   1/60  train 0.63855  val 0.11306  lr 1.00e-03  1.0s  *
00:56:01 | INFO    | 21_lookback_frontier | gru_h64_l2_w24_H24_s1337 epoch   2/60  train 0.15820  val 0.10013  lr 2.00e-03  1.1s  *
00:56:02 | INFO    | 21_lookback_frontier | gru_h64_l2_w24_H24_s1337 epoch   3/60  train 0.15272  val 0.14167  lr 3.00e-03  1.2s
00:56:03 | INFO    | 21_lookback_frontier | gru_h64_l2_w24_H24_s1337 epoch   4/60  train 0.14819  val 0.10503  lr 3.00e-03  1.2s
00:56:04 | INFO    | 21_lookback_frontier | gru_h64_l2_w24_H24_s1337 epoch   5/60  train 0.14619  val 0.09878  lr 3.00e-03  1.1s  *
00:56:06 | INFO    | 21_lookback_frontier | gru_h64_l2_w24_H24_s1337 epoch   6/60  train 0.14178  val 0.12412  lr 2.99e-03  1.2s
00:56:07 | INFO    | 21_lookback_frontier | gru_h64_l2_w24_H24_s1337 epoch   7/60  train 0.13761  val 0.12729  lr 2.98e-03  1.2s
00:56:08 | INFO    | 21_lookback_frontier | gru_h64_l2_w24_H24_s1337 epoch   8/60  train 0.13253  val 0.11725  lr 2.96e-03  1.1s
00:56:09 | INFO    | 21_lookback_frontier | gru_h64_l2_w24_H24_s1337 epoch   9/60  train 0.12890  val 0.12415  lr 2.94e-03  1.0s
00:56:10 | INFO    | 21_lookback_frontier | gru_h64_l2_w24_H24_s1337 epoch  10/60  train 0.12301  val 0.12367  lr 2.92e-03  1.1s
00:56:11 | INFO    | 21_lookback_frontier | gru_h64_l2_w24_H24_s1337 epoch  11/60  train 0.11811  val 0.14003  lr 2.89e-03  1.2s
00:56:12 | INFO    | 21_lookback_frontier | gru_h64_l2_w24_H24_s1337 epoch  12/60  train 0.11495  val 0.15837  lr 2.86e-03  1.1s
00:56:13 | INFO    | 21_lookback_frontier | gru_h64_l2_w24_H24_s1337 epoch  13/60  train 0.11097  val 0.12160  lr 2.82e-03  1.1s
00:56:15 | INFO    | 21_lookback_frontier | gru_h64_l2_w24_H24_s1337 epoch  14/60  train 0.10491  val 0.12515  lr 2.78e-03  1.1s
00:56:16 | INFO    | 21_lookback_frontier | gru_h64_l2_w24_H24_s1337 epoch  15/60  train 0.10108  val 0.12137  lr 2.73e-03  1.1s
00:56:17 | INFO    | 21_lookback_frontier | gru_h64_l2_w24_H24_s1337 epoch  16/60  train 0.09710  val 0.14199  lr 2.68e-03  1.1s
00:56:18 | INFO    | 21_lookback_frontier | gru_h64_l2_w24_H24_s1337 epoch  17/60  train 0.09423  val 0.13900  lr 2.63e-03  1.1s
00:56:19 | INFO    | 21_lookback_frontier | gru_h64_l2_w24_H24_s1337 epoch  18/60  train 0.09128  val 0.14124  lr 2.58e-03  1.2s
00:56:20 | INFO    | 21_lookback_frontier | gru_h64_l2_w24_H24_s1337 epoch  19/60  train 0.08721  val 0.13861  lr 2.52e-03  1.1s
00:56:21 | INFO    | 21_lookback_frontier | gru_h64_l2_w24_H24_s1337 epoch  20/60  train 0.08419  val 0.14550  lr 2.46e-03  1.1s
00:56:21 | INFO    | 21_lookback_frontier | gru_h64_l2_w24_H24_s2024: 41153 params | train 35399 windows, val 7072 | 139 steps/epoch | matrix 5.4 MB on device
00:56:22 | INFO    | 21_lookback_frontier | gru_h64_l2_w24_H24_s2024 epoch   1/60  train 0.65116  val 0.14523  lr 1.00e-03  1.0s  *
00:56:23 | INFO    | 21_lookback_frontier | gru_h64_l2_w24_H24_s2024 epoch   2/60  train 0.16073  val 0.12619  lr 2.00e-03  1.0s  *
00:56:24 | INFO    | 21_lookback_frontier | gru_h64_l2_w24_H24_s2024 epoch   3/60  train 0.15441  val 0.10818  lr 3.00e-03  0.9s  *
00:56:25 | INFO    | 21_lookback_frontier | gru_h64_l2_w24_H24_s2024 epoch   4/60  train 0.15018  val 0.12136  lr 3.00e-03  1.0s
00:56:27 | INFO    | 21_lookback_frontier | gru_h64_l2_w24_H24_s2024 epoch   5/60  train 0.14647  val 0.10445  lr 3.00e-03  1.1s  *
00:56:28 | INFO    | 21_lookback_frontier | gru_h64_l2_w24_H24_s2024 epoch   6/60  train 0.14333  val 0.10829  lr 2.99e-03  1.0s
00:56:29 | INFO    | 21_lookback_frontier | gru_h64_l2_w24_H24_s2024 epoch   7/60  train 0.13759  val 0.11099  lr 2.98e-03  1.0s
00:56:30 | INFO    | 21_lookback_frontier | gru_h64_l2_w24_H24_s2024 epoch   8/60  train 0.13483  val 0.10450  lr 2.96e-03  1.0s
00:56:31 | INFO    | 21_lookback_frontier | gru_h64_l2_w24_H24_s2024 epoch   9/60  train 0.13041  val 0.10104  lr 2.94e-03  1.0s  *
00:56:32 | INFO    | 21_lookback_frontier | gru_h64_l2_w24_H24_s2024 epoch  10/60  train 0.12792  val 0.11322  lr 2.92e-03  1.1s
00:56:33 | INFO    | 21_lookback_frontier | gru_h64_l2_w24_H24_s2024 epoch  11/60  train 0.12303  val 0.11283  lr 2.89e-03  1.0s
00:56:34 | INFO    | 21_lookback_frontier | gru_h64_l2_w24_H24_s2024 epoch  12/60  train 0.11738  val 0.13592  lr 2.86e-03  1.0s
00:56:35 | INFO    | 21_lookback_frontier | gru_h64_l2_w24_H24_s2024 epoch  13/60  train 0.11330  val 0.17174  lr 2.82e-03  1.0s
00:56:36 | INFO    | 21_lookback_frontier | gru_h64_l2_w24_H24_s2024 epoch  14/60  train 0.10740  val 0.11853  lr 2.78e-03  1.0s
00:56:37 | INFO    | 21_lookback_frontier | gru_h64_l2_w24_H24_s2024 epoch  15/60  train 0.10444  val 0.12137  lr 2.73e-03  1.0s
00:56:38 | INFO    | 21_lookback_frontier | gru_h64_l2_w24_H24_s2024 epoch  16/60  train 0.09985  val 0.14186  lr 2.68e-03  1.2s
00:56:39 | INFO    | 21_lookback_frontier | gru_h64_l2_w24_H24_s2024 epoch  17/60  train 0.09494  val 0.12894  lr 2.63e-03  1.1s
00:56:40 | INFO    | 21_lookback_frontier | gru_h64_l2_w24_H24_s2024 epoch  18/60  train 0.09223  val 0.14694  lr 2.58e-03  1.1s
00:56:41 | INFO    | 21_lookback_frontier | gru_h64_l2_w24_H24_s2024 epoch  19/60  train 0.08872  val 0.12916  lr 2.52e-03  0.9s
00:56:42 | INFO    | 21_lookback_frontier | gru_h64_l2_w24_H24_s2024 epoch  20/60  train 0.08673  val 0.13680  lr 2.46e-03  1.0s
00:56:43 | INFO    | 21_lookback_frontier | gru_h64_l2_w24_H24_s2024 epoch  21/60  train 0.08267  val 0.14359  lr 2.39e-03  1.3s
00:56:45 | INFO    | 21_lookback_frontier | gru_h64_l2_w24_H24_s2024 epoch  22/60  train 0.08060  val 0.13417  lr 2.32e-03  1.4s
00:56:46 | INFO    | 21_lookback_frontier | gru_h64_l2_w24_H24_s2024 epoch  23/60  train 0.07815  val 0.13440  lr 2.25e-03  1.1s
00:56:47 | INFO    | 21_lookback_frontier | gru_h64_l2_w24_H24_s2024 epoch  24/60  train 0.07616  val 0.14510  lr 2.18e-03  1.1s
00:56:47 | INFO    | 21_lookback_frontier |     gru_h64_l2     w24   R=72   RMSE   58.18  avail 0.9525
00:56:47 | INFO    | 21_lookback_frontier | lstm_h64_l1_w48_H24_s42: 21569 params | train 35399 windows, val 7072 | 139 steps/epoch | matrix 5.4 MB on device
00:56:48 | INFO    | 21_lookback_frontier | lstm_h64_l1_w48_H24_s42 epoch   1/60  train 0.87954  val 0.14401  lr 1.00e-03  1.0s  *
00:56:49 | INFO    | 21_lookback_frontier | lstm_h64_l1_w48_H24_s42 epoch   2/60  train 0.16073  val 0.11358  lr 2.00e-03  1.0s  *
00:56:50 | INFO    | 21_lookback_frontier | lstm_h64_l1_w48_H24_s42 epoch   3/60  train 0.15415  val 0.13333  lr 3.00e-03  0.9s
00:56:51 | INFO    | 21_lookback_frontier | lstm_h64_l1_w48_H24_s42 epoch   4/60  train 0.15143  val 0.14072  lr 3.00e-03  1.0s
00:56:52 | INFO    | 21_lookback_frontier | lstm_h64_l1_w48_H24_s42 epoch   5/60  train 0.14789  val 0.12628  lr 3.00e-03  0.9s
00:56:53 | INFO    | 21_lookback_frontier | lstm_h64_l1_w48_H24_s42 epoch   6/60  train 0.14504  val 0.10826  lr 2.99e-03  1.0s  *
00:56:54 | INFO    | 21_lookback_frontier | lstm_h64_l1_w48_H24_s42 epoch   7/60  train 0.14344  val 0.12379  lr 2.98e-03  0.9s
00:56:55 | INFO    | 21_lookback_frontier | lstm_h64_l1_w48_H24_s42 epoch   8/60  train 0.14098  val 0.17294  lr 2.96e-03  0.8s
00:56:56 | INFO    | 21_lookback_frontier | lstm_h64_l1_w48_H24_s42 epoch   9/60  train 0.13890  val 0.13679  lr 2.94e-03  1.0s
00:56:56 | INFO    | 21_lookback_frontier | lstm_h64_l1_w48_H24_s42 epoch  10/60  train 0.13748  val 0.14296  lr 2.92e-03  0.9s
00:56:57 | INFO    | 21_lookback_frontier | lstm_h64_l1_w48_H24_s42 epoch  11/60  train 0.13577  val 0.12331  lr 2.89e-03  0.9s
00:56:58 | INFO    | 21_lookback_frontier | lstm_h64_l1_w48_H24_s42 epoch  12/60  train 0.13297  val 0.10612  lr 2.86e-03  0.8s  *
00:56:59 | INFO    | 21_lookback_frontier | lstm_h64_l1_w48_H24_s42 epoch  13/60  train 0.13044  val 0.13480  lr 2.82e-03  0.9s
00:57:00 | INFO    | 21_lookback_frontier | lstm_h64_l1_w48_H24_s42 epoch  14/60  train 0.12876  val 0.12413  lr 2.78e-03  0.9s
00:57:01 | INFO    | 21_lookback_frontier | lstm_h64_l1_w48_H24_s42 epoch  15/60  train 0.12642  val 0.11301  lr 2.73e-03  0.8s
00:57:02 | INFO    | 21_lookback_frontier | lstm_h64_l1_w48_H24_s42 epoch  16/60  train 0.12457  val 0.13533  lr 2.68e-03  1.2s
00:57:03 | INFO    | 21_lookback_frontier | lstm_h64_l1_w48_H24_s42 epoch  17/60  train 0.12255  val 0.11032  lr 2.63e-03  1.2s
00:57:04 | INFO    | 21_lookback_frontier | lstm_h64_l1_w48_H24_s42 epoch  18/60  train 0.12109  val 0.12738  lr 2.58e-03  1.0s
00:57:05 | INFO    | 21_lookback_frontier | lstm_h64_l1_w48_H24_s42 epoch  19/60  train 0.11906  val 0.11662  lr 2.52e-03  1.0s
00:57:06 | INFO    | 21_lookback_frontier | lstm_h64_l1_w48_H24_s42 epoch  20/60  train 0.11673  val 0.11951  lr 2.46e-03  1.0s
00:57:07 | INFO    | 21_lookback_frontier | lstm_h64_l1_w48_H24_s42 epoch  21/60  train 0.11540  val 0.11188  lr 2.39e-03  0.9s
00:57:08 | INFO    | 21_lookback_frontier | lstm_h64_l1_w48_H24_s42 epoch  22/60  train 0.11353  val 0.18167  lr 2.32e-03  1.0s
00:57:09 | INFO    | 21_lookback_frontier | lstm_h64_l1_w48_H24_s42 epoch  23/60  train 0.11248  val 0.13132  lr 2.25e-03  0.9s
00:57:10 | INFO    | 21_lookback_frontier | lstm_h64_l1_w48_H24_s42 epoch  24/60  train 0.10933  val 0.12155  lr 2.18e-03  0.9s
00:57:11 | INFO    | 21_lookback_frontier | lstm_h64_l1_w48_H24_s42 epoch  25/60  train 0.10829  val 0.13565  lr 2.11e-03  1.0s
00:57:12 | INFO    | 21_lookback_frontier | lstm_h64_l1_w48_H24_s42 epoch  26/60  train 0.10632  val 0.13817  lr 2.03e-03  1.0s
00:57:13 | INFO    | 21_lookback_frontier | lstm_h64_l1_w48_H24_s42 epoch  27/60  train 0.10404  val 0.15022  lr 1.95e-03  1.0s
00:57:13 | INFO    | 21_lookback_frontier | lstm_h64_l1_w48_H24_s1337: 21569 params | train 35399 windows, val 7072 | 139 steps/epoch | matrix 5.4 MB on device
00:57:14 | INFO    | 21_lookback_frontier | lstm_h64_l1_w48_H24_s1337 epoch   1/60  train 0.83328  val 0.14174  lr 1.00e-03  0.8s  *
00:57:15 | INFO    | 21_lookback_frontier | lstm_h64_l1_w48_H24_s1337 epoch   2/60  train 0.16217  val 0.12315  lr 2.00e-03  0.8s  *
00:57:15 | INFO    | 21_lookback_frontier | lstm_h64_l1_w48_H24_s1337 epoch   3/60  train 0.15634  val 0.16489  lr 3.00e-03  0.8s
00:57:16 | INFO    | 21_lookback_frontier | lstm_h64_l1_w48_H24_s1337 epoch   4/60  train 0.15173  val 0.11217  lr 3.00e-03  0.8s  *
00:57:17 | INFO    | 21_lookback_frontier | lstm_h64_l1_w48_H24_s1337 epoch   5/60  train 0.15003  val 0.11647  lr 3.00e-03  0.9s
00:57:18 | INFO    | 21_lookback_frontier | lstm_h64_l1_w48_H24_s1337 epoch   6/60  train 0.14597  val 0.15577  lr 2.99e-03  0.8s
00:57:19 | INFO    | 21_lookback_frontier | lstm_h64_l1_w48_H24_s1337 epoch   7/60  train 0.14415  val 0.12853  lr 2.98e-03  0.9s
00:57:20 | INFO    | 21_lookback_frontier | lstm_h64_l1_w48_H24_s1337 epoch   8/60  train 0.14342  val 0.12619  lr 2.96e-03  1.0s
00:57:21 | INFO    | 21_lookback_frontier | lstm_h64_l1_w48_H24_s1337 epoch   9/60  train 0.14150  val 0.11420  lr 2.94e-03  1.0s
00:57:22 | INFO    | 21_lookback_frontier | lstm_h64_l1_w48_H24_s1337 epoch  10/60  train 0.13969  val 0.11011  lr 2.92e-03  0.9s  *
00:57:22 | INFO    | 21_lookback_frontier | lstm_h64_l1_w48_H24_s1337 epoch  11/60  train 0.13488  val 0.12880  lr 2.89e-03  0.9s
00:57:23 | INFO    | 21_lookback_frontier | lstm_h64_l1_w48_H24_s1337 epoch  12/60  train 0.13602  val 0.13492  lr 2.86e-03  0.9s
00:57:24 | INFO    | 21_lookback_frontier | lstm_h64_l1_w48_H24_s1337 epoch  13/60  train 0.13257  val 0.11244  lr 2.82e-03  1.0s
00:57:26 | INFO    | 21_lookback_frontier | lstm_h64_l1_w48_H24_s1337 epoch  14/60  train 0.13009  val 0.10649  lr 2.78e-03  1.1s  *
00:57:27 | INFO    | 21_lookback_frontier | lstm_h64_l1_w48_H24_s1337 epoch  15/60  train 0.12892  val 0.10738  lr 2.73e-03  1.3s
00:57:28 | INFO    | 21_lookback_frontier | lstm_h64_l1_w48_H24_s1337 epoch  16/60  train 0.12623  val 0.12292  lr 2.68e-03  1.0s
00:57:29 | INFO    | 21_lookback_frontier | lstm_h64_l1_w48_H24_s1337 epoch  17/60  train 0.12539  val 0.12468  lr 2.63e-03  1.0s
00:57:30 | INFO    | 21_lookback_frontier | lstm_h64_l1_w48_H24_s1337 epoch  18/60  train 0.12367  val 0.11641  lr 2.58e-03  0.9s
00:57:31 | INFO    | 21_lookback_frontier | lstm_h64_l1_w48_H24_s1337 epoch  19/60  train 0.12160  val 0.12034  lr 2.52e-03  0.8s
00:57:32 | INFO    | 21_lookback_frontier | lstm_h64_l1_w48_H24_s1337 epoch  20/60  train 0.11942  val 0.11574  lr 2.46e-03  1.0s
00:57:32 | INFO    | 21_lookback_frontier | lstm_h64_l1_w48_H24_s1337 epoch  21/60  train 0.11766  val 0.11874  lr 2.39e-03  0.9s
00:57:33 | INFO    | 21_lookback_frontier | lstm_h64_l1_w48_H24_s1337 epoch  22/60  train 0.11644  val 0.11338  lr 2.32e-03  0.9s
00:57:34 | INFO    | 21_lookback_frontier | lstm_h64_l1_w48_H24_s1337 epoch  23/60  train 0.11479  val 0.11858  lr 2.25e-03  1.0s
00:57:35 | INFO    | 21_lookback_frontier | lstm_h64_l1_w48_H24_s1337 epoch  24/60  train 0.11418  val 0.12059  lr 2.18e-03  0.9s
00:57:36 | INFO    | 21_lookback_frontier | lstm_h64_l1_w48_H24_s1337 epoch  25/60  train 0.11082  val 0.12522  lr 2.11e-03  1.0s
00:57:37 | INFO    | 21_lookback_frontier | lstm_h64_l1_w48_H24_s1337 epoch  26/60  train 0.10869  val 0.12958  lr 2.03e-03  1.0s
00:57:38 | INFO    | 21_lookback_frontier | lstm_h64_l1_w48_H24_s1337 epoch  27/60  train 0.10920  val 0.11673  lr 1.95e-03  1.0s
00:57:39 | INFO    | 21_lookback_frontier | lstm_h64_l1_w48_H24_s1337 epoch  28/60  train 0.10648  val 0.12500  lr 1.87e-03  0.9s
00:57:40 | INFO    | 21_lookback_frontier | lstm_h64_l1_w48_H24_s1337 epoch  29/60  train 0.10568  val 0.12703  lr 1.79e-03  0.9s
00:57:40 | INFO    | 21_lookback_frontier | lstm_h64_l1_w48_H24_s2024: 21569 params | train 35399 windows, val 7072 | 139 steps/epoch | matrix 5.4 MB on device
00:57:41 | INFO    | 21_lookback_frontier | lstm_h64_l1_w48_H24_s2024 epoch   1/60  train 0.88991  val 0.15150  lr 1.00e-03  0.9s  *
00:57:42 | INFO    | 21_lookback_frontier | lstm_h64_l1_w48_H24_s2024 epoch   2/60  train 0.16525  val 0.12970  lr 2.00e-03  1.0s  *
00:57:43 | INFO    | 21_lookback_frontier | lstm_h64_l1_w48_H24_s2024 epoch   3/60  train 0.15923  val 0.12164  lr 3.00e-03  0.9s  *
00:57:44 | INFO    | 21_lookback_frontier | lstm_h64_l1_w48_H24_s2024 epoch   4/60  train 0.15299  val 0.12080  lr 3.00e-03  0.8s  *
00:57:45 | INFO    | 21_lookback_frontier | lstm_h64_l1_w48_H24_s2024 epoch   5/60  train 0.14968  val 0.10503  lr 3.00e-03  0.9s  *
00:57:46 | INFO    | 21_lookback_frontier | lstm_h64_l1_w48_H24_s2024 epoch   6/60  train 0.14762  val 0.12327  lr 2.99e-03  0.8s
00:57:47 | INFO    | 21_lookback_frontier | lstm_h64_l1_w48_H24_s2024 epoch   7/60  train 0.14481  val 0.11938  lr 2.98e-03  0.9s
00:57:47 | INFO    | 21_lookback_frontier | lstm_h64_l1_w48_H24_s2024 epoch   8/60  train 0.14166  val 0.10124  lr 2.96e-03  0.8s  *
00:57:48 | INFO    | 21_lookback_frontier | lstm_h64_l1_w48_H24_s2024 epoch   9/60  train 0.14155  val 0.10661  lr 2.94e-03  0.8s
00:57:49 | INFO    | 21_lookback_frontier | lstm_h64_l1_w48_H24_s2024 epoch  10/60  train 0.14047  val 0.10923  lr 2.92e-03  0.9s
00:57:50 | INFO    | 21_lookback_frontier | lstm_h64_l1_w48_H24_s2024 epoch  11/60  train 0.13752  val 0.10223  lr 2.89e-03  0.8s
00:57:51 | INFO    | 21_lookback_frontier | lstm_h64_l1_w48_H24_s2024 epoch  12/60  train 0.13500  val 0.11697  lr 2.86e-03  0.8s
00:57:52 | INFO    | 21_lookback_frontier | lstm_h64_l1_w48_H24_s2024 epoch  13/60  train 0.13281  val 0.14928  lr 2.82e-03  0.9s
00:57:52 | INFO    | 21_lookback_frontier | lstm_h64_l1_w48_H24_s2024 epoch  14/60  train 0.13078  val 0.10399  lr 2.78e-03  0.8s
00:57:53 | INFO    | 21_lookback_frontier | lstm_h64_l1_w48_H24_s2024 epoch  15/60  train 0.12888  val 0.10538  lr 2.73e-03  0.8s
00:57:54 | INFO    | 21_lookback_frontier | lstm_h64_l1_w48_H24_s2024 epoch  16/60  train 0.12748  val 0.12266  lr 2.68e-03  0.8s
00:57:55 | INFO    | 21_lookback_frontier | lstm_h64_l1_w48_H24_s2024 epoch  17/60  train 0.12433  val 0.10479  lr 2.63e-03  0.8s
00:57:56 | INFO    | 21_lookback_frontier | lstm_h64_l1_w48_H24_s2024 epoch  18/60  train 0.12280  val 0.12693  lr 2.58e-03  1.0s
00:57:57 | INFO    | 21_lookback_frontier | lstm_h64_l1_w48_H24_s2024 epoch  19/60  train 0.12187  val 0.10525  lr 2.52e-03  0.9s
00:57:58 | INFO    | 21_lookback_frontier | lstm_h64_l1_w48_H24_s2024 epoch  20/60  train 0.12111  val 0.12160  lr 2.46e-03  0.9s
00:57:58 | INFO    | 21_lookback_frontier | lstm_h64_l1_w48_H24_s2024 epoch  21/60  train 0.11683  val 0.12084  lr 2.39e-03  0.8s
00:57:59 | INFO    | 21_lookback_frontier | lstm_h64_l1_w48_H24_s2024 epoch  22/60  train 0.11612  val 0.11379  lr 2.32e-03  0.9s
00:58:00 | INFO    | 21_lookback_frontier | lstm_h64_l1_w48_H24_s2024 epoch  23/60  train 0.11420  val 0.11420  lr 2.25e-03  0.9s
00:58:00 | INFO    | 21_lookback_frontier |     lstm_h64_l1    w48   R=72   RMSE   56.77  avail 0.9525
00:58:00 | INFO    | 21_lookback_frontier | lstm_h64_l1_w24_H24_s42: 21569 params | train 35399 windows, val 7072 | 139 steps/epoch | matrix 5.4 MB on device
00:58:01 | INFO    | 21_lookback_frontier | lstm_h64_l1_w24_H24_s42 epoch   1/60  train 0.88088  val 0.14407  lr 1.00e-03  0.8s  *
00:58:02 | INFO    | 21_lookback_frontier | lstm_h64_l1_w24_H24_s42 epoch   2/60  train 0.16068  val 0.11457  lr 2.00e-03  0.9s  *
00:58:03 | INFO    | 21_lookback_frontier | lstm_h64_l1_w24_H24_s42 epoch   3/60  train 0.15426  val 0.13024  lr 3.00e-03  0.8s
00:58:04 | INFO    | 21_lookback_frontier | lstm_h64_l1_w24_H24_s42 epoch   4/60  train 0.15157  val 0.13778  lr 3.00e-03  0.8s
00:58:05 | INFO    | 21_lookback_frontier | lstm_h64_l1_w24_H24_s42 epoch   5/60  train 0.14778  val 0.12192  lr 3.00e-03  0.8s
00:58:06 | INFO    | 21_lookback_frontier | lstm_h64_l1_w24_H24_s42 epoch   6/60  train 0.14507  val 0.11075  lr 2.99e-03  0.9s  *
00:58:06 | INFO    | 21_lookback_frontier | lstm_h64_l1_w24_H24_s42 epoch   7/60  train 0.14358  val 0.13006  lr 2.98e-03  0.9s
00:58:07 | INFO    | 21_lookback_frontier | lstm_h64_l1_w24_H24_s42 epoch   8/60  train 0.14130  val 0.15906  lr 2.96e-03  0.8s
00:58:08 | INFO    | 21_lookback_frontier | lstm_h64_l1_w24_H24_s42 epoch   9/60  train 0.13889  val 0.13676  lr 2.94e-03  0.9s
00:58:09 | INFO    | 21_lookback_frontier | lstm_h64_l1_w24_H24_s42 epoch  10/60  train 0.13824  val 0.13241  lr 2.92e-03  0.9s
00:58:10 | INFO    | 21_lookback_frontier | lstm_h64_l1_w24_H24_s42 epoch  11/60  train 0.13601  val 0.12244  lr 2.89e-03  0.9s
00:58:11 | INFO    | 21_lookback_frontier | lstm_h64_l1_w24_H24_s42 epoch  12/60  train 0.13291  val 0.10449  lr 2.86e-03  0.9s  *
00:58:12 | INFO    | 21_lookback_frontier | lstm_h64_l1_w24_H24_s42 epoch  13/60  train 0.13027  val 0.12487  lr 2.82e-03  0.8s
00:58:13 | INFO    | 21_lookback_frontier | lstm_h64_l1_w24_H24_s42 epoch  14/60  train 0.12853  val 0.13056  lr 2.78e-03  0.8s
00:58:13 | INFO    | 21_lookback_frontier | lstm_h64_l1_w24_H24_s42 epoch  15/60  train 0.12583  val 0.11306  lr 2.73e-03  0.8s
00:58:14 | INFO    | 21_lookback_frontier | lstm_h64_l1_w24_H24_s42 epoch  16/60  train 0.12315  val 0.13688  lr 2.68e-03  0.9s
00:58:15 | INFO    | 21_lookback_frontier | lstm_h64_l1_w24_H24_s42 epoch  17/60  train 0.12211  val 0.10857  lr 2.63e-03  0.9s
00:58:16 | INFO    | 21_lookback_frontier | lstm_h64_l1_w24_H24_s42 epoch  18/60  train 0.12001  val 0.13443  lr 2.58e-03  0.8s
00:58:17 | INFO    | 21_lookback_frontier | lstm_h64_l1_w24_H24_s42 epoch  19/60  train 0.11764  val 0.12284  lr 2.52e-03  0.9s
00:58:18 | INFO    | 21_lookback_frontier | lstm_h64_l1_w24_H24_s42 epoch  20/60  train 0.11578  val 0.11746  lr 2.46e-03  0.8s
00:58:19 | INFO    | 21_lookback_frontier | lstm_h64_l1_w24_H24_s42 epoch  21/60  train 0.11478  val 0.12113  lr 2.39e-03  0.9s
00:58:20 | INFO    | 21_lookback_frontier | lstm_h64_l1_w24_H24_s42 epoch  22/60  train 0.11229  val 0.17380  lr 2.32e-03  1.0s
00:58:20 | INFO    | 21_lookback_frontier | lstm_h64_l1_w24_H24_s42 epoch  23/60  train 0.11092  val 0.12186  lr 2.25e-03  0.8s
00:58:21 | INFO    | 21_lookback_frontier | lstm_h64_l1_w24_H24_s42 epoch  24/60  train 0.10790  val 0.11998  lr 2.18e-03  0.8s
00:58:22 | INFO    | 21_lookback_frontier | lstm_h64_l1_w24_H24_s42 epoch  25/60  train 0.10870  val 0.13553  lr 2.11e-03  0.8s
00:58:23 | INFO    | 21_lookback_frontier | lstm_h64_l1_w24_H24_s42 epoch  26/60  train 0.10474  val 0.13375  lr 2.03e-03  0.8s
00:58:24 | INFO    | 21_lookback_frontier | lstm_h64_l1_w24_H24_s42 epoch  27/60  train 0.10341  val 0.14262  lr 1.95e-03  0.8s
00:58:24 | INFO    | 21_lookback_frontier | lstm_h64_l1_w24_H24_s1337: 21569 params | train 35399 windows, val 7072 | 139 steps/epoch | matrix 5.4 MB on device
00:58:24 | INFO    | 21_lookback_frontier | lstm_h64_l1_w24_H24_s1337 epoch   1/60  train 0.83623  val 0.14179  lr 1.00e-03  0.8s  *
00:58:25 | INFO    | 21_lookback_frontier | lstm_h64_l1_w24_H24_s1337 epoch   2/60  train 0.16223  val 0.12287  lr 2.00e-03  0.9s  *
00:58:26 | INFO    | 21_lookback_frontier | lstm_h64_l1_w24_H24_s1337 epoch   3/60  train 0.15617  val 0.15808  lr 3.00e-03  0.9s
00:58:27 | INFO    | 21_lookback_frontier | lstm_h64_l1_w24_H24_s1337 epoch   4/60  train 0.15148  val 0.11337  lr 3.00e-03  0.9s  *
00:58:28 | INFO    | 21_lookback_frontier | lstm_h64_l1_w24_H24_s1337 epoch   5/60  train 0.15038  val 0.11008  lr 3.00e-03  0.9s  *
00:58:29 | INFO    | 21_lookback_frontier | lstm_h64_l1_w24_H24_s1337 epoch   6/60  train 0.14587  val 0.15285  lr 2.99e-03  0.9s
00:58:30 | INFO    | 21_lookback_frontier | lstm_h64_l1_w24_H24_s1337 epoch   7/60  train 0.14383  val 0.12391  lr 2.98e-03  0.8s
00:58:31 | INFO    | 21_lookback_frontier | lstm_h64_l1_w24_H24_s1337 epoch   8/60  train 0.14292  val 0.12967  lr 2.96e-03  0.8s
00:58:32 | INFO    | 21_lookback_frontier | lstm_h64_l1_w24_H24_s1337 epoch   9/60  train 0.14139  val 0.11448  lr 2.94e-03  0.8s
00:58:33 | INFO    | 21_lookback_frontier | lstm_h64_l1_w24_H24_s1337 epoch  10/60  train 0.13961  val 0.11181  lr 2.92e-03  0.9s
00:58:34 | INFO    | 21_lookback_frontier | lstm_h64_l1_w24_H24_s1337 epoch  11/60  train 0.13445  val 0.13016  lr 2.89e-03  1.0s
00:58:35 | INFO    | 21_lookback_frontier | lstm_h64_l1_w24_H24_s1337 epoch  12/60  train 0.13570  val 0.12970  lr 2.86e-03  1.3s
00:58:36 | INFO    | 21_lookback_frontier | lstm_h64_l1_w24_H24_s1337 epoch  13/60  train 0.13315  val 0.11372  lr 2.82e-03  1.1s
00:58:37 | INFO    | 21_lookback_frontier | lstm_h64_l1_w24_H24_s1337 epoch  14/60  train 0.13006  val 0.10755  lr 2.78e-03  1.1s  *
00:58:38 | INFO    | 21_lookback_frontier | lstm_h64_l1_w24_H24_s1337 epoch  15/60  train 0.12930  val 0.10656  lr 2.73e-03  1.3s  *
00:58:40 | INFO    | 21_lookback_frontier | lstm_h64_l1_w24_H24_s1337 epoch  16/60  train 0.12633  val 0.13373  lr 2.68e-03  1.2s
00:58:41 | INFO    | 21_lookback_frontier | lstm_h64_l1_w24_H24_s1337 epoch  17/60  train 0.12526  val 0.12097  lr 2.63e-03  1.0s
00:58:42 | INFO    | 21_lookback_frontier | lstm_h64_l1_w24_H24_s1337 epoch  18/60  train 0.12344  val 0.11935  lr 2.58e-03  1.1s
00:58:43 | INFO    | 21_lookback_frontier | lstm_h64_l1_w24_H24_s1337 epoch  19/60  train 0.12123  val 0.12137  lr 2.52e-03  1.0s
00:58:44 | INFO    | 21_lookback_frontier | lstm_h64_l1_w24_H24_s1337 epoch  20/60  train 0.11911  val 0.11712  lr 2.46e-03  1.0s
00:58:45 | INFO    | 21_lookback_frontier | lstm_h64_l1_w24_H24_s1337 epoch  21/60  train 0.11745  val 0.11935  lr 2.39e-03  1.0s
00:58:46 | INFO    | 21_lookback_frontier | lstm_h64_l1_w24_H24_s1337 epoch  22/60  train 0.11574  val 0.11280  lr 2.32e-03  0.9s
00:58:47 | INFO    | 21_lookback_frontier | lstm_h64_l1_w24_H24_s1337 epoch  23/60  train 0.11396  val 0.12160  lr 2.25e-03  0.9s
00:58:48 | INFO    | 21_lookback_frontier | lstm_h64_l1_w24_H24_s1337 epoch  24/60  train 0.11409  val 0.11958  lr 2.18e-03  0.9s
00:58:48 | INFO    | 21_lookback_frontier | lstm_h64_l1_w24_H24_s1337 epoch  25/60  train 0.11002  val 0.11738  lr 2.11e-03  0.8s
00:58:49 | INFO    | 21_lookback_frontier | lstm_h64_l1_w24_H24_s1337 epoch  26/60  train 0.10695  val 0.12513  lr 2.03e-03  0.8s
00:58:50 | INFO    | 21_lookback_frontier | lstm_h64_l1_w24_H24_s1337 epoch  27/60  train 0.10747  val 0.12182  lr 1.95e-03  0.9s
00:58:51 | INFO    | 21_lookback_frontier | lstm_h64_l1_w24_H24_s1337 epoch  28/60  train 0.10468  val 0.12582  lr 1.87e-03  0.9s
00:58:52 | INFO    | 21_lookback_frontier | lstm_h64_l1_w24_H24_s1337 epoch  29/60  train 0.10398  val 0.12255  lr 1.79e-03  0.9s
00:58:53 | INFO    | 21_lookback_frontier | lstm_h64_l1_w24_H24_s1337 epoch  30/60  train 0.10288  val 0.12723  lr 1.71e-03  0.8s
00:58:53 | INFO    | 21_lookback_frontier | lstm_h64_l1_w24_H24_s2024: 21569 params | train 35399 windows, val 7072 | 139 steps/epoch | matrix 5.4 MB on device
00:58:54 | INFO    | 21_lookback_frontier | lstm_h64_l1_w24_H24_s2024 epoch   1/60  train 0.89202  val 0.15114  lr 1.00e-03  0.8s  *
00:58:55 | INFO    | 21_lookback_frontier | lstm_h64_l1_w24_H24_s2024 epoch   2/60  train 0.16515  val 0.12992  lr 2.00e-03  0.8s  *
00:58:56 | INFO    | 21_lookback_frontier | lstm_h64_l1_w24_H24_s2024 epoch   3/60  train 0.15941  val 0.12013  lr 3.00e-03  0.9s  *
00:58:57 | INFO    | 21_lookback_frontier | lstm_h64_l1_w24_H24_s2024 epoch   4/60  train 0.15290  val 0.11920  lr 3.00e-03  0.9s  *
00:58:57 | INFO    | 21_lookback_frontier | lstm_h64_l1_w24_H24_s2024 epoch   5/60  train 0.15047  val 0.10890  lr 3.00e-03  0.8s  *
00:58:58 | INFO    | 21_lookback_frontier | lstm_h64_l1_w24_H24_s2024 epoch   6/60  train 0.14801  val 0.12497  lr 2.99e-03  0.9s
00:58:59 | INFO    | 21_lookback_frontier | lstm_h64_l1_w24_H24_s2024 epoch   7/60  train 0.14506  val 0.12593  lr 2.98e-03  0.8s
00:59:00 | INFO    | 21_lookback_frontier | lstm_h64_l1_w24_H24_s2024 epoch   8/60  train 0.14295  val 0.10365  lr 2.96e-03  0.8s  *
00:59:01 | INFO    | 21_lookback_frontier | lstm_h64_l1_w24_H24_s2024 epoch   9/60  train 0.14177  val 0.10483  lr 2.94e-03  0.9s
00:59:02 | INFO    | 21_lookback_frontier | lstm_h64_l1_w24_H24_s2024 epoch  10/60  train 0.14061  val 0.10824  lr 2.92e-03  0.8s
00:59:03 | INFO    | 21_lookback_frontier | lstm_h64_l1_w24_H24_s2024 epoch  11/60  train 0.13807  val 0.10455  lr 2.89e-03  0.8s
00:59:03 | INFO    | 21_lookback_frontier | lstm_h64_l1_w24_H24_s2024 epoch  12/60  train 0.13529  val 0.11386  lr 2.86e-03  0.8s
00:59:04 | INFO    | 21_lookback_frontier | lstm_h64_l1_w24_H24_s2024 epoch  13/60  train 0.13326  val 0.14440  lr 2.82e-03  0.8s
00:59:05 | INFO    | 21_lookback_frontier | lstm_h64_l1_w24_H24_s2024 epoch  14/60  train 0.13153  val 0.10401  lr 2.78e-03  0.8s
00:59:06 | INFO    | 21_lookback_frontier | lstm_h64_l1_w24_H24_s2024 epoch  15/60  train 0.12881  val 0.10583  lr 2.73e-03  1.0s
00:59:07 | INFO    | 21_lookback_frontier | lstm_h64_l1_w24_H24_s2024 epoch  16/60  train 0.12731  val 0.12959  lr 2.68e-03  1.0s
00:59:08 | INFO    | 21_lookback_frontier | lstm_h64_l1_w24_H24_s2024 epoch  17/60  train 0.12433  val 0.10849  lr 2.63e-03  1.0s
00:59:09 | INFO    | 21_lookback_frontier | lstm_h64_l1_w24_H24_s2024 epoch  18/60  train 0.12237  val 0.12263  lr 2.58e-03  0.9s
00:59:10 | INFO    | 21_lookback_frontier | lstm_h64_l1_w24_H24_s2024 epoch  19/60  train 0.12087  val 0.11448  lr 2.52e-03  0.8s
00:59:10 | INFO    | 21_lookback_frontier | lstm_h64_l1_w24_H24_s2024 epoch  20/60  train 0.11851  val 0.11911  lr 2.46e-03  0.8s
00:59:11 | INFO    | 21_lookback_frontier | lstm_h64_l1_w24_H24_s2024 epoch  21/60  train 0.11552  val 0.13587  lr 2.39e-03  0.9s
00:59:12 | INFO    | 21_lookback_frontier | lstm_h64_l1_w24_H24_s2024 epoch  22/60  train 0.11446  val 0.11367  lr 2.32e-03  0.9s
00:59:13 | INFO    | 21_lookback_frontier | lstm_h64_l1_w24_H24_s2024 epoch  23/60  train 0.11225  val 0.11494  lr 2.25e-03  0.8s
00:59:13 | INFO    | 21_lookback_frontier |     lstm_h64_l1    w24   R=72   RMSE   56.15  avail 0.9525
00:59:13 | INFO    | 21_lookback_frontier | dlinear_w48_H24_s42: 1730 params | train 35399 windows, val 7072 | 139 steps/epoch | matrix 5.4 MB on device
00:59:14 | INFO    | 21_lookback_frontier | dlinear_w48_H24_s42 epoch   1/60  train 3.36421  val 3.56871  lr 1.00e-03  0.5s  *
00:59:15 | INFO    | 21_lookback_frontier | dlinear_w48_H24_s42 epoch   2/60  train 2.92756  val 3.47443  lr 2.00e-03  0.6s  *
00:59:15 | INFO    | 21_lookback_frontier | dlinear_w48_H24_s42 epoch   3/60  train 2.32980  val 2.44769  lr 3.00e-03  0.6s  *
00:59:16 | INFO    | 21_lookback_frontier | dlinear_w48_H24_s42 epoch   4/60  train 1.61260  val 1.71796  lr 3.00e-03  0.6s  *
00:59:16 | INFO    | 21_lookback_frontier | dlinear_w48_H24_s42 epoch   5/60  train 0.94071  val 0.85760  lr 3.00e-03  0.6s  *
00:59:17 | INFO    | 21_lookback_frontier | dlinear_w48_H24_s42 epoch   6/60  train 0.41990  val 0.36813  lr 2.99e-03  0.5s  *
00:59:18 | INFO    | 21_lookback_frontier | dlinear_w48_H24_s42 epoch   7/60  train 0.19223  val 0.16045  lr 2.98e-03  0.6s  *
00:59:18 | INFO    | 21_lookback_frontier | dlinear_w48_H24_s42 epoch   8/60  train 0.15376  val 0.14622  lr 2.96e-03  0.5s  *
00:59:19 | INFO    | 21_lookback_frontier | dlinear_w48_H24_s42 epoch   9/60  train 0.14650  val 0.13920  lr 2.94e-03  0.5s  *
00:59:19 | INFO    | 21_lookback_frontier | dlinear_w48_H24_s42 epoch  10/60  train 0.14534  val 0.15424  lr 2.92e-03  0.6s
00:59:20 | INFO    | 21_lookback_frontier | dlinear_w48_H24_s42 epoch  11/60  train 0.14483  val 0.14902  lr 2.89e-03  0.6s
00:59:21 | INFO    | 21_lookback_frontier | dlinear_w48_H24_s42 epoch  12/60  train 0.14322  val 0.15768  lr 2.86e-03  0.6s
00:59:21 | INFO    | 21_lookback_frontier | dlinear_w48_H24_s42 epoch  13/60  train 0.14474  val 0.18989  lr 2.82e-03  0.5s
00:59:22 | INFO    | 21_lookback_frontier | dlinear_w48_H24_s42 epoch  14/60  train 0.14394  val 0.15355  lr 2.78e-03  0.6s
00:59:22 | INFO    | 21_lookback_frontier | dlinear_w48_H24_s42 epoch  15/60  train 0.14450  val 0.13510  lr 2.73e-03  0.5s  *
00:59:23 | INFO    | 21_lookback_frontier | dlinear_w48_H24_s42 epoch  16/60  train 0.14245  val 0.16246  lr 2.68e-03  0.6s
00:59:24 | INFO    | 21_lookback_frontier | dlinear_w48_H24_s42 epoch  17/60  train 0.14164  val 0.16305  lr 2.63e-03  0.5s
00:59:24 | INFO    | 21_lookback_frontier | dlinear_w48_H24_s42 epoch  18/60  train 0.14171  val 0.19041  lr 2.58e-03  0.6s
00:59:25 | INFO    | 21_lookback_frontier | dlinear_w48_H24_s42 epoch  19/60  train 0.14241  val 0.15492  lr 2.52e-03  0.6s
00:59:25 | INFO    | 21_lookback_frontier | dlinear_w48_H24_s42 epoch  20/60  train 0.13972  val 0.14180  lr 2.46e-03  0.6s
00:59:26 | INFO    | 21_lookback_frontier | dlinear_w48_H24_s42 epoch  21/60  train 0.14013  val 0.13337  lr 2.39e-03  0.7s  *
00:59:27 | INFO    | 21_lookback_frontier | dlinear_w48_H24_s42 epoch  22/60  train 0.14124  val 0.20891  lr 2.32e-03  0.6s
00:59:27 | INFO    | 21_lookback_frontier | dlinear_w48_H24_s42 epoch  23/60  train 0.14149  val 0.14094  lr 2.25e-03  0.6s
00:59:28 | INFO    | 21_lookback_frontier | dlinear_w48_H24_s42 epoch  24/60  train 0.13964  val 0.13923  lr 2.18e-03  0.6s
00:59:29 | INFO    | 21_lookback_frontier | dlinear_w48_H24_s42 epoch  25/60  train 0.13976  val 0.12889  lr 2.11e-03  0.7s  *
00:59:30 | INFO    | 21_lookback_frontier | dlinear_w48_H24_s42 epoch  26/60  train 0.13824  val 0.18557  lr 2.03e-03  0.6s
00:59:30 | INFO    | 21_lookback_frontier | dlinear_w48_H24_s42 epoch  27/60  train 0.13873  val 0.15281  lr 1.95e-03  0.5s
00:59:31 | INFO    | 21_lookback_frontier | dlinear_w48_H24_s42 epoch  28/60  train 0.13820  val 0.14908  lr 1.87e-03  0.6s
00:59:31 | INFO    | 21_lookback_frontier | dlinear_w48_H24_s42 epoch  29/60  train 0.13780  val 0.13723  lr 1.79e-03  0.5s
00:59:32 | INFO    | 21_lookback_frontier | dlinear_w48_H24_s42 epoch  30/60  train 0.13741  val 0.14613  lr 1.71e-03  0.6s
00:59:32 | INFO    | 21_lookback_frontier | dlinear_w48_H24_s42 epoch  31/60  train 0.13493  val 0.14160  lr 1.63e-03  0.5s
00:59:33 | INFO    | 21_lookback_frontier | dlinear_w48_H24_s42 epoch  32/60  train 0.13513  val 0.14060  lr 1.55e-03  0.6s
00:59:34 | INFO    | 21_lookback_frontier | dlinear_w48_H24_s42 epoch  33/60  train 0.13452  val 0.13427  lr 1.46e-03  0.5s
00:59:34 | INFO    | 21_lookback_frontier | dlinear_w48_H24_s42 epoch  34/60  train 0.13442  val 0.13495  lr 1.38e-03  0.6s
00:59:35 | INFO    | 21_lookback_frontier | dlinear_w48_H24_s42 epoch  35/60  train 0.13400  val 0.13310  lr 1.30e-03  0.6s
00:59:35 | INFO    | 21_lookback_frontier | dlinear_w48_H24_s42 epoch  36/60  train 0.13336  val 0.14007  lr 1.22e-03  0.6s
00:59:36 | INFO    | 21_lookback_frontier | dlinear_w48_H24_s42 epoch  37/60  train 0.13279  val 0.14114  lr 1.14e-03  0.6s
00:59:37 | INFO    | 21_lookback_frontier | dlinear_w48_H24_s42 epoch  38/60  train 0.13135  val 0.16542  lr 1.06e-03  0.5s
00:59:37 | INFO    | 21_lookback_frontier | dlinear_w48_H24_s42 epoch  39/60  train 0.13314  val 0.13827  lr 9.81e-04  0.6s
00:59:38 | INFO    | 21_lookback_frontier | dlinear_w48_H24_s42 epoch  40/60  train 0.13070  val 0.14347  lr 9.04e-04  0.5s
00:59:38 | INFO    | 21_lookback_frontier | dlinear_w48_H24_s1337: 1730 params | train 35399 windows, val 7072 | 139 steps/epoch | matrix 5.4 MB on device
00:59:38 | INFO    | 21_lookback_frontier | dlinear_w48_H24_s1337 epoch   1/60  train 3.34541  val 3.68260  lr 1.00e-03  0.6s  *
00:59:39 | INFO    | 21_lookback_frontier | dlinear_w48_H24_s1337 epoch   2/60  train 2.92883  val 3.29400  lr 2.00e-03  0.5s  *
00:59:40 | INFO    | 21_lookback_frontier | dlinear_w48_H24_s1337 epoch   3/60  train 2.34406  val 2.53088  lr 3.00e-03  0.6s  *
00:59:40 | INFO    | 21_lookback_frontier | dlinear_w48_H24_s1337 epoch   4/60  train 1.61604  val 1.64672  lr 3.00e-03  0.5s  *
00:59:41 | INFO    | 21_lookback_frontier | dlinear_w48_H24_s1337 epoch   5/60  train 0.91931  val 0.72678  lr 3.00e-03  0.5s  *
00:59:41 | INFO    | 21_lookback_frontier | dlinear_w48_H24_s1337 epoch   6/60  train 0.41584  val 0.39496  lr 2.99e-03  0.6s  *
00:59:42 | INFO    | 21_lookback_frontier | dlinear_w48_H24_s1337 epoch   7/60  train 0.18801  val 0.17137  lr 2.98e-03  0.5s  *
00:59:43 | INFO    | 21_lookback_frontier | dlinear_w48_H24_s1337 epoch   8/60  train 0.14787  val 0.14454  lr 2.96e-03  0.6s  *
00:59:43 | INFO    | 21_lookback_frontier | dlinear_w48_H24_s1337 epoch   9/60  train 0.14733  val 0.15455  lr 2.94e-03  0.5s
00:59:44 | INFO    | 21_lookback_frontier | dlinear_w48_H24_s1337 epoch  10/60  train 0.14622  val 0.14904  lr 2.92e-03  0.6s
00:59:44 | INFO    | 21_lookback_frontier | dlinear_w48_H24_s1337 epoch  11/60  train 0.14632  val 0.14989  lr 2.89e-03  0.5s
00:59:45 | INFO    | 21_lookback_frontier | dlinear_w48_H24_s1337 epoch  12/60  train 0.14507  val 0.14440  lr 2.86e-03  0.6s  *
00:59:46 | INFO    | 21_lookback_frontier | dlinear_w48_H24_s1337 epoch  13/60  train 0.14394  val 0.16153  lr 2.82e-03  0.5s
00:59:46 | INFO    | 21_lookback_frontier | dlinear_w48_H24_s1337 epoch  14/60  train 0.14374  val 0.13683  lr 2.78e-03  0.6s  *
00:59:47 | INFO    | 21_lookback_frontier | dlinear_w48_H24_s1337 epoch  15/60  train 0.14340  val 0.13699  lr 2.73e-03  0.6s
00:59:48 | INFO    | 21_lookback_frontier | dlinear_w48_H24_s1337 epoch  16/60  train 0.14202  val 0.14620  lr 2.68e-03  0.5s
00:59:48 | INFO    | 21_lookback_frontier | dlinear_w48_H24_s1337 epoch  17/60  train 0.14085  val 0.14951  lr 2.63e-03  0.5s
00:59:49 | INFO    | 21_lookback_frontier | dlinear_w48_H24_s1337 epoch  18/60  train 0.14456  val 0.13838  lr 2.58e-03  0.5s
00:59:49 | INFO    | 21_lookback_frontier | dlinear_w48_H24_s1337 epoch  19/60  train 0.14012  val 0.13554  lr 2.52e-03  0.6s  *
00:59:50 | INFO    | 21_lookback_frontier | dlinear_w48_H24_s1337 epoch  20/60  train 0.14165  val 0.15024  lr 2.46e-03  0.5s
00:59:50 | INFO    | 21_lookback_frontier | dlinear_w48_H24_s1337 epoch  21/60  train 0.14101  val 0.13729  lr 2.39e-03  0.6s
00:59:51 | INFO    | 21_lookback_frontier | dlinear_w48_H24_s1337 epoch  22/60  train 0.14125  val 0.15434  lr 2.32e-03  0.5s
00:59:52 | INFO    | 21_lookback_frontier | dlinear_w48_H24_s1337 epoch  23/60  train 0.13885  val 0.13038  lr 2.25e-03  0.5s  *
00:59:52 | INFO    | 21_lookback_frontier | dlinear_w48_H24_s1337 epoch  24/60  train 0.13910  val 0.13865  lr 2.18e-03  0.5s
00:59:53 | INFO    | 21_lookback_frontier | dlinear_w48_H24_s1337 epoch  25/60  train 0.13972  val 0.16590  lr 2.11e-03  0.6s
00:59:53 | INFO    | 21_lookback_frontier | dlinear_w48_H24_s1337 epoch  26/60  train 0.13755  val 0.14192  lr 2.03e-03  0.5s
00:59:54 | INFO    | 21_lookback_frontier | dlinear_w48_H24_s1337 epoch  27/60  train 0.13802  val 0.13943  lr 1.95e-03  0.6s
00:59:54 | INFO    | 21_lookback_frontier | dlinear_w48_H24_s1337 epoch  28/60  train 0.13662  val 0.14680  lr 1.87e-03  0.5s
00:59:55 | INFO    | 21_lookback_frontier | dlinear_w48_H24_s1337 epoch  29/60  train 0.13667  val 0.14086  lr 1.79e-03  0.7s
00:59:56 | INFO    | 21_lookback_frontier | dlinear_w48_H24_s1337 epoch  30/60  train 0.13757  val 0.15613  lr 1.71e-03  0.7s
00:59:57 | INFO    | 21_lookback_frontier | dlinear_w48_H24_s1337 epoch  31/60  train 0.13572  val 0.13439  lr 1.63e-03  0.6s
00:59:57 | INFO    | 21_lookback_frontier | dlinear_w48_H24_s1337 epoch  32/60  train 0.13582  val 0.13828  lr 1.55e-03  0.7s
00:59:58 | INFO    | 21_lookback_frontier | dlinear_w48_H24_s1337 epoch  33/60  train 0.13434  val 0.14618  lr 1.46e-03  0.7s
00:59:59 | INFO    | 21_lookback_frontier | dlinear_w48_H24_s1337 epoch  34/60  train 0.13408  val 0.14163  lr 1.38e-03  0.7s
00:59:59 | INFO    | 21_lookback_frontier | dlinear_w48_H24_s1337 epoch  35/60  train 0.13377  val 0.15234  lr 1.30e-03  0.5s
01:00:00 | INFO    | 21_lookback_frontier | dlinear_w48_H24_s1337 epoch  36/60  train 0.13352  val 0.13431  lr 1.22e-03  0.7s
01:00:01 | INFO    | 21_lookback_frontier | dlinear_w48_H24_s1337 epoch  37/60  train 0.13225  val 0.13071  lr 1.14e-03  0.5s
01:00:01 | INFO    | 21_lookback_frontier | dlinear_w48_H24_s1337 epoch  38/60  train 0.13232  val 0.13615  lr 1.06e-03  0.6s
01:00:01 | INFO    | 21_lookback_frontier | dlinear_w48_H24_s2024: 1730 params | train 35399 windows, val 7072 | 139 steps/epoch | matrix 5.4 MB on device
01:00:02 | INFO    | 21_lookback_frontier | dlinear_w48_H24_s2024 epoch   1/60  train 3.33021  val 3.76384  lr 1.00e-03  0.5s  *
01:00:03 | INFO    | 21_lookback_frontier | dlinear_w48_H24_s2024 epoch   2/60  train 2.89501  val 3.25304  lr 2.00e-03  0.7s  *
01:00:03 | INFO    | 21_lookback_frontier | dlinear_w48_H24_s2024 epoch   3/60  train 2.30283  val 2.54908  lr 3.00e-03  0.7s  *
01:00:04 | INFO    | 21_lookback_frontier | dlinear_w48_H24_s2024 epoch   4/60  train 1.59344  val 1.55484  lr 3.00e-03  0.6s  *
01:00:05 | INFO    | 21_lookback_frontier | dlinear_w48_H24_s2024 epoch   5/60  train 0.89491  val 0.73771  lr 3.00e-03  0.6s  *
01:00:05 | INFO    | 21_lookback_frontier | dlinear_w48_H24_s2024 epoch   6/60  train 0.37541  val 0.28165  lr 2.99e-03  0.6s  *
01:00:06 | INFO    | 21_lookback_frontier | dlinear_w48_H24_s2024 epoch   7/60  train 0.17253  val 0.15122  lr 2.98e-03  0.6s  *
01:00:07 | INFO    | 21_lookback_frontier | dlinear_w48_H24_s2024 epoch   8/60  train 0.14624  val 0.17017  lr 2.96e-03  0.5s
01:00:07 | INFO    | 21_lookback_frontier | dlinear_w48_H24_s2024 epoch   9/60  train 0.14489  val 0.16578  lr 2.94e-03  0.6s
01:00:08 | INFO    | 21_lookback_frontier | dlinear_w48_H24_s2024 epoch  10/60  train 0.14422  val 0.14286  lr 2.92e-03  0.5s  *
01:00:08 | INFO    | 21_lookback_frontier | dlinear_w48_H24_s2024 epoch  11/60  train 0.14526  val 0.17762  lr 2.89e-03  0.6s
01:00:09 | INFO    | 21_lookback_frontier | dlinear_w48_H24_s2024 epoch  12/60  train 0.14643  val 0.14154  lr 2.86e-03  0.6s  *
01:00:10 | INFO    | 21_lookback_frontier | dlinear_w48_H24_s2024 epoch  13/60  train 0.14322  val 0.16133  lr 2.82e-03  0.7s
01:00:10 | INFO    | 21_lookback_frontier | dlinear_w48_H24_s2024 epoch  14/60  train 0.14296  val 0.16210  lr 2.78e-03  0.5s
01:00:11 | INFO    | 21_lookback_frontier | dlinear_w48_H24_s2024 epoch  15/60  train 0.14365  val 0.14079  lr 2.73e-03  0.6s  *
01:00:11 | INFO    | 21_lookback_frontier | dlinear_w48_H24_s2024 epoch  16/60  train 0.14301  val 0.13256  lr 2.68e-03  0.5s  *
01:00:12 | INFO    | 21_lookback_frontier | dlinear_w48_H24_s2024 epoch  17/60  train 0.14298  val 0.13789  lr 2.63e-03  0.6s
01:00:13 | INFO    | 21_lookback_frontier | dlinear_w48_H24_s2024 epoch  18/60  train 0.14680  val 0.15966  lr 2.58e-03  0.5s
01:00:13 | INFO    | 21_lookback_frontier | dlinear_w48_H24_s2024 epoch  19/60  train 0.14435  val 0.13465  lr 2.52e-03  0.5s
01:00:14 | INFO    | 21_lookback_frontier | dlinear_w48_H24_s2024 epoch  20/60  train 0.14222  val 0.14723  lr 2.46e-03  0.6s
01:00:15 | INFO    | 21_lookback_frontier | dlinear_w48_H24_s2024 epoch  21/60  train 0.13985  val 0.16710  lr 2.39e-03  0.6s
01:00:15 | INFO    | 21_lookback_frontier | dlinear_w48_H24_s2024 epoch  22/60  train 0.14014  val 0.13749  lr 2.32e-03  0.7s
01:00:16 | INFO    | 21_lookback_frontier | dlinear_w48_H24_s2024 epoch  23/60  train 0.14072  val 0.14637  lr 2.25e-03  0.6s
01:00:16 | INFO    | 21_lookback_frontier | dlinear_w48_H24_s2024 epoch  24/60  train 0.14084  val 0.13009  lr 2.18e-03  0.6s  *
01:00:17 | INFO    | 21_lookback_frontier | dlinear_w48_H24_s2024 epoch  25/60  train 0.13984  val 0.14804  lr 2.11e-03  0.5s
01:00:18 | INFO    | 21_lookback_frontier | dlinear_w48_H24_s2024 epoch  26/60  train 0.13842  val 0.13785  lr 2.03e-03  0.6s
01:00:18 | INFO    | 21_lookback_frontier | dlinear_w48_H24_s2024 epoch  27/60  train 0.13846  val 0.14628  lr 1.95e-03  0.5s
01:00:19 | INFO    | 21_lookback_frontier | dlinear_w48_H24_s2024 epoch  28/60  train 0.13690  val 0.12725  lr 1.87e-03  0.6s  *
01:00:19 | INFO    | 21_lookback_frontier | dlinear_w48_H24_s2024 epoch  29/60  train 0.13722  val 0.15043  lr 1.79e-03  0.5s
01:00:20 | INFO    | 21_lookback_frontier | dlinear_w48_H24_s2024 epoch  30/60  train 0.13656  val 0.14821  lr 1.71e-03  0.6s
01:00:20 | INFO    | 21_lookback_frontier | dlinear_w48_H24_s2024 epoch  31/60  train 0.13618  val 0.13858  lr 1.63e-03  0.5s
01:00:21 | INFO    | 21_lookback_frontier | dlinear_w48_H24_s2024 epoch  32/60  train 0.13464  val 0.13982  lr 1.55e-03  0.6s
01:00:22 | INFO    | 21_lookback_frontier | dlinear_w48_H24_s2024 epoch  33/60  train 0.13568  val 0.12706  lr 1.46e-03  0.5s  *
01:00:22 | INFO    | 21_lookback_frontier | dlinear_w48_H24_s2024 epoch  34/60  train 0.13448  val 0.13415  lr 1.38e-03  0.6s
01:00:23 | INFO    | 21_lookback_frontier | dlinear_w48_H24_s2024 epoch  35/60  train 0.13361  val 0.14035  lr 1.30e-03  0.5s
01:00:23 | INFO    | 21_lookback_frontier | dlinear_w48_H24_s2024 epoch  36/60  train 0.13326  val 0.13542  lr 1.22e-03  0.6s
01:00:24 | INFO    | 21_lookback_frontier | dlinear_w48_H24_s2024 epoch  37/60  train 0.13176  val 0.14623  lr 1.14e-03  0.5s
01:00:25 | INFO    | 21_lookback_frontier | dlinear_w48_H24_s2024 epoch  38/60  train 0.13268  val 0.14581  lr 1.06e-03  0.6s
01:00:25 | INFO    | 21_lookback_frontier | dlinear_w48_H24_s2024 epoch  39/60  train 0.13062  val 0.12802  lr 9.81e-04  0.7s
01:00:26 | INFO    | 21_lookback_frontier | dlinear_w48_H24_s2024 epoch  40/60  train 0.13075  val 0.14068  lr 9.04e-04  0.8s
01:00:27 | INFO    | 21_lookback_frontier | dlinear_w48_H24_s2024 epoch  41/60  train 0.13055  val 0.14018  lr 8.30e-04  0.7s
01:00:28 | INFO    | 21_lookback_frontier | dlinear_w48_H24_s2024 epoch  42/60  train 0.12935  val 0.14579  lr 7.58e-04  0.6s
01:00:28 | INFO    | 21_lookback_frontier | dlinear_w48_H24_s2024 epoch  43/60  train 0.12985  val 0.13502  lr 6.87e-04  0.7s
01:00:29 | INFO    | 21_lookback_frontier | dlinear_w48_H24_s2024 epoch  44/60  train 0.12935  val 0.13558  lr 6.20e-04  0.7s
01:00:30 | INFO    | 21_lookback_frontier | dlinear_w48_H24_s2024 epoch  45/60  train 0.12813  val 0.12670  lr 5.55e-04  0.7s  *
01:00:30 | INFO    | 21_lookback_frontier | dlinear_w48_H24_s2024 epoch  46/60  train 0.12855  val 0.14322  lr 4.92e-04  0.6s
01:00:31 | INFO    | 21_lookback_frontier | dlinear_w48_H24_s2024 epoch  47/60  train 0.12742  val 0.13184  lr 4.33e-04  0.6s
01:00:32 | INFO    | 21_lookback_frontier | dlinear_w48_H24_s2024 epoch  48/60  train 0.12761  val 0.13169  lr 3.78e-04  0.5s
01:00:32 | INFO    | 21_lookback_frontier | dlinear_w48_H24_s2024 epoch  49/60  train 0.12668  val 0.13529  lr 3.25e-04  0.6s
01:00:33 | INFO    | 21_lookback_frontier | dlinear_w48_H24_s2024 epoch  50/60  train 0.12649  val 0.13153  lr 2.76e-04  0.5s
01:00:33 | INFO    | 21_lookback_frontier | dlinear_w48_H24_s2024 epoch  51/60  train 0.12596  val 0.12900  lr 2.31e-04  0.6s
01:00:34 | INFO    | 21_lookback_frontier | dlinear_w48_H24_s2024 epoch  52/60  train 0.12632  val 0.13509  lr 1.90e-04  0.5s
01:00:34 | INFO    | 21_lookback_frontier | dlinear_w48_H24_s2024 epoch  53/60  train 0.12565  val 0.12833  lr 1.53e-04  0.5s
01:00:35 | INFO    | 21_lookback_frontier | dlinear_w48_H24_s2024 epoch  54/60  train 0.12519  val 0.13083  lr 1.20e-04  0.6s
01:00:36 | INFO    | 21_lookback_frontier | dlinear_w48_H24_s2024 epoch  55/60  train 0.12548  val 0.13144  lr 9.10e-05  0.6s
01:00:36 | INFO    | 21_lookback_frontier | dlinear_w48_H24_s2024 epoch  56/60  train 0.12486  val 0.13070  lr 6.64e-05  0.5s
01:00:37 | INFO    | 21_lookback_frontier | dlinear_w48_H24_s2024 epoch  57/60  train 0.12474  val 0.13228  lr 4.62e-05  0.6s
01:00:37 | INFO    | 21_lookback_frontier | dlinear_w48_H24_s2024 epoch  58/60  train 0.12463  val 0.13009  lr 3.04e-05  0.5s
01:00:38 | INFO    | 21_lookback_frontier | dlinear_w48_H24_s2024 epoch  59/60  train 0.12454  val 0.12846  lr 1.91e-05  0.6s
01:00:39 | INFO    | 21_lookback_frontier | dlinear_w48_H24_s2024 epoch  60/60  train 0.12456  val 0.13061  lr 1.23e-05  0.5s
01:00:39 | INFO    | 21_lookback_frontier |     dlinear        w48   R=72   RMSE   64.83  avail 0.9525
01:00:39 | INFO    | 21_lookback_frontier | dlinear_w24_H24_s42: 866 params | train 35399 windows, val 7072 | 139 steps/epoch | matrix 5.4 MB on device
01:00:39 | INFO    | 21_lookback_frontier | dlinear_w24_H24_s42 epoch   1/60  train 3.34954  val 3.21447  lr 1.00e-03  0.6s  *
01:00:40 | INFO    | 21_lookback_frontier | dlinear_w24_H24_s42 epoch   2/60  train 2.89765  val 3.11190  lr 2.00e-03  0.6s  *
01:00:41 | INFO    | 21_lookback_frontier | dlinear_w24_H24_s42 epoch   3/60  train 2.25634  val 2.33674  lr 3.00e-03  0.6s  *
01:00:42 | INFO    | 21_lookback_frontier | dlinear_w24_H24_s42 epoch   4/60  train 1.50736  val 1.46482  lr 3.00e-03  0.5s  *
01:00:42 | INFO    | 21_lookback_frontier | dlinear_w24_H24_s42 epoch   5/60  train 0.80326  val 0.67194  lr 3.00e-03  0.5s  *
01:00:43 | INFO    | 21_lookback_frontier | dlinear_w24_H24_s42 epoch   6/60  train 0.31475  val 0.26000  lr 2.99e-03  0.5s  *
01:00:43 | INFO    | 21_lookback_frontier | dlinear_w24_H24_s42 epoch   7/60  train 0.15102  val 0.16365  lr 2.98e-03  0.5s  *
01:00:44 | INFO    | 21_lookback_frontier | dlinear_w24_H24_s42 epoch   8/60  train 0.13913  val 0.14092  lr 2.96e-03  0.6s  *
01:00:44 | INFO    | 21_lookback_frontier | dlinear_w24_H24_s42 epoch   9/60  train 0.13762  val 0.13862  lr 2.94e-03  0.5s  *
01:00:45 | INFO    | 21_lookback_frontier | dlinear_w24_H24_s42 epoch  10/60  train 0.13790  val 0.13804  lr 2.92e-03  0.6s  *
01:00:46 | INFO    | 21_lookback_frontier | dlinear_w24_H24_s42 epoch  11/60  train 0.13752  val 0.13976  lr 2.89e-03  0.6s
01:00:46 | INFO    | 21_lookback_frontier | dlinear_w24_H24_s42 epoch  12/60  train 0.13771  val 0.13604  lr 2.86e-03  0.6s  *
01:00:47 | INFO    | 21_lookback_frontier | dlinear_w24_H24_s42 epoch  13/60  train 0.13798  val 0.15890  lr 2.82e-03  0.6s
01:00:48 | INFO    | 21_lookback_frontier | dlinear_w24_H24_s42 epoch  14/60  train 0.13600  val 0.15047  lr 2.78e-03  0.5s
01:00:48 | INFO    | 21_lookback_frontier | dlinear_w24_H24_s42 epoch  15/60  train 0.13547  val 0.13027  lr 2.73e-03  0.5s  *
01:00:49 | INFO    | 21_lookback_frontier | dlinear_w24_H24_s42 epoch  16/60  train 0.13600  val 0.14609  lr 2.68e-03  0.6s
01:00:49 | INFO    | 21_lookback_frontier | dlinear_w24_H24_s42 epoch  17/60  train 0.13702  val 0.13973  lr 2.63e-03  0.5s
01:00:50 | INFO    | 21_lookback_frontier | dlinear_w24_H24_s42 epoch  18/60  train 0.13545  val 0.15486  lr 2.58e-03  0.6s
01:00:50 | INFO    | 21_lookback_frontier | dlinear_w24_H24_s42 epoch  19/60  train 0.13615  val 0.14049  lr 2.52e-03  0.5s
01:00:51 | INFO    | 21_lookback_frontier | dlinear_w24_H24_s42 epoch  20/60  train 0.13476  val 0.13491  lr 2.46e-03  0.6s
01:00:52 | INFO    | 21_lookback_frontier | dlinear_w24_H24_s42 epoch  21/60  train 0.13584  val 0.13553  lr 2.39e-03  0.5s
01:00:52 | INFO    | 21_lookback_frontier | dlinear_w24_H24_s42 epoch  22/60  train 0.13364  val 0.14784  lr 2.32e-03  0.6s
01:00:53 | INFO    | 21_lookback_frontier | dlinear_w24_H24_s42 epoch  23/60  train 0.13366  val 0.13640  lr 2.25e-03  0.5s
01:00:53 | INFO    | 21_lookback_frontier | dlinear_w24_H24_s42 epoch  24/60  train 0.13467  val 0.13649  lr 2.18e-03  0.6s
01:00:54 | INFO    | 21_lookback_frontier | dlinear_w24_H24_s42 epoch  25/60  train 0.13488  val 0.13712  lr 2.11e-03  0.5s
01:00:55 | INFO    | 21_lookback_frontier | dlinear_w24_H24_s42 epoch  26/60  train 0.13326  val 0.14069  lr 2.03e-03  0.7s
01:00:55 | INFO    | 21_lookback_frontier | dlinear_w24_H24_s42 epoch  27/60  train 0.13345  val 0.13582  lr 1.95e-03  0.7s
01:00:56 | INFO    | 21_lookback_frontier | dlinear_w24_H24_s42 epoch  28/60  train 0.13300  val 0.13950  lr 1.87e-03  0.7s
01:00:57 | INFO    | 21_lookback_frontier | dlinear_w24_H24_s42 epoch  29/60  train 0.13412  val 0.13518  lr 1.79e-03  0.5s
01:00:57 | INFO    | 21_lookback_frontier | dlinear_w24_H24_s42 epoch  30/60  train 0.13267  val 0.14519  lr 1.71e-03  0.7s
01:00:57 | INFO    | 21_lookback_frontier | dlinear_w24_H24_s1337: 866 params | train 35399 windows, val 7072 | 139 steps/epoch | matrix 5.4 MB on device
01:00:58 | INFO    | 21_lookback_frontier | dlinear_w24_H24_s1337 epoch   1/60  train 3.35506  val 3.30829  lr 1.00e-03  0.6s  *
01:00:59 | INFO    | 21_lookback_frontier | dlinear_w24_H24_s1337 epoch   2/60  train 2.90432  val 3.03404  lr 2.00e-03  0.6s  *
01:00:59 | INFO    | 21_lookback_frontier | dlinear_w24_H24_s1337 epoch   3/60  train 2.27824  val 2.39227  lr 3.00e-03  0.5s  *
01:01:00 | INFO    | 21_lookback_frontier | dlinear_w24_H24_s1337 epoch   4/60  train 1.52926  val 1.48436  lr 3.00e-03  0.7s  *
01:01:01 | INFO    | 21_lookback_frontier | dlinear_w24_H24_s1337 epoch   5/60  train 0.80581  val 0.64588  lr 3.00e-03  0.6s  *
01:01:01 | INFO    | 21_lookback_frontier | dlinear_w24_H24_s1337 epoch   6/60  train 0.30374  val 0.26286  lr 2.99e-03  0.6s  *
01:01:02 | INFO    | 21_lookback_frontier | dlinear_w24_H24_s1337 epoch   7/60  train 0.15005  val 0.18683  lr 2.98e-03  0.6s  *
01:01:03 | INFO    | 21_lookback_frontier | dlinear_w24_H24_s1337 epoch   8/60  train 0.13955  val 0.14280  lr 2.96e-03  0.5s  *
01:01:03 | INFO    | 21_lookback_frontier | dlinear_w24_H24_s1337 epoch   9/60  train 0.13761  val 0.14727  lr 2.94e-03  0.6s
01:01:04 | INFO    | 21_lookback_frontier | dlinear_w24_H24_s1337 epoch  10/60  train 0.13752  val 0.13809  lr 2.92e-03  0.6s  *
01:01:05 | INFO    | 21_lookback_frontier | dlinear_w24_H24_s1337 epoch  11/60  train 0.13779  val 0.13874  lr 2.89e-03  0.6s
01:01:05 | INFO    | 21_lookback_frontier | dlinear_w24_H24_s1337 epoch  12/60  train 0.13704  val 0.14377  lr 2.86e-03  0.6s
01:01:06 | INFO    | 21_lookback_frontier | dlinear_w24_H24_s1337 epoch  13/60  train 0.13801  val 0.13898  lr 2.82e-03  0.6s
01:01:06 | INFO    | 21_lookback_frontier | dlinear_w24_H24_s1337 epoch  14/60  train 0.13599  val 0.14055  lr 2.78e-03  0.5s
01:01:07 | INFO    | 21_lookback_frontier | dlinear_w24_H24_s1337 epoch  15/60  train 0.13579  val 0.13140  lr 2.73e-03  0.6s  *
01:01:08 | INFO    | 21_lookback_frontier | dlinear_w24_H24_s1337 epoch  16/60  train 0.13584  val 0.14488  lr 2.68e-03  0.6s
01:01:08 | INFO    | 21_lookback_frontier | dlinear_w24_H24_s1337 epoch  17/60  train 0.13588  val 0.15948  lr 2.63e-03  0.6s
01:01:09 | INFO    | 21_lookback_frontier | dlinear_w24_H24_s1337 epoch  18/60  train 0.13814  val 0.13675  lr 2.58e-03  0.5s
01:01:09 | INFO    | 21_lookback_frontier | dlinear_w24_H24_s1337 epoch  19/60  train 0.13532  val 0.13214  lr 2.52e-03  0.6s
01:01:10 | INFO    | 21_lookback_frontier | dlinear_w24_H24_s1337 epoch  20/60  train 0.13585  val 0.13774  lr 2.46e-03  0.5s
01:01:11 | INFO    | 21_lookback_frontier | dlinear_w24_H24_s1337 epoch  21/60  train 0.13400  val 0.13662  lr 2.39e-03  0.6s
01:01:11 | INFO    | 21_lookback_frontier | dlinear_w24_H24_s1337 epoch  22/60  train 0.13337  val 0.14069  lr 2.32e-03  0.5s
01:01:12 | INFO    | 21_lookback_frontier | dlinear_w24_H24_s1337 epoch  23/60  train 0.13360  val 0.12775  lr 2.25e-03  0.6s  *
01:01:12 | INFO    | 21_lookback_frontier | dlinear_w24_H24_s1337 epoch  24/60  train 0.13473  val 0.13467  lr 2.18e-03  0.5s
01:01:13 | INFO    | 21_lookback_frontier | dlinear_w24_H24_s1337 epoch  25/60  train 0.13518  val 0.13140  lr 2.11e-03  0.6s
01:01:13 | INFO    | 21_lookback_frontier | dlinear_w24_H24_s1337 epoch  26/60  train 0.13328  val 0.13447  lr 2.03e-03  0.5s
01:01:14 | INFO    | 21_lookback_frontier | dlinear_w24_H24_s1337 epoch  27/60  train 0.13350  val 0.14248  lr 1.95e-03  0.6s
01:01:15 | INFO    | 21_lookback_frontier | dlinear_w24_H24_s1337 epoch  28/60  train 0.13239  val 0.13353  lr 1.87e-03  0.5s
01:01:15 | INFO    | 21_lookback_frontier | dlinear_w24_H24_s1337 epoch  29/60  train 0.13301  val 0.13641  lr 1.79e-03  0.5s
01:01:16 | INFO    | 21_lookback_frontier | dlinear_w24_H24_s1337 epoch  30/60  train 0.13215  val 0.13811  lr 1.71e-03  0.5s
01:01:16 | INFO    | 21_lookback_frontier | dlinear_w24_H24_s1337 epoch  31/60  train 0.13265  val 0.13709  lr 1.63e-03  0.6s
01:01:17 | INFO    | 21_lookback_frontier | dlinear_w24_H24_s1337 epoch  32/60  train 0.13199  val 0.12878  lr 1.55e-03  0.6s
01:01:18 | INFO    | 21_lookback_frontier | dlinear_w24_H24_s1337 epoch  33/60  train 0.13215  val 0.13136  lr 1.46e-03  0.5s
01:01:18 | INFO    | 21_lookback_frontier | dlinear_w24_H24_s1337 epoch  34/60  train 0.13205  val 0.13282  lr 1.38e-03  0.7s
01:01:19 | INFO    | 21_lookback_frontier | dlinear_w24_H24_s1337 epoch  35/60  train 0.13147  val 0.14082  lr 1.30e-03  0.8s
01:01:20 | INFO    | 21_lookback_frontier | dlinear_w24_H24_s1337 epoch  36/60  train 0.13065  val 0.13092  lr 1.22e-03  0.7s
01:01:21 | INFO    | 21_lookback_frontier | dlinear_w24_H24_s1337 epoch  37/60  train 0.13058  val 0.13125  lr 1.14e-03  0.9s
01:01:22 | INFO    | 21_lookback_frontier | dlinear_w24_H24_s1337 epoch  38/60  train 0.13034  val 0.13073  lr 1.06e-03  0.7s
01:01:22 | INFO    | 21_lookback_frontier | dlinear_w24_H24_s2024: 866 params | train 35399 windows, val 7072 | 139 steps/epoch | matrix 5.4 MB on device
01:01:22 | INFO    | 21_lookback_frontier | dlinear_w24_H24_s2024 epoch   1/60  train 3.30677  val 3.36183  lr 1.00e-03  0.8s  *
01:01:23 | INFO    | 21_lookback_frontier | dlinear_w24_H24_s2024 epoch   2/60  train 2.86706  val 3.10036  lr 2.00e-03  0.6s  *
01:01:24 | INFO    | 21_lookback_frontier | dlinear_w24_H24_s2024 epoch   3/60  train 2.24135  val 2.36229  lr 3.00e-03  1.0s  *
01:01:25 | INFO    | 21_lookback_frontier | dlinear_w24_H24_s2024 epoch   4/60  train 1.49086  val 1.46926  lr 3.00e-03  0.8s  *
01:01:26 | INFO    | 21_lookback_frontier | dlinear_w24_H24_s2024 epoch   5/60  train 0.77654  val 0.57871  lr 3.00e-03  1.1s  *
01:01:27 | INFO    | 21_lookback_frontier | dlinear_w24_H24_s2024 epoch   6/60  train 0.29181  val 0.23674  lr 2.99e-03  0.9s  *
01:01:28 | INFO    | 21_lookback_frontier | dlinear_w24_H24_s2024 epoch   7/60  train 0.14813  val 0.14219  lr 2.98e-03  0.7s  *
01:01:29 | INFO    | 21_lookback_frontier | dlinear_w24_H24_s2024 epoch   8/60  train 0.13825  val 0.14142  lr 2.96e-03  0.7s  *
01:01:30 | INFO    | 21_lookback_frontier | dlinear_w24_H24_s2024 epoch   9/60  train 0.13812  val 0.14353  lr 2.94e-03  0.7s
01:01:30 | INFO    | 21_lookback_frontier | dlinear_w24_H24_s2024 epoch  10/60  train 0.13773  val 0.14730  lr 2.92e-03  0.7s
01:01:31 | INFO    | 21_lookback_frontier | dlinear_w24_H24_s2024 epoch  11/60  train 0.13769  val 0.14992  lr 2.89e-03  0.6s
01:01:32 | INFO    | 21_lookback_frontier | dlinear_w24_H24_s2024 epoch  12/60  train 0.13758  val 0.13075  lr 2.86e-03  0.8s  *
01:01:32 | INFO    | 21_lookback_frontier | dlinear_w24_H24_s2024 epoch  13/60  train 0.13500  val 0.14790  lr 2.82e-03  0.6s
01:01:33 | INFO    | 21_lookback_frontier | dlinear_w24_H24_s2024 epoch  14/60  train 0.13530  val 0.15494  lr 2.78e-03  0.8s
01:01:34 | INFO    | 21_lookback_frontier | dlinear_w24_H24_s2024 epoch  15/60  train 0.13538  val 0.13601  lr 2.73e-03  0.7s
01:01:35 | INFO    | 21_lookback_frontier | dlinear_w24_H24_s2024 epoch  16/60  train 0.13730  val 0.13355  lr 2.68e-03  0.7s
01:01:36 | INFO    | 21_lookback_frontier | dlinear_w24_H24_s2024 epoch  17/60  train 0.13648  val 0.12718  lr 2.63e-03  0.8s  *
01:01:36 | INFO    | 21_lookback_frontier | dlinear_w24_H24_s2024 epoch  18/60  train 0.13550  val 0.13788  lr 2.58e-03  0.6s
01:01:37 | INFO    | 21_lookback_frontier | dlinear_w24_H24_s2024 epoch  19/60  train 0.13551  val 0.13633  lr 2.52e-03  0.5s
01:01:37 | INFO    | 21_lookback_frontier | dlinear_w24_H24_s2024 epoch  20/60  train 0.13517  val 0.13746  lr 2.46e-03  0.6s
01:01:38 | INFO    | 21_lookback_frontier | dlinear_w24_H24_s2024 epoch  21/60  train 0.13447  val 0.13513  lr 2.39e-03  0.6s
01:01:38 | INFO    | 21_lookback_frontier | dlinear_w24_H24_s2024 epoch  22/60  train 0.13460  val 0.13834  lr 2.32e-03  0.6s
01:01:39 | INFO    | 21_lookback_frontier | dlinear_w24_H24_s2024 epoch  23/60  train 0.13462  val 0.13504  lr 2.25e-03  0.5s
01:01:39 | INFO    | 21_lookback_frontier | dlinear_w24_H24_s2024 epoch  24/60  train 0.13344  val 0.13842  lr 2.18e-03  0.5s
01:01:40 | INFO    | 21_lookback_frontier | dlinear_w24_H24_s2024 epoch  25/60  train 0.13433  val 0.13551  lr 2.11e-03  0.5s
01:01:41 | INFO    | 21_lookback_frontier | dlinear_w24_H24_s2024 epoch  26/60  train 0.13400  val 0.13533  lr 2.03e-03  0.5s
01:01:41 | INFO    | 21_lookback_frontier | dlinear_w24_H24_s2024 epoch  27/60  train 0.13263  val 0.14671  lr 1.95e-03  0.5s
01:01:42 | INFO    | 21_lookback_frontier | dlinear_w24_H24_s2024 epoch  28/60  train 0.13266  val 0.13206  lr 1.87e-03  0.5s
01:01:42 | INFO    | 21_lookback_frontier | dlinear_w24_H24_s2024 epoch  29/60  train 0.13237  val 0.13885  lr 1.79e-03  0.6s
01:01:43 | INFO    | 21_lookback_frontier | dlinear_w24_H24_s2024 epoch  30/60  train 0.13323  val 0.13670  lr 1.71e-03  0.6s
01:01:43 | INFO    | 21_lookback_frontier | dlinear_w24_H24_s2024 epoch  31/60  train 0.13257  val 0.13098  lr 1.63e-03  0.5s
01:01:44 | INFO    | 21_lookback_frontier | dlinear_w24_H24_s2024 epoch  32/60  train 0.13245  val 0.13913  lr 1.55e-03  0.5s
01:01:44 | INFO    | 21_lookback_frontier |     dlinear        w24   R=72   RMSE   65.24  avail 0.9525
01:01:44 | INFO    | 21_lookback_frontier | === arm B24: cap 24, floor 168 ===
01:01:44 | INFO    | 21_lookback_frontier | contiguity: 296 runs after 3h ffill, longest 4283 h
01:01:44 | INFO    | 21_lookback_frontier | h=  1:  42732 valid rows  (rejected: no-run 10766, short-history 24592, target-past-run-end 89, target-imputed 1037)
01:01:44 | INFO    | 21_lookback_frontier | h=  3:  42568 valid rows  (rejected: no-run 10766, short-history 24592, target-past-run-end 265, target-imputed 1025)
01:01:44 | INFO    | 21_lookback_frontier | h=  6:  42317 valid rows  (rejected: no-run 10766, short-history 24592, target-past-run-end 528, target-imputed 1013)
01:01:44 | INFO    | 21_lookback_frontier | h= 12:  41829 valid rows  (rejected: no-run 10766, short-history 24592, target-past-run-end 1042, target-imputed 987)
01:01:44 | INFO    | 21_lookback_frontier | h= 24:  40877 valid rows  (rejected: no-run 10766, short-history 24592, target-past-run-end 2030, target-imputed 951)
01:01:44 | INFO    | 21_lookback_frontier | built 96 predictor columns (max backward dependency 24 h)
01:01:44 | INFO    | 21_lookback_frontier | split: train 2016-03-10 to 2022-07-08, val to 2023-11-15, test to 2025-03-24 (chronological, no shuffling)
01:01:44 | INFO    | 21_lookback_frontier | h=  1: boundary purge removed 52 rows (42732 -> 42680)
01:01:44 | INFO    | 21_lookback_frontier | h=  3: boundary purge removed 52 rows (42568 -> 42516)
01:01:44 | INFO    | 21_lookback_frontier | h=  6: boundary purge removed 52 rows (42317 -> 42265)
01:01:44 | INFO    | 21_lookback_frontier | h= 12: boundary purge removed 52 rows (41829 -> 41777)
01:01:44 | INFO    | 21_lookback_frontier | h= 24: boundary purge removed 52 rows (40877 -> 40825)
01:01:45 | INFO    | 21_lookback_frontier | scaler fitted on 55451 training rows over 96 predictors
01:01:45 | INFO    | 21_lookback_frontier | wrote F:\BUP\data\interim\lookback\B24\processed\features.parquet (79216 rows, 163 cols)
01:01:46 | INFO    | 21_lookback_frontier |   served 9083 of 10880 universe hours (0.8348)
01:01:46 | INFO    | 21_lookback_frontier |     ridge          RMSE   59.60  (served rows)
01:01:54 | INFO    | 21_lookback_frontier |     random_forest  RMSE   58.39  (served rows)
01:01:56 | INFO    | 21_lookback_frontier |     xgboost        RMSE   58.45  (served rows)
01:01:59 | INFO    | 21_lookback_frontier |     lightgbm       RMSE   58.57  (served rows)
01:01:59 | INFO    | 21_lookback_frontier |     gru_h64_l2     w48   reused: identical windows at radius 192
01:01:59 | INFO    | 21_lookback_frontier |     gru_h64_l2     w24   reused: identical windows at radius 192
01:01:59 | INFO    | 21_lookback_frontier |     lstm_h64_l1    w48   reused: identical windows at radius 192
01:01:59 | INFO    | 21_lookback_frontier |     lstm_h64_l1    w24   reused: identical windows at radius 192
01:02:00 | INFO    | 21_lookback_frontier |     dlinear        w48   reused: identical windows at radius 192
01:02:00 | INFO    | 21_lookback_frontier |     dlinear        w24   reused: identical windows at radius 192
01:02:00 | INFO    | 21_lookback_frontier | === arm A24: cap 24, floor 24 ===
01:02:00 | INFO    | 21_lookback_frontier | contiguity: 296 runs after 3h ffill, longest 4283 h
01:02:00 | INFO    | 21_lookback_frontier | h=  1:  60085 valid rows  (rejected: no-run 10766, short-history 5837, target-past-run-end 206, target-imputed 2322)
01:02:00 | INFO    | 21_lookback_frontier | h=  3:  59762 valid rows  (rejected: no-run 10766, short-history 5837, target-past-run-end 609, target-imputed 2242)
01:02:00 | INFO    | 21_lookback_frontier | h=  6:  59258 valid rows  (rejected: no-run 10766, short-history 5837, target-past-run-end 1176, target-imputed 2179)
01:02:00 | INFO    | 21_lookback_frontier | h= 12:  58259 valid rows  (rejected: no-run 10766, short-history 5837, target-past-run-end 2276, target-imputed 2078)
01:02:00 | INFO    | 21_lookback_frontier | h= 24:  56346 valid rows  (rejected: no-run 10766, short-history 5837, target-past-run-end 4383, target-imputed 1884)
01:02:00 | INFO    | 21_lookback_frontier | built 96 predictor columns (max backward dependency 24 h)
01:02:00 | INFO    | 21_lookback_frontier | split: train 2016-03-10 to 2022-07-08, val to 2023-11-15, test to 2025-03-24 (chronological, no shuffling)
01:02:00 | INFO    | 21_lookback_frontier | h=  1: boundary purge removed 24 rows (60085 -> 60061)
01:02:00 | INFO    | 21_lookback_frontier | h=  3: boundary purge removed 26 rows (59762 -> 59736)
01:02:00 | INFO    | 21_lookback_frontier | h=  6: boundary purge removed 29 rows (59258 -> 59229)
01:02:00 | INFO    | 21_lookback_frontier | h= 12: boundary purge removed 35 rows (58259 -> 58224)
01:02:00 | INFO    | 21_lookback_frontier | h= 24: boundary purge removed 47 rows (56346 -> 56299)
01:02:00 | INFO    | 21_lookback_frontier | scaler fitted on 55451 training rows over 96 predictors
01:02:01 | INFO    | 21_lookback_frontier | wrote F:\BUP\data\interim\lookback\A24\processed\features.parquet (79216 rows, 163 cols)
01:02:01 | INFO    | 21_lookback_frontier |   served 10619 of 10880 universe hours (0.9760)
01:02:02 | INFO    | 21_lookback_frontier |     ridge          RMSE   58.01  (served rows)
01:02:15 | INFO    | 21_lookback_frontier |     random_forest  RMSE   56.50  (served rows)
01:02:17 | INFO    | 21_lookback_frontier |     xgboost        RMSE   56.64  (served rows)
01:02:20 | INFO    | 21_lookback_frontier |     lightgbm       RMSE   56.84  (served rows)
01:02:20 | INFO    | 21_lookback_frontier | gru_h64_l2_w48_H24_s42: 41153 params | train 35504 windows, val 7084 | 139 steps/epoch | matrix 5.4 MB on device
01:02:21 | INFO    | 21_lookback_frontier | gru_h64_l2_w48_H24_s42 epoch   1/60  train 0.60097  val 0.12569  lr 1.00e-03  1.0s  *
01:02:23 | INFO    | 21_lookback_frontier | gru_h64_l2_w48_H24_s42 epoch   2/60  train 0.15881  val 0.11144  lr 2.00e-03  1.1s  *
01:02:24 | INFO    | 21_lookback_frontier | gru_h64_l2_w48_H24_s42 epoch   3/60  train 0.15485  val 0.12654  lr 3.00e-03  1.2s
01:02:25 | INFO    | 21_lookback_frontier | gru_h64_l2_w48_H24_s42 epoch   4/60  train 0.14822  val 0.10736  lr 3.00e-03  1.0s  *
01:02:26 | INFO    | 21_lookback_frontier | gru_h64_l2_w48_H24_s42 epoch   5/60  train 0.14655  val 0.12994  lr 3.00e-03  1.1s
01:02:27 | INFO    | 21_lookback_frontier | gru_h64_l2_w48_H24_s42 epoch   6/60  train 0.14054  val 0.12424  lr 2.99e-03  1.0s
01:02:28 | INFO    | 21_lookback_frontier | gru_h64_l2_w48_H24_s42 epoch   7/60  train 0.13608  val 0.11819  lr 2.98e-03  0.8s
01:02:29 | INFO    | 21_lookback_frontier | gru_h64_l2_w48_H24_s42 epoch   8/60  train 0.13152  val 0.11696  lr 2.96e-03  1.0s
01:02:30 | INFO    | 21_lookback_frontier | gru_h64_l2_w48_H24_s42 epoch   9/60  train 0.12645  val 0.12646  lr 2.94e-03  0.9s
01:02:31 | INFO    | 21_lookback_frontier | gru_h64_l2_w48_H24_s42 epoch  10/60  train 0.12131  val 0.12193  lr 2.92e-03  1.0s
01:02:32 | INFO    | 21_lookback_frontier | gru_h64_l2_w48_H24_s42 epoch  11/60  train 0.11680  val 0.11841  lr 2.89e-03  0.8s
01:02:32 | INFO    | 21_lookback_frontier | gru_h64_l2_w48_H24_s42 epoch  12/60  train 0.11108  val 0.15736  lr 2.86e-03  0.8s
01:02:33 | INFO    | 21_lookback_frontier | gru_h64_l2_w48_H24_s42 epoch  13/60  train 0.10697  val 0.13053  lr 2.82e-03  1.0s
01:02:34 | INFO    | 21_lookback_frontier | gru_h64_l2_w48_H24_s42 epoch  14/60  train 0.10262  val 0.13281  lr 2.78e-03  1.1s
01:02:35 | INFO    | 21_lookback_frontier | gru_h64_l2_w48_H24_s42 epoch  15/60  train 0.09882  val 0.12844  lr 2.73e-03  0.9s
01:02:36 | INFO    | 21_lookback_frontier | gru_h64_l2_w48_H24_s42 epoch  16/60  train 0.09486  val 0.13669  lr 2.68e-03  0.9s
01:02:37 | INFO    | 21_lookback_frontier | gru_h64_l2_w48_H24_s42 epoch  17/60  train 0.09199  val 0.15462  lr 2.63e-03  0.9s
01:02:38 | INFO    | 21_lookback_frontier | gru_h64_l2_w48_H24_s42 epoch  18/60  train 0.08856  val 0.14968  lr 2.58e-03  0.9s
01:02:39 | INFO    | 21_lookback_frontier | gru_h64_l2_w48_H24_s42 epoch  19/60  train 0.08542  val 0.14479  lr 2.52e-03  0.9s
01:02:40 | INFO    | 21_lookback_frontier | gru_h64_l2_w48_H24_s42 epoch  20/60  train 0.08274  val 0.14221  lr 2.46e-03  0.9s
01:02:40 | INFO    | 21_lookback_frontier | gru_h64_l2_w48_H24_s1337: 41153 params | train 35504 windows, val 7084 | 139 steps/epoch | matrix 5.4 MB on device
01:02:41 | INFO    | 21_lookback_frontier | gru_h64_l2_w48_H24_s1337 epoch   1/60  train 0.63878  val 0.12399  lr 1.00e-03  1.0s  *
01:02:42 | INFO    | 21_lookback_frontier | gru_h64_l2_w48_H24_s1337 epoch   2/60  train 0.15964  val 0.10666  lr 2.00e-03  1.2s  *
01:02:43 | INFO    | 21_lookback_frontier | gru_h64_l2_w48_H24_s1337 epoch   3/60  train 0.15321  val 0.10820  lr 3.00e-03  1.0s
01:02:44 | INFO    | 21_lookback_frontier | gru_h64_l2_w48_H24_s1337 epoch   4/60  train 0.14746  val 0.11604  lr 3.00e-03  0.9s
01:02:45 | INFO    | 21_lookback_frontier | gru_h64_l2_w48_H24_s1337 epoch   5/60  train 0.14319  val 0.11528  lr 3.00e-03  1.1s
01:02:46 | INFO    | 21_lookback_frontier | gru_h64_l2_w48_H24_s1337 epoch   6/60  train 0.14057  val 0.10328  lr 2.99e-03  0.9s  *
01:02:47 | INFO    | 21_lookback_frontier | gru_h64_l2_w48_H24_s1337 epoch   7/60  train 0.13442  val 0.11303  lr 2.98e-03  1.0s
01:02:48 | INFO    | 21_lookback_frontier | gru_h64_l2_w48_H24_s1337 epoch   8/60  train 0.13061  val 0.13157  lr 2.96e-03  0.8s
01:02:49 | INFO    | 21_lookback_frontier | gru_h64_l2_w48_H24_s1337 epoch   9/60  train 0.12369  val 0.12833  lr 2.94e-03  0.9s
01:02:50 | INFO    | 21_lookback_frontier | gru_h64_l2_w48_H24_s1337 epoch  10/60  train 0.11854  val 0.14548  lr 2.92e-03  0.9s
01:02:51 | INFO    | 21_lookback_frontier | gru_h64_l2_w48_H24_s1337 epoch  11/60  train 0.11367  val 0.12277  lr 2.89e-03  0.9s
01:02:51 | INFO    | 21_lookback_frontier | gru_h64_l2_w48_H24_s1337 epoch  12/60  train 0.10667  val 0.12381  lr 2.86e-03  0.9s
01:02:52 | INFO    | 21_lookback_frontier | gru_h64_l2_w48_H24_s1337 epoch  13/60  train 0.10168  val 0.13396  lr 2.82e-03  0.9s
01:02:53 | INFO    | 21_lookback_frontier | gru_h64_l2_w48_H24_s1337 epoch  14/60  train 0.09828  val 0.14735  lr 2.78e-03  0.8s
01:02:54 | INFO    | 21_lookback_frontier | gru_h64_l2_w48_H24_s1337 epoch  15/60  train 0.09466  val 0.12769  lr 2.73e-03  0.8s
01:02:55 | INFO    | 21_lookback_frontier | gru_h64_l2_w48_H24_s1337 epoch  16/60  train 0.09246  val 0.16450  lr 2.68e-03  0.9s
01:02:56 | INFO    | 21_lookback_frontier | gru_h64_l2_w48_H24_s1337 epoch  17/60  train 0.08925  val 0.12711  lr 2.63e-03  1.0s
01:02:57 | INFO    | 21_lookback_frontier | gru_h64_l2_w48_H24_s1337 epoch  18/60  train 0.08629  val 0.15223  lr 2.58e-03  1.1s
01:02:58 | INFO    | 21_lookback_frontier | gru_h64_l2_w48_H24_s1337 epoch  19/60  train 0.08323  val 0.15126  lr 2.52e-03  0.8s
01:02:59 | INFO    | 21_lookback_frontier | gru_h64_l2_w48_H24_s1337 epoch  20/60  train 0.08011  val 0.14569  lr 2.46e-03  0.9s
01:02:59 | INFO    | 21_lookback_frontier | gru_h64_l2_w48_H24_s1337 epoch  21/60  train 0.07907  val 0.14556  lr 2.39e-03  0.9s
01:03:00 | INFO    | 21_lookback_frontier | gru_h64_l2_w48_H24_s2024: 41153 params | train 35504 windows, val 7084 | 139 steps/epoch | matrix 5.4 MB on device
01:03:00 | INFO    | 21_lookback_frontier | gru_h64_l2_w48_H24_s2024 epoch   1/60  train 0.64932  val 0.13785  lr 1.00e-03  0.9s  *
01:03:01 | INFO    | 21_lookback_frontier | gru_h64_l2_w48_H24_s2024 epoch   2/60  train 0.16088  val 0.11956  lr 2.00e-03  0.8s  *
01:03:02 | INFO    | 21_lookback_frontier | gru_h64_l2_w48_H24_s2024 epoch   3/60  train 0.15336  val 0.10738  lr 3.00e-03  0.8s  *
01:03:03 | INFO    | 21_lookback_frontier | gru_h64_l2_w48_H24_s2024 epoch   4/60  train 0.14840  val 0.14847  lr 3.00e-03  0.9s
01:03:04 | INFO    | 21_lookback_frontier | gru_h64_l2_w48_H24_s2024 epoch   5/60  train 0.14518  val 0.12851  lr 3.00e-03  0.9s
01:03:05 | INFO    | 21_lookback_frontier | gru_h64_l2_w48_H24_s2024 epoch   6/60  train 0.14106  val 0.12035  lr 2.99e-03  0.8s
01:03:06 | INFO    | 21_lookback_frontier | gru_h64_l2_w48_H24_s2024 epoch   7/60  train 0.13669  val 0.11107  lr 2.98e-03  0.9s
01:03:07 | INFO    | 21_lookback_frontier | gru_h64_l2_w48_H24_s2024 epoch   8/60  train 0.13176  val 0.10579  lr 2.96e-03  0.9s  *
01:03:08 | INFO    | 21_lookback_frontier | gru_h64_l2_w48_H24_s2024 epoch   9/60  train 0.12703  val 0.12213  lr 2.94e-03  0.9s
01:03:08 | INFO    | 21_lookback_frontier | gru_h64_l2_w48_H24_s2024 epoch  10/60  train 0.12162  val 0.10606  lr 2.92e-03  0.8s
01:03:09 | INFO    | 21_lookback_frontier | gru_h64_l2_w48_H24_s2024 epoch  11/60  train 0.11568  val 0.11451  lr 2.89e-03  0.9s
01:03:10 | INFO    | 21_lookback_frontier | gru_h64_l2_w48_H24_s2024 epoch  12/60  train 0.11045  val 0.12336  lr 2.86e-03  1.0s
01:03:11 | INFO    | 21_lookback_frontier | gru_h64_l2_w48_H24_s2024 epoch  13/60  train 0.10688  val 0.15801  lr 2.82e-03  1.1s
01:03:12 | INFO    | 21_lookback_frontier | gru_h64_l2_w48_H24_s2024 epoch  14/60  train 0.10189  val 0.12554  lr 2.78e-03  1.0s
01:03:13 | INFO    | 21_lookback_frontier | gru_h64_l2_w48_H24_s2024 epoch  15/60  train 0.09822  val 0.12462  lr 2.73e-03  1.0s
01:03:14 | INFO    | 21_lookback_frontier | gru_h64_l2_w48_H24_s2024 epoch  16/60  train 0.09447  val 0.13211  lr 2.68e-03  1.0s
01:03:15 | INFO    | 21_lookback_frontier | gru_h64_l2_w48_H24_s2024 epoch  17/60  train 0.09030  val 0.13476  lr 2.63e-03  1.0s
01:03:16 | INFO    | 21_lookback_frontier | gru_h64_l2_w48_H24_s2024 epoch  18/60  train 0.08926  val 0.13607  lr 2.58e-03  0.9s
01:03:17 | INFO    | 21_lookback_frontier | gru_h64_l2_w48_H24_s2024 epoch  19/60  train 0.08556  val 0.12570  lr 2.52e-03  0.8s
01:03:18 | INFO    | 21_lookback_frontier | gru_h64_l2_w48_H24_s2024 epoch  20/60  train 0.08216  val 0.12882  lr 2.46e-03  0.8s
01:03:19 | INFO    | 21_lookback_frontier | gru_h64_l2_w48_H24_s2024 epoch  21/60  train 0.07987  val 0.13634  lr 2.39e-03  0.8s
01:03:20 | INFO    | 21_lookback_frontier | gru_h64_l2_w48_H24_s2024 epoch  22/60  train 0.07860  val 0.13075  lr 2.32e-03  1.0s
01:03:21 | INFO    | 21_lookback_frontier | gru_h64_l2_w48_H24_s2024 epoch  23/60  train 0.07573  val 0.13658  lr 2.25e-03  1.2s
01:03:21 | INFO    | 21_lookback_frontier |     gru_h64_l2     w48   R=71   RMSE   58.07  avail 0.9535
01:03:21 | INFO    | 21_lookback_frontier | gru_h64_l2_w24_H24_s42: 41153 params | train 38155 windows, val 7381 | 150 steps/epoch | matrix 5.4 MB on device
01:03:22 | INFO    | 21_lookback_frontier | gru_h64_l2_w24_H24_s42 epoch   1/60  train 0.57192  val 0.11310  lr 1.00e-03  0.9s  *
01:03:23 | INFO    | 21_lookback_frontier | gru_h64_l2_w24_H24_s42 epoch   2/60  train 0.15810  val 0.10206  lr 2.00e-03  0.8s  *
01:03:24 | INFO    | 21_lookback_frontier | gru_h64_l2_w24_H24_s42 epoch   3/60  train 0.15458  val 0.11626  lr 3.00e-03  0.8s
01:03:25 | INFO    | 21_lookback_frontier | gru_h64_l2_w24_H24_s42 epoch   4/60  train 0.14840  val 0.10654  lr 3.00e-03  0.8s
01:03:26 | INFO    | 21_lookback_frontier | gru_h64_l2_w24_H24_s42 epoch   5/60  train 0.14530  val 0.09773  lr 3.00e-03  1.2s  *
01:03:27 | INFO    | 21_lookback_frontier | gru_h64_l2_w24_H24_s42 epoch   6/60  train 0.14230  val 0.11044  lr 2.99e-03  1.4s
01:03:28 | INFO    | 21_lookback_frontier | gru_h64_l2_w24_H24_s42 epoch   7/60  train 0.13709  val 0.09796  lr 2.98e-03  0.9s
01:03:29 | INFO    | 21_lookback_frontier | gru_h64_l2_w24_H24_s42 epoch   8/60  train 0.13373  val 0.09812  lr 2.96e-03  1.1s
01:03:30 | INFO    | 21_lookback_frontier | gru_h64_l2_w24_H24_s42 epoch   9/60  train 0.13064  val 0.15166  lr 2.94e-03  1.0s
01:03:32 | INFO    | 21_lookback_frontier | gru_h64_l2_w24_H24_s42 epoch  10/60  train 0.12637  val 0.11846  lr 2.92e-03  1.5s
01:03:33 | INFO    | 21_lookback_frontier | gru_h64_l2_w24_H24_s42 epoch  11/60  train 0.12186  val 0.17825  lr 2.89e-03  1.6s
01:03:35 | INFO    | 21_lookback_frontier | gru_h64_l2_w24_H24_s42 epoch  12/60  train 0.11728  val 0.11243  lr 2.86e-03  1.4s
01:03:36 | INFO    | 21_lookback_frontier | gru_h64_l2_w24_H24_s42 epoch  13/60  train 0.11265  val 0.11848  lr 2.82e-03  1.3s
01:03:37 | INFO    | 21_lookback_frontier | gru_h64_l2_w24_H24_s42 epoch  14/60  train 0.10863  val 0.11645  lr 2.78e-03  1.1s
01:03:38 | INFO    | 21_lookback_frontier | gru_h64_l2_w24_H24_s42 epoch  15/60  train 0.10479  val 0.12105  lr 2.73e-03  1.2s
01:03:40 | INFO    | 21_lookback_frontier | gru_h64_l2_w24_H24_s42 epoch  16/60  train 0.10123  val 0.12799  lr 2.68e-03  1.1s
01:03:41 | INFO    | 21_lookback_frontier | gru_h64_l2_w24_H24_s42 epoch  17/60  train 0.09630  val 0.13417  lr 2.63e-03  1.1s
01:03:42 | INFO    | 21_lookback_frontier | gru_h64_l2_w24_H24_s42 epoch  18/60  train 0.09406  val 0.13603  lr 2.58e-03  1.1s
01:03:43 | INFO    | 21_lookback_frontier | gru_h64_l2_w24_H24_s42 epoch  19/60  train 0.09103  val 0.14480  lr 2.52e-03  1.1s
01:03:44 | INFO    | 21_lookback_frontier | gru_h64_l2_w24_H24_s42 epoch  20/60  train 0.08625  val 0.13595  lr 2.46e-03  1.0s
01:03:44 | INFO    | 21_lookback_frontier | gru_h64_l2_w24_H24_s1337: 41153 params | train 38155 windows, val 7381 | 150 steps/epoch | matrix 5.4 MB on device
01:03:45 | INFO    | 21_lookback_frontier | gru_h64_l2_w24_H24_s1337 epoch   1/60  train 0.60591  val 0.12705  lr 1.00e-03  1.1s  *
01:03:46 | INFO    | 21_lookback_frontier | gru_h64_l2_w24_H24_s1337 epoch   2/60  train 0.15920  val 0.11336  lr 2.00e-03  1.0s  *
01:03:47 | INFO    | 21_lookback_frontier | gru_h64_l2_w24_H24_s1337 epoch   3/60  train 0.15296  val 0.10207  lr 3.00e-03  1.1s  *
01:03:48 | INFO    | 21_lookback_frontier | gru_h64_l2_w24_H24_s1337 epoch   4/60  train 0.14831  val 0.12425  lr 3.00e-03  1.0s
01:03:50 | INFO    | 21_lookback_frontier | gru_h64_l2_w24_H24_s1337 epoch   5/60  train 0.14586  val 0.11831  lr 3.00e-03  1.1s
01:03:51 | INFO    | 21_lookback_frontier | gru_h64_l2_w24_H24_s1337 epoch   6/60  train 0.14142  val 0.10088  lr 2.99e-03  1.1s  *
01:03:52 | INFO    | 21_lookback_frontier | gru_h64_l2_w24_H24_s1337 epoch   7/60  train 0.13739  val 0.10461  lr 2.98e-03  1.0s
01:03:53 | INFO    | 21_lookback_frontier | gru_h64_l2_w24_H24_s1337 epoch   8/60  train 0.13577  val 0.12024  lr 2.96e-03  1.0s
01:03:54 | INFO    | 21_lookback_frontier | gru_h64_l2_w24_H24_s1337 epoch   9/60  train 0.13092  val 0.12505  lr 2.94e-03  1.1s
01:03:55 | INFO    | 21_lookback_frontier | gru_h64_l2_w24_H24_s1337 epoch  10/60  train 0.12554  val 0.10258  lr 2.92e-03  1.1s
01:03:56 | INFO    | 21_lookback_frontier | gru_h64_l2_w24_H24_s1337 epoch  11/60  train 0.12152  val 0.11035  lr 2.89e-03  1.1s
01:03:57 | INFO    | 21_lookback_frontier | gru_h64_l2_w24_H24_s1337 epoch  12/60  train 0.11718  val 0.10814  lr 2.86e-03  1.1s
01:03:58 | INFO    | 21_lookback_frontier | gru_h64_l2_w24_H24_s1337 epoch  13/60  train 0.11132  val 0.12901  lr 2.82e-03  1.2s
01:03:59 | INFO    | 21_lookback_frontier | gru_h64_l2_w24_H24_s1337 epoch  14/60  train 0.10666  val 0.13239  lr 2.78e-03  1.1s
01:04:00 | INFO    | 21_lookback_frontier | gru_h64_l2_w24_H24_s1337 epoch  15/60  train 0.10360  val 0.12199  lr 2.73e-03  1.1s
01:04:01 | INFO    | 21_lookback_frontier | gru_h64_l2_w24_H24_s1337 epoch  16/60  train 0.09833  val 0.13133  lr 2.68e-03  1.0s
01:04:02 | INFO    | 21_lookback_frontier | gru_h64_l2_w24_H24_s1337 epoch  17/60  train 0.09624  val 0.14089  lr 2.63e-03  1.0s
01:04:04 | INFO    | 21_lookback_frontier | gru_h64_l2_w24_H24_s1337 epoch  18/60  train 0.08992  val 0.14050  lr 2.58e-03  1.1s
01:04:05 | INFO    | 21_lookback_frontier | gru_h64_l2_w24_H24_s1337 epoch  19/60  train 0.08897  val 0.13465  lr 2.52e-03  1.0s
01:04:06 | INFO    | 21_lookback_frontier | gru_h64_l2_w24_H24_s1337 epoch  20/60  train 0.08486  val 0.14074  lr 2.46e-03  1.1s
01:04:07 | INFO    | 21_lookback_frontier | gru_h64_l2_w24_H24_s1337 epoch  21/60  train 0.08237  val 0.15039  lr 2.39e-03  1.1s
01:04:07 | INFO    | 21_lookback_frontier | gru_h64_l2_w24_H24_s2024: 41153 params | train 38155 windows, val 7381 | 150 steps/epoch | matrix 5.4 MB on device
01:04:08 | INFO    | 21_lookback_frontier | gru_h64_l2_w24_H24_s2024 epoch   1/60  train 0.61552  val 0.14684  lr 1.00e-03  0.9s  *
01:04:09 | INFO    | 21_lookback_frontier | gru_h64_l2_w24_H24_s2024 epoch   2/60  train 0.15932  val 0.12682  lr 2.00e-03  1.1s  *
01:04:10 | INFO    | 21_lookback_frontier | gru_h64_l2_w24_H24_s2024 epoch   3/60  train 0.15514  val 0.12242  lr 3.00e-03  1.1s  *
01:04:11 | INFO    | 21_lookback_frontier | gru_h64_l2_w24_H24_s2024 epoch   4/60  train 0.15213  val 0.11926  lr 3.00e-03  1.0s  *
01:04:12 | INFO    | 21_lookback_frontier | gru_h64_l2_w24_H24_s2024 epoch   5/60  train 0.14859  val 0.10728  lr 3.00e-03  1.0s  *
01:04:13 | INFO    | 21_lookback_frontier | gru_h64_l2_w24_H24_s2024 epoch   6/60  train 0.14194  val 0.10148  lr 2.99e-03  1.0s  *
01:04:14 | INFO    | 21_lookback_frontier | gru_h64_l2_w24_H24_s2024 epoch   7/60  train 0.13857  val 0.12012  lr 2.98e-03  1.0s
01:04:15 | INFO    | 21_lookback_frontier | gru_h64_l2_w24_H24_s2024 epoch   8/60  train 0.13491  val 0.13091  lr 2.96e-03  1.0s
01:04:16 | INFO    | 21_lookback_frontier | gru_h64_l2_w24_H24_s2024 epoch   9/60  train 0.12977  val 0.14211  lr 2.94e-03  1.0s
01:04:17 | INFO    | 21_lookback_frontier | gru_h64_l2_w24_H24_s2024 epoch  10/60  train 0.12742  val 0.14133  lr 2.92e-03  0.9s
01:04:18 | INFO    | 21_lookback_frontier | gru_h64_l2_w24_H24_s2024 epoch  11/60  train 0.12245  val 0.11772  lr 2.89e-03  1.0s
01:04:19 | INFO    | 21_lookback_frontier | gru_h64_l2_w24_H24_s2024 epoch  12/60  train 0.11765  val 0.13970  lr 2.86e-03  1.0s
01:04:21 | INFO    | 21_lookback_frontier | gru_h64_l2_w24_H24_s2024 epoch  13/60  train 0.11322  val 0.15797  lr 2.82e-03  1.1s
01:04:22 | INFO    | 21_lookback_frontier | gru_h64_l2_w24_H24_s2024 epoch  14/60  train 0.10947  val 0.12355  lr 2.78e-03  1.0s
01:04:22 | INFO    | 21_lookback_frontier | gru_h64_l2_w24_H24_s2024 epoch  15/60  train 0.10344  val 0.12079  lr 2.73e-03  1.0s
01:04:23 | INFO    | 21_lookback_frontier | gru_h64_l2_w24_H24_s2024 epoch  16/60  train 0.10015  val 0.14383  lr 2.68e-03  1.0s
01:04:25 | INFO    | 21_lookback_frontier | gru_h64_l2_w24_H24_s2024 epoch  17/60  train 0.09546  val 0.13874  lr 2.63e-03  1.1s
01:04:26 | INFO    | 21_lookback_frontier | gru_h64_l2_w24_H24_s2024 epoch  18/60  train 0.09379  val 0.13322  lr 2.58e-03  1.0s
01:04:26 | INFO    | 21_lookback_frontier | gru_h64_l2_w24_H24_s2024 epoch  19/60  train 0.08923  val 0.17538  lr 2.52e-03  0.9s
01:04:27 | INFO    | 21_lookback_frontier | gru_h64_l2_w24_H24_s2024 epoch  20/60  train 0.08697  val 0.14533  lr 2.46e-03  0.8s
01:04:28 | INFO    | 21_lookback_frontier | gru_h64_l2_w24_H24_s2024 epoch  21/60  train 0.08397  val 0.13976  lr 2.39e-03  0.9s
01:04:28 | INFO    | 21_lookback_frontier |     gru_h64_l2     w24   R=48   RMSE   56.66  avail 0.9760
01:04:28 | INFO    | 21_lookback_frontier | lstm_h64_l1_w48_H24_s42: 21569 params | train 35504 windows, val 7084 | 139 steps/epoch | matrix 5.4 MB on device
01:04:29 | INFO    | 21_lookback_frontier | lstm_h64_l1_w48_H24_s42 epoch   1/60  train 0.88014  val 0.14437  lr 1.00e-03  0.9s  *
01:04:30 | INFO    | 21_lookback_frontier | lstm_h64_l1_w48_H24_s42 epoch   2/60  train 0.16043  val 0.11816  lr 2.00e-03  0.8s  *
01:04:31 | INFO    | 21_lookback_frontier | lstm_h64_l1_w48_H24_s42 epoch   3/60  train 0.15624  val 0.15372  lr 3.00e-03  0.6s
01:04:31 | INFO    | 21_lookback_frontier | lstm_h64_l1_w48_H24_s42 epoch   4/60  train 0.15026  val 0.11071  lr 3.00e-03  0.7s  *
01:04:32 | INFO    | 21_lookback_frontier | lstm_h64_l1_w48_H24_s42 epoch   5/60  train 0.14924  val 0.15207  lr 3.00e-03  0.7s
01:04:33 | INFO    | 21_lookback_frontier | lstm_h64_l1_w48_H24_s42 epoch   6/60  train 0.14613  val 0.11350  lr 2.99e-03  0.7s
01:04:33 | INFO    | 21_lookback_frontier | lstm_h64_l1_w48_H24_s42 epoch   7/60  train 0.14426  val 0.12863  lr 2.98e-03  0.7s
01:04:34 | INFO    | 21_lookback_frontier | lstm_h64_l1_w48_H24_s42 epoch   8/60  train 0.13987  val 0.13588  lr 2.96e-03  0.6s
01:04:35 | INFO    | 21_lookback_frontier | lstm_h64_l1_w48_H24_s42 epoch   9/60  train 0.13820  val 0.13072  lr 2.94e-03  0.6s
01:04:35 | INFO    | 21_lookback_frontier | lstm_h64_l1_w48_H24_s42 epoch  10/60  train 0.13805  val 0.12029  lr 2.92e-03  0.7s
01:04:36 | INFO    | 21_lookback_frontier | lstm_h64_l1_w48_H24_s42 epoch  11/60  train 0.13602  val 0.11112  lr 2.89e-03  0.6s
01:04:37 | INFO    | 21_lookback_frontier | lstm_h64_l1_w48_H24_s42 epoch  12/60  train 0.13342  val 0.13524  lr 2.86e-03  0.6s
01:04:37 | INFO    | 21_lookback_frontier | lstm_h64_l1_w48_H24_s42 epoch  13/60  train 0.13112  val 0.12954  lr 2.82e-03  0.6s
01:04:38 | INFO    | 21_lookback_frontier | lstm_h64_l1_w48_H24_s42 epoch  14/60  train 0.12898  val 0.11410  lr 2.78e-03  0.6s
01:04:39 | INFO    | 21_lookback_frontier | lstm_h64_l1_w48_H24_s42 epoch  15/60  train 0.12838  val 0.10858  lr 2.73e-03  0.7s  *
01:04:39 | INFO    | 21_lookback_frontier | lstm_h64_l1_w48_H24_s42 epoch  16/60  train 0.12771  val 0.12085  lr 2.68e-03  0.6s
01:04:40 | INFO    | 21_lookback_frontier | lstm_h64_l1_w48_H24_s42 epoch  17/60  train 0.12504  val 0.12058  lr 2.63e-03  0.7s
01:04:41 | INFO    | 21_lookback_frontier | lstm_h64_l1_w48_H24_s42 epoch  18/60  train 0.12215  val 0.12253  lr 2.58e-03  0.7s
01:04:41 | INFO    | 21_lookback_frontier | lstm_h64_l1_w48_H24_s42 epoch  19/60  train 0.12129  val 0.12135  lr 2.52e-03  0.7s
01:04:42 | INFO    | 21_lookback_frontier | lstm_h64_l1_w48_H24_s42 epoch  20/60  train 0.11846  val 0.12419  lr 2.46e-03  0.7s
01:04:43 | INFO    | 21_lookback_frontier | lstm_h64_l1_w48_H24_s42 epoch  21/60  train 0.11734  val 0.11824  lr 2.39e-03  0.7s
01:04:43 | INFO    | 21_lookback_frontier | lstm_h64_l1_w48_H24_s42 epoch  22/60  train 0.11740  val 0.12534  lr 2.32e-03  0.7s
01:04:44 | INFO    | 21_lookback_frontier | lstm_h64_l1_w48_H24_s42 epoch  23/60  train 0.11441  val 0.11985  lr 2.25e-03  0.7s
01:04:45 | INFO    | 21_lookback_frontier | lstm_h64_l1_w48_H24_s42 epoch  24/60  train 0.11279  val 0.12069  lr 2.18e-03  0.6s
01:04:45 | INFO    | 21_lookback_frontier | lstm_h64_l1_w48_H24_s42 epoch  25/60  train 0.11094  val 0.11472  lr 2.11e-03  0.7s
01:04:46 | INFO    | 21_lookback_frontier | lstm_h64_l1_w48_H24_s42 epoch  26/60  train 0.11093  val 0.11542  lr 2.03e-03  0.7s
01:04:47 | INFO    | 21_lookback_frontier | lstm_h64_l1_w48_H24_s42 epoch  27/60  train 0.10829  val 0.11617  lr 1.95e-03  0.6s
01:04:47 | INFO    | 21_lookback_frontier | lstm_h64_l1_w48_H24_s42 epoch  28/60  train 0.10722  val 0.12581  lr 1.87e-03  0.7s
01:04:48 | INFO    | 21_lookback_frontier | lstm_h64_l1_w48_H24_s42 epoch  29/60  train 0.10583  val 0.12027  lr 1.79e-03  0.7s
01:04:49 | INFO    | 21_lookback_frontier | lstm_h64_l1_w48_H24_s42 epoch  30/60  train 0.10284  val 0.12042  lr 1.71e-03  0.7s
01:04:49 | INFO    | 21_lookback_frontier | lstm_h64_l1_w48_H24_s1337: 21569 params | train 35504 windows, val 7084 | 139 steps/epoch | matrix 5.4 MB on device
01:04:49 | INFO    | 21_lookback_frontier | lstm_h64_l1_w48_H24_s1337 epoch   1/60  train 0.83684  val 0.13442  lr 1.00e-03  0.7s  *
01:04:50 | INFO    | 21_lookback_frontier | lstm_h64_l1_w48_H24_s1337 epoch   2/60  train 0.16160  val 0.11371  lr 2.00e-03  0.8s  *
01:04:51 | INFO    | 21_lookback_frontier | lstm_h64_l1_w48_H24_s1337 epoch   3/60  train 0.15904  val 0.12115  lr 3.00e-03  0.7s
01:04:52 | INFO    | 21_lookback_frontier | lstm_h64_l1_w48_H24_s1337 epoch   4/60  train 0.15232  val 0.13746  lr 3.00e-03  0.7s
01:04:53 | INFO    | 21_lookback_frontier | lstm_h64_l1_w48_H24_s1337 epoch   5/60  train 0.14929  val 0.12598  lr 3.00e-03  0.7s
01:04:54 | INFO    | 21_lookback_frontier | lstm_h64_l1_w48_H24_s1337 epoch   6/60  train 0.14694  val 0.11284  lr 2.99e-03  0.8s  *
01:04:54 | INFO    | 21_lookback_frontier | lstm_h64_l1_w48_H24_s1337 epoch   7/60  train 0.14402  val 0.11180  lr 2.98e-03  0.7s  *
01:04:55 | INFO    | 21_lookback_frontier | lstm_h64_l1_w48_H24_s1337 epoch   8/60  train 0.14308  val 0.13691  lr 2.96e-03  0.7s
01:04:56 | INFO    | 21_lookback_frontier | lstm_h64_l1_w48_H24_s1337 epoch   9/60  train 0.14008  val 0.13563  lr 2.94e-03  0.8s
01:04:57 | INFO    | 21_lookback_frontier | lstm_h64_l1_w48_H24_s1337 epoch  10/60  train 0.13938  val 0.15382  lr 2.92e-03  0.7s
01:04:57 | INFO    | 21_lookback_frontier | lstm_h64_l1_w48_H24_s1337 epoch  11/60  train 0.13778  val 0.11102  lr 2.89e-03  0.6s  *
01:04:58 | INFO    | 21_lookback_frontier | lstm_h64_l1_w48_H24_s1337 epoch  12/60  train 0.13431  val 0.12256  lr 2.86e-03  0.7s
01:04:58 | INFO    | 21_lookback_frontier | lstm_h64_l1_w48_H24_s1337 epoch  13/60  train 0.13199  val 0.11599  lr 2.82e-03  0.7s
01:04:59 | INFO    | 21_lookback_frontier | lstm_h64_l1_w48_H24_s1337 epoch  14/60  train 0.13084  val 0.13021  lr 2.78e-03  0.7s
01:05:00 | INFO    | 21_lookback_frontier | lstm_h64_l1_w48_H24_s1337 epoch  15/60  train 0.12763  val 0.11614  lr 2.73e-03  0.6s
01:05:00 | INFO    | 21_lookback_frontier | lstm_h64_l1_w48_H24_s1337 epoch  16/60  train 0.12774  val 0.15342  lr 2.68e-03  0.6s
01:05:01 | INFO    | 21_lookback_frontier | lstm_h64_l1_w48_H24_s1337 epoch  17/60  train 0.12399  val 0.10669  lr 2.63e-03  0.7s  *
01:05:02 | INFO    | 21_lookback_frontier | lstm_h64_l1_w48_H24_s1337 epoch  18/60  train 0.12330  val 0.11665  lr 2.58e-03  0.7s
01:05:02 | INFO    | 21_lookback_frontier | lstm_h64_l1_w48_H24_s1337 epoch  19/60  train 0.12107  val 0.12549  lr 2.52e-03  0.7s
01:05:03 | INFO    | 21_lookback_frontier | lstm_h64_l1_w48_H24_s1337 epoch  20/60  train 0.11848  val 0.12313  lr 2.46e-03  0.7s
01:05:04 | INFO    | 21_lookback_frontier | lstm_h64_l1_w48_H24_s1337 epoch  21/60  train 0.11829  val 0.12912  lr 2.39e-03  0.6s
01:05:04 | INFO    | 21_lookback_frontier | lstm_h64_l1_w48_H24_s1337 epoch  22/60  train 0.11623  val 0.11842  lr 2.32e-03  0.7s
01:05:05 | INFO    | 21_lookback_frontier | lstm_h64_l1_w48_H24_s1337 epoch  23/60  train 0.11394  val 0.12063  lr 2.25e-03  0.7s
01:05:06 | INFO    | 21_lookback_frontier | lstm_h64_l1_w48_H24_s1337 epoch  24/60  train 0.11128  val 0.13091  lr 2.18e-03  0.6s
01:05:06 | INFO    | 21_lookback_frontier | lstm_h64_l1_w48_H24_s1337 epoch  25/60  train 0.10866  val 0.12651  lr 2.11e-03  0.7s
01:05:07 | INFO    | 21_lookback_frontier | lstm_h64_l1_w48_H24_s1337 epoch  26/60  train 0.10781  val 0.13146  lr 2.03e-03  0.6s
01:05:08 | INFO    | 21_lookback_frontier | lstm_h64_l1_w48_H24_s1337 epoch  27/60  train 0.10756  val 0.12665  lr 1.95e-03  0.7s
01:05:08 | INFO    | 21_lookback_frontier | lstm_h64_l1_w48_H24_s1337 epoch  28/60  train 0.10392  val 0.12532  lr 1.87e-03  0.7s
01:05:09 | INFO    | 21_lookback_frontier | lstm_h64_l1_w48_H24_s1337 epoch  29/60  train 0.10264  val 0.13933  lr 1.79e-03  0.7s
01:05:10 | INFO    | 21_lookback_frontier | lstm_h64_l1_w48_H24_s1337 epoch  30/60  train 0.09952  val 0.12816  lr 1.71e-03  0.7s
01:05:10 | INFO    | 21_lookback_frontier | lstm_h64_l1_w48_H24_s1337 epoch  31/60  train 0.09846  val 0.12471  lr 1.63e-03  0.7s
01:05:11 | INFO    | 21_lookback_frontier | lstm_h64_l1_w48_H24_s1337 epoch  32/60  train 0.09696  val 0.12712  lr 1.55e-03  0.7s
01:05:11 | INFO    | 21_lookback_frontier | lstm_h64_l1_w48_H24_s2024: 21569 params | train 35504 windows, val 7084 | 139 steps/epoch | matrix 5.4 MB on device
01:05:12 | INFO    | 21_lookback_frontier | lstm_h64_l1_w48_H24_s2024 epoch   1/60  train 0.88936  val 0.15393  lr 1.00e-03  0.7s  *
01:05:13 | INFO    | 21_lookback_frontier | lstm_h64_l1_w48_H24_s2024 epoch   2/60  train 0.16480  val 0.11813  lr 2.00e-03  0.7s  *
01:05:13 | INFO    | 21_lookback_frontier | lstm_h64_l1_w48_H24_s2024 epoch   3/60  train 0.15789  val 0.12355  lr 3.00e-03  0.6s
01:05:14 | INFO    | 21_lookback_frontier | lstm_h64_l1_w48_H24_s2024 epoch   4/60  train 0.15305  val 0.15410  lr 3.00e-03  0.7s
01:05:15 | INFO    | 21_lookback_frontier | lstm_h64_l1_w48_H24_s2024 epoch   5/60  train 0.15056  val 0.12739  lr 3.00e-03  0.6s
01:05:15 | INFO    | 21_lookback_frontier | lstm_h64_l1_w48_H24_s2024 epoch   6/60  train 0.14801  val 0.15009  lr 2.99e-03  0.6s
01:05:16 | INFO    | 21_lookback_frontier | lstm_h64_l1_w48_H24_s2024 epoch   7/60  train 0.14571  val 0.13962  lr 2.98e-03  0.6s
01:05:16 | INFO    | 21_lookback_frontier | lstm_h64_l1_w48_H24_s2024 epoch   8/60  train 0.14233  val 0.11224  lr 2.96e-03  0.6s  *
01:05:17 | INFO    | 21_lookback_frontier | lstm_h64_l1_w48_H24_s2024 epoch   9/60  train 0.14120  val 0.12967  lr 2.94e-03  0.6s
01:05:18 | INFO    | 21_lookback_frontier | lstm_h64_l1_w48_H24_s2024 epoch  10/60  train 0.13952  val 0.11275  lr 2.92e-03  0.6s
01:05:18 | INFO    | 21_lookback_frontier | lstm_h64_l1_w48_H24_s2024 epoch  11/60  train 0.13779  val 0.10748  lr 2.89e-03  0.6s  *
01:05:19 | INFO    | 21_lookback_frontier | lstm_h64_l1_w48_H24_s2024 epoch  12/60  train 0.13422  val 0.10233  lr 2.86e-03  0.6s  *
01:05:20 | INFO    | 21_lookback_frontier | lstm_h64_l1_w48_H24_s2024 epoch  13/60  train 0.13373  val 0.12778  lr 2.82e-03  0.7s
01:05:20 | INFO    | 21_lookback_frontier | lstm_h64_l1_w48_H24_s2024 epoch  14/60  train 0.13152  val 0.11749  lr 2.78e-03  0.6s
01:05:21 | INFO    | 21_lookback_frontier | lstm_h64_l1_w48_H24_s2024 epoch  15/60  train 0.13002  val 0.10942  lr 2.73e-03  0.6s
01:05:22 | INFO    | 21_lookback_frontier | lstm_h64_l1_w48_H24_s2024 epoch  16/60  train 0.12776  val 0.11689  lr 2.68e-03  0.6s
01:05:22 | INFO    | 21_lookback_frontier | lstm_h64_l1_w48_H24_s2024 epoch  17/60  train 0.12393  val 0.12026  lr 2.63e-03  0.6s
01:05:23 | INFO    | 21_lookback_frontier | lstm_h64_l1_w48_H24_s2024 epoch  18/60  train 0.12457  val 0.13414  lr 2.58e-03  0.6s
01:05:24 | INFO    | 21_lookback_frontier | lstm_h64_l1_w48_H24_s2024 epoch  19/60  train 0.12148  val 0.12341  lr 2.52e-03  0.7s
01:05:24 | INFO    | 21_lookback_frontier | lstm_h64_l1_w48_H24_s2024 epoch  20/60  train 0.11894  val 0.11224  lr 2.46e-03  0.6s
01:05:25 | INFO    | 21_lookback_frontier | lstm_h64_l1_w48_H24_s2024 epoch  21/60  train 0.11725  val 0.13085  lr 2.39e-03  0.6s
01:05:26 | INFO    | 21_lookback_frontier | lstm_h64_l1_w48_H24_s2024 epoch  22/60  train 0.11568  val 0.11400  lr 2.32e-03  0.7s
01:05:26 | INFO    | 21_lookback_frontier | lstm_h64_l1_w48_H24_s2024 epoch  23/60  train 0.11410  val 0.13155  lr 2.25e-03  0.7s
01:05:27 | INFO    | 21_lookback_frontier | lstm_h64_l1_w48_H24_s2024 epoch  24/60  train 0.11215  val 0.11871  lr 2.18e-03  0.6s
01:05:28 | INFO    | 21_lookback_frontier | lstm_h64_l1_w48_H24_s2024 epoch  25/60  train 0.11036  val 0.11062  lr 2.11e-03  0.6s
01:05:28 | INFO    | 21_lookback_frontier | lstm_h64_l1_w48_H24_s2024 epoch  26/60  train 0.11034  val 0.13708  lr 2.03e-03  0.6s
01:05:29 | INFO    | 21_lookback_frontier | lstm_h64_l1_w48_H24_s2024 epoch  27/60  train 0.10698  val 0.11519  lr 1.95e-03  0.6s
01:05:29 | INFO    | 21_lookback_frontier |     lstm_h64_l1    w48   R=71   RMSE   56.59  avail 0.9535
01:05:29 | INFO    | 21_lookback_frontier | lstm_h64_l1_w24_H24_s42: 21569 params | train 38155 windows, val 7381 | 150 steps/epoch | matrix 5.4 MB on device
01:05:30 | INFO    | 21_lookback_frontier | lstm_h64_l1_w24_H24_s42 epoch   1/60  train 0.83356  val 0.12893  lr 1.00e-03  0.7s  *
01:05:30 | INFO    | 21_lookback_frontier | lstm_h64_l1_w24_H24_s42 epoch   2/60  train 0.16018  val 0.10654  lr 2.00e-03  0.7s  *
01:05:31 | INFO    | 21_lookback_frontier | lstm_h64_l1_w24_H24_s42 epoch   3/60  train 0.15401  val 0.13157  lr 3.00e-03  0.7s
01:05:32 | INFO    | 21_lookback_frontier | lstm_h64_l1_w24_H24_s42 epoch   4/60  train 0.15024  val 0.11252  lr 3.00e-03  0.7s
01:05:32 | INFO    | 21_lookback_frontier | lstm_h64_l1_w24_H24_s42 epoch   5/60  train 0.14693  val 0.10355  lr 3.00e-03  0.7s  *
01:05:33 | INFO    | 21_lookback_frontier | lstm_h64_l1_w24_H24_s42 epoch   6/60  train 0.14550  val 0.10243  lr 2.99e-03  0.7s  *
01:05:34 | INFO    | 21_lookback_frontier | lstm_h64_l1_w24_H24_s42 epoch   7/60  train 0.14235  val 0.10019  lr 2.98e-03  0.7s  *
01:05:35 | INFO    | 21_lookback_frontier | lstm_h64_l1_w24_H24_s42 epoch   8/60  train 0.14060  val 0.10546  lr 2.96e-03  0.7s
01:05:35 | INFO    | 21_lookback_frontier | lstm_h64_l1_w24_H24_s42 epoch   9/60  train 0.13968  val 0.14735  lr 2.94e-03  0.7s
01:05:36 | INFO    | 21_lookback_frontier | lstm_h64_l1_w24_H24_s42 epoch  10/60  train 0.13722  val 0.12622  lr 2.92e-03  0.7s
01:05:37 | INFO    | 21_lookback_frontier | lstm_h64_l1_w24_H24_s42 epoch  11/60  train 0.13298  val 0.14761  lr 2.89e-03  0.7s
01:05:37 | INFO    | 21_lookback_frontier | lstm_h64_l1_w24_H24_s42 epoch  12/60  train 0.13291  val 0.11543  lr 2.86e-03  0.7s
01:05:38 | INFO    | 21_lookback_frontier | lstm_h64_l1_w24_H24_s42 epoch  13/60  train 0.13016  val 0.10855  lr 2.82e-03  0.7s
01:05:39 | INFO    | 21_lookback_frontier | lstm_h64_l1_w24_H24_s42 epoch  14/60  train 0.12942  val 0.10844  lr 2.78e-03  0.7s
01:05:39 | INFO    | 21_lookback_frontier | lstm_h64_l1_w24_H24_s42 epoch  15/60  train 0.12678  val 0.10529  lr 2.73e-03  0.7s
01:05:40 | INFO    | 21_lookback_frontier | lstm_h64_l1_w24_H24_s42 epoch  16/60  train 0.12455  val 0.11461  lr 2.68e-03  0.7s
01:05:41 | INFO    | 21_lookback_frontier | lstm_h64_l1_w24_H24_s42 epoch  17/60  train 0.12284  val 0.11251  lr 2.63e-03  0.7s
01:05:41 | INFO    | 21_lookback_frontier | lstm_h64_l1_w24_H24_s42 epoch  18/60  train 0.12213  val 0.11131  lr 2.58e-03  0.7s
01:05:42 | INFO    | 21_lookback_frontier | lstm_h64_l1_w24_H24_s42 epoch  19/60  train 0.12015  val 0.12069  lr 2.52e-03  0.7s
01:05:43 | INFO    | 21_lookback_frontier | lstm_h64_l1_w24_H24_s42 epoch  20/60  train 0.11684  val 0.12230  lr 2.46e-03  0.7s
01:05:44 | INFO    | 21_lookback_frontier | lstm_h64_l1_w24_H24_s42 epoch  21/60  train 0.11516  val 0.10719  lr 2.39e-03  0.7s
01:05:44 | INFO    | 21_lookback_frontier | lstm_h64_l1_w24_H24_s42 epoch  22/60  train 0.11369  val 0.12708  lr 2.32e-03  0.7s
01:05:44 | INFO    | 21_lookback_frontier | lstm_h64_l1_w24_H24_s1337: 21569 params | train 38155 windows, val 7381 | 150 steps/epoch | matrix 5.4 MB on device
01:05:45 | INFO    | 21_lookback_frontier | lstm_h64_l1_w24_H24_s1337 epoch   1/60  train 0.78538  val 0.14377  lr 1.00e-03  0.7s  *
01:05:46 | INFO    | 21_lookback_frontier | lstm_h64_l1_w24_H24_s1337 epoch   2/60  train 0.16288  val 0.11975  lr 2.00e-03  0.8s  *
01:05:47 | INFO    | 21_lookback_frontier | lstm_h64_l1_w24_H24_s1337 epoch   3/60  train 0.15549  val 0.12223  lr 3.00e-03  0.7s
01:05:47 | INFO    | 21_lookback_frontier | lstm_h64_l1_w24_H24_s1337 epoch   4/60  train 0.15225  val 0.16014  lr 3.00e-03  0.7s
01:05:48 | INFO    | 21_lookback_frontier | lstm_h64_l1_w24_H24_s1337 epoch   5/60  train 0.14967  val 0.13225  lr 3.00e-03  0.6s
01:05:49 | INFO    | 21_lookback_frontier | lstm_h64_l1_w24_H24_s1337 epoch   6/60  train 0.14660  val 0.11542  lr 2.99e-03  0.7s  *
01:05:49 | INFO    | 21_lookback_frontier | lstm_h64_l1_w24_H24_s1337 epoch   7/60  train 0.14492  val 0.11049  lr 2.98e-03  0.7s  *
01:05:50 | INFO    | 21_lookback_frontier | lstm_h64_l1_w24_H24_s1337 epoch   8/60  train 0.14209  val 0.14664  lr 2.96e-03  0.7s
01:05:51 | INFO    | 21_lookback_frontier | lstm_h64_l1_w24_H24_s1337 epoch   9/60  train 0.14113  val 0.12787  lr 2.94e-03  0.7s
01:05:52 | INFO    | 21_lookback_frontier | lstm_h64_l1_w24_H24_s1337 epoch  10/60  train 0.13804  val 0.10968  lr 2.92e-03  0.7s  *
01:05:52 | INFO    | 21_lookback_frontier | lstm_h64_l1_w24_H24_s1337 epoch  11/60  train 0.13533  val 0.10719  lr 2.89e-03  0.7s  *
01:05:53 | INFO    | 21_lookback_frontier | lstm_h64_l1_w24_H24_s1337 epoch  12/60  train 0.13443  val 0.10352  lr 2.86e-03  0.7s  *
01:05:54 | INFO    | 21_lookback_frontier | lstm_h64_l1_w24_H24_s1337 epoch  13/60  train 0.13225  val 0.11958  lr 2.82e-03  0.6s
01:05:54 | INFO    | 21_lookback_frontier | lstm_h64_l1_w24_H24_s1337 epoch  14/60  train 0.12945  val 0.12856  lr 2.78e-03  0.7s
01:05:55 | INFO    | 21_lookback_frontier | lstm_h64_l1_w24_H24_s1337 epoch  15/60  train 0.12822  val 0.11631  lr 2.73e-03  0.7s
01:05:56 | INFO    | 21_lookback_frontier | lstm_h64_l1_w24_H24_s1337 epoch  16/60  train 0.12487  val 0.10450  lr 2.68e-03  0.8s
01:05:57 | INFO    | 21_lookback_frontier | lstm_h64_l1_w24_H24_s1337 epoch  17/60  train 0.12628  val 0.12800  lr 2.63e-03  0.7s
01:05:57 | INFO    | 21_lookback_frontier | lstm_h64_l1_w24_H24_s1337 epoch  18/60  train 0.12171  val 0.11781  lr 2.58e-03  0.7s
01:05:58 | INFO    | 21_lookback_frontier | lstm_h64_l1_w24_H24_s1337 epoch  19/60  train 0.11999  val 0.11664  lr 2.52e-03  0.6s
01:05:59 | INFO    | 21_lookback_frontier | lstm_h64_l1_w24_H24_s1337 epoch  20/60  train 0.11861  val 0.10827  lr 2.46e-03  0.7s
01:05:59 | INFO    | 21_lookback_frontier | lstm_h64_l1_w24_H24_s1337 epoch  21/60  train 0.11581  val 0.12489  lr 2.39e-03  0.7s
01:06:00 | INFO    | 21_lookback_frontier | lstm_h64_l1_w24_H24_s1337 epoch  22/60  train 0.11449  val 0.10906  lr 2.32e-03  0.7s
01:06:01 | INFO    | 21_lookback_frontier | lstm_h64_l1_w24_H24_s1337 epoch  23/60  train 0.11257  val 0.11292  lr 2.25e-03  0.7s
01:06:01 | INFO    | 21_lookback_frontier | lstm_h64_l1_w24_H24_s1337 epoch  24/60  train 0.11019  val 0.11545  lr 2.18e-03  0.7s
01:06:02 | INFO    | 21_lookback_frontier | lstm_h64_l1_w24_H24_s1337 epoch  25/60  train 0.10885  val 0.13618  lr 2.11e-03  0.7s
01:06:03 | INFO    | 21_lookback_frontier | lstm_h64_l1_w24_H24_s1337 epoch  26/60  train 0.10798  val 0.11354  lr 2.03e-03  0.7s
01:06:03 | INFO    | 21_lookback_frontier | lstm_h64_l1_w24_H24_s1337 epoch  27/60  train 0.10654  val 0.12211  lr 1.95e-03  0.7s
01:06:03 | INFO    | 21_lookback_frontier | lstm_h64_l1_w24_H24_s2024: 21569 params | train 38155 windows, val 7381 | 150 steps/epoch | matrix 5.4 MB on device
01:06:04 | INFO    | 21_lookback_frontier | lstm_h64_l1_w24_H24_s2024 epoch   1/60  train 0.83895  val 0.14027  lr 1.00e-03  0.7s  *
01:06:05 | INFO    | 21_lookback_frontier | lstm_h64_l1_w24_H24_s2024 epoch   2/60  train 0.16429  val 0.11827  lr 2.00e-03  0.7s  *
01:06:05 | INFO    | 21_lookback_frontier | lstm_h64_l1_w24_H24_s2024 epoch   3/60  train 0.15887  val 0.13792  lr 3.00e-03  0.6s
01:06:06 | INFO    | 21_lookback_frontier | lstm_h64_l1_w24_H24_s2024 epoch   4/60  train 0.15306  val 0.12788  lr 3.00e-03  0.7s
01:06:07 | INFO    | 21_lookback_frontier | lstm_h64_l1_w24_H24_s2024 epoch   5/60  train 0.14997  val 0.10106  lr 3.00e-03  0.7s  *
01:06:07 | INFO    | 21_lookback_frontier | lstm_h64_l1_w24_H24_s2024 epoch   6/60  train 0.14706  val 0.10694  lr 2.99e-03  0.7s
01:06:08 | INFO    | 21_lookback_frontier | lstm_h64_l1_w24_H24_s2024 epoch   7/60  train 0.14450  val 0.12384  lr 2.98e-03  0.7s
01:06:09 | INFO    | 21_lookback_frontier | lstm_h64_l1_w24_H24_s2024 epoch   8/60  train 0.14298  val 0.15168  lr 2.96e-03  0.7s
01:06:10 | INFO    | 21_lookback_frontier | lstm_h64_l1_w24_H24_s2024 epoch   9/60  train 0.14193  val 0.15609  lr 2.94e-03  0.6s
01:06:10 | INFO    | 21_lookback_frontier | lstm_h64_l1_w24_H24_s2024 epoch  10/60  train 0.14036  val 0.13307  lr 2.92e-03  0.7s
01:06:11 | INFO    | 21_lookback_frontier | lstm_h64_l1_w24_H24_s2024 epoch  11/60  train 0.13695  val 0.12072  lr 2.89e-03  0.7s
01:06:12 | INFO    | 21_lookback_frontier | lstm_h64_l1_w24_H24_s2024 epoch  12/60  train 0.13307  val 0.16521  lr 2.86e-03  0.7s
01:06:12 | INFO    | 21_lookback_frontier | lstm_h64_l1_w24_H24_s2024 epoch  13/60  train 0.13405  val 0.13689  lr 2.82e-03  0.7s
01:06:13 | INFO    | 21_lookback_frontier | lstm_h64_l1_w24_H24_s2024 epoch  14/60  train 0.13408  val 0.10861  lr 2.78e-03  0.7s
01:06:14 | INFO    | 21_lookback_frontier | lstm_h64_l1_w24_H24_s2024 epoch  15/60  train 0.12875  val 0.11100  lr 2.73e-03  0.7s
01:06:14 | INFO    | 21_lookback_frontier | lstm_h64_l1_w24_H24_s2024 epoch  16/60  train 0.12653  val 0.13006  lr 2.68e-03  0.7s
01:06:15 | INFO    | 21_lookback_frontier | lstm_h64_l1_w24_H24_s2024 epoch  17/60  train 0.12433  val 0.11646  lr 2.63e-03  0.7s
01:06:16 | INFO    | 21_lookback_frontier | lstm_h64_l1_w24_H24_s2024 epoch  18/60  train 0.12253  val 0.10720  lr 2.58e-03  0.6s
01:06:16 | INFO    | 21_lookback_frontier | lstm_h64_l1_w24_H24_s2024 epoch  19/60  train 0.11893  val 0.14809  lr 2.52e-03  0.7s
01:06:17 | INFO    | 21_lookback_frontier | lstm_h64_l1_w24_H24_s2024 epoch  20/60  train 0.11765  val 0.13572  lr 2.46e-03  0.7s
01:06:17 | INFO    | 21_lookback_frontier |     lstm_h64_l1    w24   R=48   RMSE   55.79  avail 0.9760
01:06:17 | INFO    | 21_lookback_frontier | dlinear_w48_H24_s42: 1730 params | train 35504 windows, val 7084 | 139 steps/epoch | matrix 5.4 MB on device
01:06:18 | INFO    | 21_lookback_frontier | dlinear_w48_H24_s42 epoch   1/60  train 3.37237  val 3.74428  lr 1.00e-03  0.4s  *
01:06:18 | INFO    | 21_lookback_frontier | dlinear_w48_H24_s42 epoch   2/60  train 2.94371  val 3.43295  lr 2.00e-03  0.4s  *
01:06:19 | INFO    | 21_lookback_frontier | dlinear_w48_H24_s42 epoch   3/60  train 2.32411  val 2.51823  lr 3.00e-03  0.4s  *
01:06:19 | INFO    | 21_lookback_frontier | dlinear_w48_H24_s42 epoch   4/60  train 1.60124  val 1.57278  lr 3.00e-03  0.4s  *
01:06:19 | INFO    | 21_lookback_frontier | dlinear_w48_H24_s42 epoch   5/60  train 0.95093  val 0.81429  lr 3.00e-03  0.4s  *
01:06:20 | INFO    | 21_lookback_frontier | dlinear_w48_H24_s42 epoch   6/60  train 0.43375  val 0.33457  lr 2.99e-03  0.4s  *
01:06:20 | INFO    | 21_lookback_frontier | dlinear_w48_H24_s42 epoch   7/60  train 0.19453  val 0.18970  lr 2.98e-03  0.4s  *
01:06:21 | INFO    | 21_lookback_frontier | dlinear_w48_H24_s42 epoch   8/60  train 0.14999  val 0.17045  lr 2.96e-03  0.4s  *
01:06:21 | INFO    | 21_lookback_frontier | dlinear_w48_H24_s42 epoch   9/60  train 0.14674  val 0.18560  lr 2.94e-03  0.4s
01:06:22 | INFO    | 21_lookback_frontier | dlinear_w48_H24_s42 epoch  10/60  train 0.14563  val 0.14265  lr 2.92e-03  0.5s  *
01:06:22 | INFO    | 21_lookback_frontier | dlinear_w48_H24_s42 epoch  11/60  train 0.14702  val 0.14397  lr 2.89e-03  0.4s
01:06:23 | INFO    | 21_lookback_frontier | dlinear_w48_H24_s42 epoch  12/60  train 0.14562  val 0.14415  lr 2.86e-03  0.4s
01:06:23 | INFO    | 21_lookback_frontier | dlinear_w48_H24_s42 epoch  13/60  train 0.14273  val 0.14710  lr 2.82e-03  0.4s
01:06:24 | INFO    | 21_lookback_frontier | dlinear_w48_H24_s42 epoch  14/60  train 0.14482  val 0.14569  lr 2.78e-03  0.4s
01:06:24 | INFO    | 21_lookback_frontier | dlinear_w48_H24_s42 epoch  15/60  train 0.14324  val 0.14715  lr 2.73e-03  0.5s
01:06:24 | INFO    | 21_lookback_frontier | dlinear_w48_H24_s42 epoch  16/60  train 0.14368  val 0.15031  lr 2.68e-03  0.4s
01:06:25 | INFO    | 21_lookback_frontier | dlinear_w48_H24_s42 epoch  17/60  train 0.14264  val 0.14168  lr 2.63e-03  0.4s  *
01:06:25 | INFO    | 21_lookback_frontier | dlinear_w48_H24_s42 epoch  18/60  train 0.14446  val 0.14194  lr 2.58e-03  0.5s
01:06:26 | INFO    | 21_lookback_frontier | dlinear_w48_H24_s42 epoch  19/60  train 0.14180  val 0.14424  lr 2.52e-03  0.6s
01:06:27 | INFO    | 21_lookback_frontier | dlinear_w48_H24_s42 epoch  20/60  train 0.14254  val 0.14266  lr 2.46e-03  0.4s
01:06:27 | INFO    | 21_lookback_frontier | dlinear_w48_H24_s42 epoch  21/60  train 0.14035  val 0.15696  lr 2.39e-03  0.4s
01:06:27 | INFO    | 21_lookback_frontier | dlinear_w48_H24_s42 epoch  22/60  train 0.14286  val 0.14013  lr 2.32e-03  0.5s  *
01:06:28 | INFO    | 21_lookback_frontier | dlinear_w48_H24_s42 epoch  23/60  train 0.14013  val 0.14907  lr 2.25e-03  0.4s
01:06:28 | INFO    | 21_lookback_frontier | dlinear_w48_H24_s42 epoch  24/60  train 0.14107  val 0.15361  lr 2.18e-03  0.5s
01:06:29 | INFO    | 21_lookback_frontier | dlinear_w48_H24_s42 epoch  25/60  train 0.13918  val 0.14158  lr 2.11e-03  0.4s
01:06:29 | INFO    | 21_lookback_frontier | dlinear_w48_H24_s42 epoch  26/60  train 0.13790  val 0.13419  lr 2.03e-03  0.4s  *
01:06:30 | INFO    | 21_lookback_frontier | dlinear_w48_H24_s42 epoch  27/60  train 0.13941  val 0.13069  lr 1.95e-03  0.4s  *
01:06:30 | INFO    | 21_lookback_frontier | dlinear_w48_H24_s42 epoch  28/60  train 0.13896  val 0.12875  lr 1.87e-03  0.4s  *
01:06:31 | INFO    | 21_lookback_frontier | dlinear_w48_H24_s42 epoch  29/60  train 0.13733  val 0.14528  lr 1.79e-03  0.4s
01:06:31 | INFO    | 21_lookback_frontier | dlinear_w48_H24_s42 epoch  30/60  train 0.13667  val 0.12785  lr 1.71e-03  0.5s  *
01:06:32 | INFO    | 21_lookback_frontier | dlinear_w48_H24_s42 epoch  31/60  train 0.13548  val 0.13377  lr 1.63e-03  0.4s
01:06:32 | INFO    | 21_lookback_frontier | dlinear_w48_H24_s42 epoch  32/60  train 0.13516  val 0.13246  lr 1.55e-03  0.4s
01:06:33 | INFO    | 21_lookback_frontier | dlinear_w48_H24_s42 epoch  33/60  train 0.13422  val 0.13445  lr 1.46e-03  0.4s
01:06:33 | INFO    | 21_lookback_frontier | dlinear_w48_H24_s42 epoch  34/60  train 0.13493  val 0.14103  lr 1.38e-03  0.4s
01:06:33 | INFO    | 21_lookback_frontier | dlinear_w48_H24_s42 epoch  35/60  train 0.13482  val 0.13626  lr 1.30e-03  0.4s
01:06:34 | INFO    | 21_lookback_frontier | dlinear_w48_H24_s42 epoch  36/60  train 0.13263  val 0.14079  lr 1.22e-03  0.4s
01:06:34 | INFO    | 21_lookback_frontier | dlinear_w48_H24_s42 epoch  37/60  train 0.13439  val 0.13841  lr 1.14e-03  0.4s
01:06:35 | INFO    | 21_lookback_frontier | dlinear_w48_H24_s42 epoch  38/60  train 0.13287  val 0.13294  lr 1.06e-03  0.4s
01:06:35 | INFO    | 21_lookback_frontier | dlinear_w48_H24_s42 epoch  39/60  train 0.13122  val 0.13556  lr 9.81e-04  0.4s
01:06:36 | INFO    | 21_lookback_frontier | dlinear_w48_H24_s42 epoch  40/60  train 0.13082  val 0.13259  lr 9.04e-04  0.4s
01:06:36 | INFO    | 21_lookback_frontier | dlinear_w48_H24_s42 epoch  41/60  train 0.13030  val 0.14148  lr 8.30e-04  0.4s
01:06:37 | INFO    | 21_lookback_frontier | dlinear_w48_H24_s42 epoch  42/60  train 0.13058  val 0.13023  lr 7.58e-04  0.4s
01:06:37 | INFO    | 21_lookback_frontier | dlinear_w48_H24_s42 epoch  43/60  train 0.12959  val 0.14233  lr 6.87e-04  0.4s
01:06:37 | INFO    | 21_lookback_frontier | dlinear_w48_H24_s42 epoch  44/60  train 0.12935  val 0.13134  lr 6.20e-04  0.5s
01:06:38 | INFO    | 21_lookback_frontier | dlinear_w48_H24_s42 epoch  45/60  train 0.12799  val 0.13313  lr 5.55e-04  0.4s
01:06:38 | INFO    | 21_lookback_frontier | dlinear_w48_H24_s1337: 1730 params | train 35504 windows, val 7084 | 139 steps/epoch | matrix 5.4 MB on device
01:06:38 | INFO    | 21_lookback_frontier | dlinear_w48_H24_s1337 epoch   1/60  train 3.34556  val 3.79250  lr 1.00e-03  0.4s  *
01:06:39 | INFO    | 21_lookback_frontier | dlinear_w48_H24_s1337 epoch   2/60  train 2.93117  val 3.52433  lr 2.00e-03  0.4s  *
01:06:39 | INFO    | 21_lookback_frontier | dlinear_w48_H24_s1337 epoch   3/60  train 2.30448  val 2.57236  lr 3.00e-03  0.4s  *
01:06:40 | INFO    | 21_lookback_frontier | dlinear_w48_H24_s1337 epoch   4/60  train 1.60061  val 1.50118  lr 3.00e-03  0.4s  *
01:06:40 | INFO    | 21_lookback_frontier | dlinear_w48_H24_s1337 epoch   5/60  train 0.91936  val 0.81078  lr 3.00e-03  0.4s  *
01:06:41 | INFO    | 21_lookback_frontier | dlinear_w48_H24_s1337 epoch   6/60  train 0.40680  val 0.34402  lr 2.99e-03  0.4s  *
01:06:41 | INFO    | 21_lookback_frontier | dlinear_w48_H24_s1337 epoch   7/60  train 0.17998  val 0.16626  lr 2.98e-03  0.4s  *
01:06:42 | INFO    | 21_lookback_frontier | dlinear_w48_H24_s1337 epoch   8/60  train 0.15084  val 0.13313  lr 2.96e-03  0.4s  *
01:06:42 | INFO    | 21_lookback_frontier | dlinear_w48_H24_s1337 epoch   9/60  train 0.14601  val 0.15448  lr 2.94e-03  0.4s
01:06:42 | INFO    | 21_lookback_frontier | dlinear_w48_H24_s1337 epoch  10/60  train 0.14657  val 0.16962  lr 2.92e-03  0.4s
01:06:43 | INFO    | 21_lookback_frontier | dlinear_w48_H24_s1337 epoch  11/60  train 0.14524  val 0.17428  lr 2.89e-03  0.5s
01:06:43 | INFO    | 21_lookback_frontier | dlinear_w48_H24_s1337 epoch  12/60  train 0.14488  val 0.13455  lr 2.86e-03  0.4s
01:06:44 | INFO    | 21_lookback_frontier | dlinear_w48_H24_s1337 epoch  13/60  train 0.14458  val 0.16270  lr 2.82e-03  0.4s
01:06:44 | INFO    | 21_lookback_frontier | dlinear_w48_H24_s1337 epoch  14/60  train 0.14259  val 0.13792  lr 2.78e-03  0.4s
01:06:45 | INFO    | 21_lookback_frontier | dlinear_w48_H24_s1337 epoch  15/60  train 0.14220  val 0.14400  lr 2.73e-03  0.4s
01:06:45 | INFO    | 21_lookback_frontier | dlinear_w48_H24_s1337 epoch  16/60  train 0.14284  val 0.14776  lr 2.68e-03  0.4s
01:06:46 | INFO    | 21_lookback_frontier | dlinear_w48_H24_s1337 epoch  17/60  train 0.14128  val 0.12738  lr 2.63e-03  0.4s  *
01:06:46 | INFO    | 21_lookback_frontier | dlinear_w48_H24_s1337 epoch  18/60  train 0.14113  val 0.13626  lr 2.58e-03  0.4s
01:06:47 | INFO    | 21_lookback_frontier | dlinear_w48_H24_s1337 epoch  19/60  train 0.14230  val 0.13510  lr 2.52e-03  0.4s
01:06:47 | INFO    | 21_lookback_frontier | dlinear_w48_H24_s1337 epoch  20/60  train 0.14047  val 0.14962  lr 2.46e-03  0.4s
01:06:47 | INFO    | 21_lookback_frontier | dlinear_w48_H24_s1337 epoch  21/60  train 0.13969  val 0.14309  lr 2.39e-03  0.4s
01:06:48 | INFO    | 21_lookback_frontier | dlinear_w48_H24_s1337 epoch  22/60  train 0.14008  val 0.13340  lr 2.32e-03  0.4s
01:06:48 | INFO    | 21_lookback_frontier | dlinear_w48_H24_s1337 epoch  23/60  train 0.13971  val 0.13183  lr 2.25e-03  0.4s
01:06:49 | INFO    | 21_lookback_frontier | dlinear_w48_H24_s1337 epoch  24/60  train 0.14128  val 0.13571  lr 2.18e-03  0.4s
01:06:49 | INFO    | 21_lookback_frontier | dlinear_w48_H24_s1337 epoch  25/60  train 0.13723  val 0.14164  lr 2.11e-03  0.5s
01:06:50 | INFO    | 21_lookback_frontier | dlinear_w48_H24_s1337 epoch  26/60  train 0.13830  val 0.14122  lr 2.03e-03  0.4s
01:06:50 | INFO    | 21_lookback_frontier | dlinear_w48_H24_s1337 epoch  27/60  train 0.13702  val 0.16746  lr 1.95e-03  0.4s
01:06:51 | INFO    | 21_lookback_frontier | dlinear_w48_H24_s1337 epoch  28/60  train 0.13684  val 0.15130  lr 1.87e-03  0.4s
01:06:51 | INFO    | 21_lookback_frontier | dlinear_w48_H24_s1337 epoch  29/60  train 0.13653  val 0.14040  lr 1.79e-03  0.4s
01:06:52 | INFO    | 21_lookback_frontier | dlinear_w48_H24_s1337 epoch  30/60  train 0.13665  val 0.15467  lr 1.71e-03  0.4s
01:06:52 | INFO    | 21_lookback_frontier | dlinear_w48_H24_s1337 epoch  31/60  train 0.13587  val 0.14155  lr 1.63e-03  0.4s
01:06:52 | INFO    | 21_lookback_frontier | dlinear_w48_H24_s1337 epoch  32/60  train 0.13505  val 0.13211  lr 1.55e-03  0.5s
01:06:53 | INFO    | 21_lookback_frontier | dlinear_w48_H24_s2024: 1730 params | train 35504 windows, val 7084 | 139 steps/epoch | matrix 5.4 MB on device
01:06:53 | INFO    | 21_lookback_frontier | dlinear_w48_H24_s2024 epoch   1/60  train 3.33058  val 3.67605  lr 1.00e-03  0.4s  *
01:06:53 | INFO    | 21_lookback_frontier | dlinear_w48_H24_s2024 epoch   2/60  train 2.91123  val 3.42428  lr 2.00e-03  0.5s  *
01:06:54 | INFO    | 21_lookback_frontier | dlinear_w48_H24_s2024 epoch   3/60  train 2.29494  val 2.44773  lr 3.00e-03  0.4s  *
01:06:54 | INFO    | 21_lookback_frontier | dlinear_w48_H24_s2024 epoch   4/60  train 1.56656  val 1.61967  lr 3.00e-03  0.4s  *
01:06:55 | INFO    | 21_lookback_frontier | dlinear_w48_H24_s2024 epoch   5/60  train 0.90641  val 0.84176  lr 3.00e-03  0.4s  *
01:06:55 | INFO    | 21_lookback_frontier | dlinear_w48_H24_s2024 epoch   6/60  train 0.39567  val 0.35586  lr 2.99e-03  0.5s  *
01:06:56 | INFO    | 21_lookback_frontier | dlinear_w48_H24_s2024 epoch   7/60  train 0.18501  val 0.18404  lr 2.98e-03  0.5s  *
01:06:56 | INFO    | 21_lookback_frontier | dlinear_w48_H24_s2024 epoch   8/60  train 0.15190  val 0.13805  lr 2.96e-03  0.5s  *
01:06:57 | INFO    | 21_lookback_frontier | dlinear_w48_H24_s2024 epoch   9/60  train 0.14670  val 0.15175  lr 2.94e-03  0.4s
01:06:57 | INFO    | 21_lookback_frontier | dlinear_w48_H24_s2024 epoch  10/60  train 0.14646  val 0.12863  lr 2.92e-03  0.4s  *
01:06:58 | INFO    | 21_lookback_frontier | dlinear_w48_H24_s2024 epoch  11/60  train 0.14556  val 0.15874  lr 2.89e-03  0.4s
01:06:58 | INFO    | 21_lookback_frontier | dlinear_w48_H24_s2024 epoch  12/60  train 0.14520  val 0.14570  lr 2.86e-03  0.5s
01:06:59 | INFO    | 21_lookback_frontier | dlinear_w48_H24_s2024 epoch  13/60  train 0.14633  val 0.16709  lr 2.82e-03  0.5s
01:06:59 | INFO    | 21_lookback_frontier | dlinear_w48_H24_s2024 epoch  14/60  train 0.14388  val 0.15041  lr 2.78e-03  0.4s
01:07:00 | INFO    | 21_lookback_frontier | dlinear_w48_H24_s2024 epoch  15/60  train 0.14563  val 0.13603  lr 2.73e-03  0.4s
01:07:00 | INFO    | 21_lookback_frontier | dlinear_w48_H24_s2024 epoch  16/60  train 0.14441  val 0.17399  lr 2.68e-03  0.5s
01:07:01 | INFO    | 21_lookback_frontier | dlinear_w48_H24_s2024 epoch  17/60  train 0.14139  val 0.14605  lr 2.63e-03  0.5s
01:07:01 | INFO    | 21_lookback_frontier | dlinear_w48_H24_s2024 epoch  18/60  train 0.14296  val 0.14625  lr 2.58e-03  0.5s
01:07:02 | INFO    | 21_lookback_frontier | dlinear_w48_H24_s2024 epoch  19/60  train 0.14205  val 0.13226  lr 2.52e-03  0.5s
01:07:02 | INFO    | 21_lookback_frontier | dlinear_w48_H24_s2024 epoch  20/60  train 0.14008  val 0.14866  lr 2.46e-03  0.5s
01:07:03 | INFO    | 21_lookback_frontier | dlinear_w48_H24_s2024 epoch  21/60  train 0.14002  val 0.13894  lr 2.39e-03  0.5s
01:07:03 | INFO    | 21_lookback_frontier | dlinear_w48_H24_s2024 epoch  22/60  train 0.14008  val 0.18046  lr 2.32e-03  0.5s
01:07:04 | INFO    | 21_lookback_frontier | dlinear_w48_H24_s2024 epoch  23/60  train 0.13960  val 0.13330  lr 2.25e-03  0.4s
01:07:04 | INFO    | 21_lookback_frontier | dlinear_w48_H24_s2024 epoch  24/60  train 0.13846  val 0.14971  lr 2.18e-03  0.4s
01:07:04 | INFO    | 21_lookback_frontier | dlinear_w48_H24_s2024 epoch  25/60  train 0.13998  val 0.14912  lr 2.11e-03  0.4s
01:07:05 | INFO    | 21_lookback_frontier |     dlinear        w48   R=71   RMSE   65.23  avail 0.9535
01:07:05 | INFO    | 21_lookback_frontier | dlinear_w24_H24_s42: 866 params | train 38155 windows, val 7381 | 150 steps/epoch | matrix 5.4 MB on device
01:07:05 | INFO    | 21_lookback_frontier | dlinear_w24_H24_s42 epoch   1/60  train 3.35910  val 3.43640  lr 1.00e-03  0.5s  *
01:07:06 | INFO    | 21_lookback_frontier | dlinear_w24_H24_s42 epoch   2/60  train 2.89592  val 3.14704  lr 2.00e-03  0.5s  *
01:07:06 | INFO    | 21_lookback_frontier | dlinear_w24_H24_s42 epoch   3/60  train 2.19979  val 2.32420  lr 3.00e-03  0.5s  *
01:07:07 | INFO    | 21_lookback_frontier | dlinear_w24_H24_s42 epoch   4/60  train 1.37569  val 1.24030  lr 3.00e-03  0.5s  *
01:07:07 | INFO    | 21_lookback_frontier | dlinear_w24_H24_s42 epoch   5/60  train 0.64503  val 0.44841  lr 3.00e-03  0.5s  *
01:07:08 | INFO    | 21_lookback_frontier | dlinear_w24_H24_s42 epoch   6/60  train 0.21650  val 0.16717  lr 2.99e-03  0.5s  *
01:07:08 | INFO    | 21_lookback_frontier | dlinear_w24_H24_s42 epoch   7/60  train 0.14095  val 0.13821  lr 2.98e-03  0.5s  *
01:07:09 | INFO    | 21_lookback_frontier | dlinear_w24_H24_s42 epoch   8/60  train 0.13793  val 0.13940  lr 2.96e-03  0.5s
01:07:09 | INFO    | 21_lookback_frontier | dlinear_w24_H24_s42 epoch   9/60  train 0.13674  val 0.15396  lr 2.94e-03  0.4s
01:07:09 | INFO    | 21_lookback_frontier | dlinear_w24_H24_s42 epoch  10/60  train 0.13783  val 0.14253  lr 2.92e-03  0.5s
01:07:10 | INFO    | 21_lookback_frontier | dlinear_w24_H24_s42 epoch  11/60  train 0.13536  val 0.14540  lr 2.89e-03  0.5s
01:07:10 | INFO    | 21_lookback_frontier | dlinear_w24_H24_s42 epoch  12/60  train 0.13627  val 0.14112  lr 2.86e-03  0.5s
01:07:11 | INFO    | 21_lookback_frontier | dlinear_w24_H24_s42 epoch  13/60  train 0.13654  val 0.14357  lr 2.82e-03  0.4s
01:07:11 | INFO    | 21_lookback_frontier | dlinear_w24_H24_s42 epoch  14/60  train 0.13602  val 0.15590  lr 2.78e-03  0.4s
01:07:12 | INFO    | 21_lookback_frontier | dlinear_w24_H24_s42 epoch  15/60  train 0.13616  val 0.13285  lr 2.73e-03  0.4s  *
01:07:12 | INFO    | 21_lookback_frontier | dlinear_w24_H24_s42 epoch  16/60  train 0.13507  val 0.13344  lr 2.68e-03  0.5s
01:07:13 | INFO    | 21_lookback_frontier | dlinear_w24_H24_s42 epoch  17/60  train 0.13459  val 0.13976  lr 2.63e-03  0.4s
01:07:13 | INFO    | 21_lookback_frontier | dlinear_w24_H24_s42 epoch  18/60  train 0.13445  val 0.13138  lr 2.58e-03  0.4s  *
01:07:14 | INFO    | 21_lookback_frontier | dlinear_w24_H24_s42 epoch  19/60  train 0.13510  val 0.13217  lr 2.52e-03  0.4s
01:07:14 | INFO    | 21_lookback_frontier | dlinear_w24_H24_s42 epoch  20/60  train 0.13598  val 0.14110  lr 2.46e-03  0.5s
01:07:15 | INFO    | 21_lookback_frontier | dlinear_w24_H24_s42 epoch  21/60  train 0.13469  val 0.13383  lr 2.39e-03  0.5s
01:07:15 | INFO    | 21_lookback_frontier | dlinear_w24_H24_s42 epoch  22/60  train 0.13420  val 0.12523  lr 2.32e-03  0.5s  *
01:07:16 | INFO    | 21_lookback_frontier | dlinear_w24_H24_s42 epoch  23/60  train 0.13486  val 0.13453  lr 2.25e-03  0.5s
01:07:16 | INFO    | 21_lookback_frontier | dlinear_w24_H24_s42 epoch  24/60  train 0.13259  val 0.13788  lr 2.18e-03  0.5s
01:07:17 | INFO    | 21_lookback_frontier | dlinear_w24_H24_s42 epoch  25/60  train 0.13432  val 0.15481  lr 2.11e-03  0.5s
01:07:17 | INFO    | 21_lookback_frontier | dlinear_w24_H24_s42 epoch  26/60  train 0.13333  val 0.13550  lr 2.03e-03  0.4s
01:07:18 | INFO    | 21_lookback_frontier | dlinear_w24_H24_s42 epoch  27/60  train 0.13346  val 0.14054  lr 1.95e-03  0.5s
01:07:18 | INFO    | 21_lookback_frontier | dlinear_w24_H24_s42 epoch  28/60  train 0.13264  val 0.13903  lr 1.87e-03  0.5s
01:07:19 | INFO    | 21_lookback_frontier | dlinear_w24_H24_s42 epoch  29/60  train 0.13219  val 0.13719  lr 1.79e-03  0.5s
01:07:19 | INFO    | 21_lookback_frontier | dlinear_w24_H24_s42 epoch  30/60  train 0.13216  val 0.13115  lr 1.71e-03  0.5s
01:07:20 | INFO    | 21_lookback_frontier | dlinear_w24_H24_s42 epoch  31/60  train 0.13273  val 0.14847  lr 1.63e-03  0.5s
01:07:20 | INFO    | 21_lookback_frontier | dlinear_w24_H24_s42 epoch  32/60  train 0.13184  val 0.13833  lr 1.55e-03  0.5s
01:07:20 | INFO    | 21_lookback_frontier | dlinear_w24_H24_s42 epoch  33/60  train 0.13220  val 0.14546  lr 1.46e-03  0.5s
01:07:21 | INFO    | 21_lookback_frontier | dlinear_w24_H24_s42 epoch  34/60  train 0.13167  val 0.14308  lr 1.38e-03  0.5s
01:07:22 | INFO    | 21_lookback_frontier | dlinear_w24_H24_s42 epoch  35/60  train 0.13055  val 0.13639  lr 1.30e-03  0.5s
01:07:22 | INFO    | 21_lookback_frontier | dlinear_w24_H24_s42 epoch  36/60  train 0.13074  val 0.13049  lr 1.22e-03  0.5s
01:07:22 | INFO    | 21_lookback_frontier | dlinear_w24_H24_s42 epoch  37/60  train 0.13050  val 0.14465  lr 1.14e-03  0.5s
01:07:23 | INFO    | 21_lookback_frontier | dlinear_w24_H24_s1337: 866 params | train 38155 windows, val 7381 | 150 steps/epoch | matrix 5.4 MB on device
01:07:23 | INFO    | 21_lookback_frontier | dlinear_w24_H24_s1337 epoch   1/60  train 3.36535  val 3.53093  lr 1.00e-03  0.5s  *
01:07:23 | INFO    | 21_lookback_frontier | dlinear_w24_H24_s1337 epoch   2/60  train 2.89017  val 3.17179  lr 2.00e-03  0.5s  *
01:07:24 | INFO    | 21_lookback_frontier | dlinear_w24_H24_s1337 epoch   3/60  train 2.19833  val 2.40242  lr 3.00e-03  0.5s  *
01:07:24 | INFO    | 21_lookback_frontier | dlinear_w24_H24_s1337 epoch   4/60  train 1.40517  val 1.32613  lr 3.00e-03  0.5s  *
01:07:25 | INFO    | 21_lookback_frontier | dlinear_w24_H24_s1337 epoch   5/60  train 0.65387  val 0.49437  lr 3.00e-03  0.5s  *
01:07:26 | INFO    | 21_lookback_frontier | dlinear_w24_H24_s1337 epoch   6/60  train 0.22704  val 0.18490  lr 2.99e-03  0.6s  *
01:07:26 | INFO    | 21_lookback_frontier | dlinear_w24_H24_s1337 epoch   7/60  train 0.14143  val 0.13544  lr 2.98e-03  0.6s  *
01:07:27 | INFO    | 21_lookback_frontier | dlinear_w24_H24_s1337 epoch   8/60  train 0.13833  val 0.13780  lr 2.96e-03  0.4s
01:07:27 | INFO    | 21_lookback_frontier | dlinear_w24_H24_s1337 epoch   9/60  train 0.13651  val 0.14004  lr 2.94e-03  0.5s
01:07:28 | INFO    | 21_lookback_frontier | dlinear_w24_H24_s1337 epoch  10/60  train 0.13807  val 0.13152  lr 2.92e-03  0.5s  *
01:07:28 | INFO    | 21_lookback_frontier | dlinear_w24_H24_s1337 epoch  11/60  train 0.13674  val 0.12836  lr 2.89e-03  0.5s  *
01:07:29 | INFO    | 21_lookback_frontier | dlinear_w24_H24_s1337 epoch  12/60  train 0.13550  val 0.12692  lr 2.86e-03  0.5s  *
01:07:29 | INFO    | 21_lookback_frontier | dlinear_w24_H24_s1337 epoch  13/60  train 0.13653  val 0.15609  lr 2.82e-03  0.4s
01:07:30 | INFO    | 21_lookback_frontier | dlinear_w24_H24_s1337 epoch  14/60  train 0.13685  val 0.14200  lr 2.78e-03  0.5s
01:07:30 | INFO    | 21_lookback_frontier | dlinear_w24_H24_s1337 epoch  15/60  train 0.13551  val 0.12891  lr 2.73e-03  0.5s
01:07:31 | INFO    | 21_lookback_frontier | dlinear_w24_H24_s1337 epoch  16/60  train 0.13544  val 0.15397  lr 2.68e-03  0.5s
01:07:31 | INFO    | 21_lookback_frontier | dlinear_w24_H24_s1337 epoch  17/60  train 0.13635  val 0.13774  lr 2.63e-03  0.5s
01:07:32 | INFO    | 21_lookback_frontier | dlinear_w24_H24_s1337 epoch  18/60  train 0.13477  val 0.16265  lr 2.58e-03  0.5s
01:07:32 | INFO    | 21_lookback_frontier | dlinear_w24_H24_s1337 epoch  19/60  train 0.13631  val 0.13593  lr 2.52e-03  0.4s
01:07:33 | INFO    | 21_lookback_frontier | dlinear_w24_H24_s1337 epoch  20/60  train 0.13615  val 0.15243  lr 2.46e-03  0.5s
01:07:33 | INFO    | 21_lookback_frontier | dlinear_w24_H24_s1337 epoch  21/60  train 0.13513  val 0.12894  lr 2.39e-03  0.4s
01:07:34 | INFO    | 21_lookback_frontier | dlinear_w24_H24_s1337 epoch  22/60  train 0.13419  val 0.14685  lr 2.32e-03  0.6s
01:07:34 | INFO    | 21_lookback_frontier | dlinear_w24_H24_s1337 epoch  23/60  train 0.13391  val 0.13308  lr 2.25e-03  0.5s
01:07:35 | INFO    | 21_lookback_frontier | dlinear_w24_H24_s1337 epoch  24/60  train 0.13354  val 0.13524  lr 2.18e-03  0.5s
01:07:35 | INFO    | 21_lookback_frontier | dlinear_w24_H24_s1337 epoch  25/60  train 0.13359  val 0.13560  lr 2.11e-03  0.5s
01:07:36 | INFO    | 21_lookback_frontier | dlinear_w24_H24_s1337 epoch  26/60  train 0.13344  val 0.13717  lr 2.03e-03  0.5s
01:07:36 | INFO    | 21_lookback_frontier | dlinear_w24_H24_s1337 epoch  27/60  train 0.13277  val 0.13447  lr 1.95e-03  0.5s
01:07:36 | INFO    | 21_lookback_frontier | dlinear_w24_H24_s2024: 866 params | train 38155 windows, val 7381 | 150 steps/epoch | matrix 5.4 MB on device
01:07:37 | INFO    | 21_lookback_frontier | dlinear_w24_H24_s2024 epoch   1/60  train 3.32784  val 3.46258  lr 1.00e-03  0.5s  *
01:07:37 | INFO    | 21_lookback_frontier | dlinear_w24_H24_s2024 epoch   2/60  train 2.85591  val 3.24380  lr 2.00e-03  0.5s  *
01:07:38 | INFO    | 21_lookback_frontier | dlinear_w24_H24_s2024 epoch   3/60  train 2.15569  val 2.25818  lr 3.00e-03  0.4s  *
01:07:38 | INFO    | 21_lookback_frontier | dlinear_w24_H24_s2024 epoch   4/60  train 1.35300  val 1.22716  lr 3.00e-03  0.5s  *
01:07:39 | INFO    | 21_lookback_frontier | dlinear_w24_H24_s2024 epoch   5/60  train 0.63237  val 0.53907  lr 3.00e-03  0.5s  *
01:07:39 | INFO    | 21_lookback_frontier | dlinear_w24_H24_s2024 epoch   6/60  train 0.22929  val 0.18406  lr 2.99e-03  0.5s  *
01:07:40 | INFO    | 21_lookback_frontier | dlinear_w24_H24_s2024 epoch   7/60  train 0.14158  val 0.14841  lr 2.98e-03  0.5s  *
01:07:40 | INFO    | 21_lookback_frontier | dlinear_w24_H24_s2024 epoch   8/60  train 0.13656  val 0.14119  lr 2.96e-03  0.4s  *
01:07:41 | INFO    | 21_lookback_frontier | dlinear_w24_H24_s2024 epoch   9/60  train 0.13611  val 0.14503  lr 2.94e-03  0.5s
01:07:41 | INFO    | 21_lookback_frontier | dlinear_w24_H24_s2024 epoch  10/60  train 0.13754  val 0.14047  lr 2.92e-03  0.4s  *
01:07:42 | INFO    | 21_lookback_frontier | dlinear_w24_H24_s2024 epoch  11/60  train 0.13662  val 0.13142  lr 2.89e-03  0.5s  *
01:07:42 | INFO    | 21_lookback_frontier | dlinear_w24_H24_s2024 epoch  12/60  train 0.13754  val 0.13409  lr 2.86e-03  0.4s
01:07:43 | INFO    | 21_lookback_frontier | dlinear_w24_H24_s2024 epoch  13/60  train 0.13774  val 0.15133  lr 2.82e-03  0.5s
01:07:43 | INFO    | 21_lookback_frontier | dlinear_w24_H24_s2024 epoch  14/60  train 0.13661  val 0.14077  lr 2.78e-03  0.5s
01:07:43 | INFO    | 21_lookback_frontier | dlinear_w24_H24_s2024 epoch  15/60  train 0.13551  val 0.14110  lr 2.73e-03  0.5s
01:07:44 | INFO    | 21_lookback_frontier | dlinear_w24_H24_s2024 epoch  16/60  train 0.13597  val 0.14352  lr 2.68e-03  0.4s
01:07:44 | INFO    | 21_lookback_frontier | dlinear_w24_H24_s2024 epoch  17/60  train 0.13524  val 0.14931  lr 2.63e-03  0.5s
01:07:45 | INFO    | 21_lookback_frontier | dlinear_w24_H24_s2024 epoch  18/60  train 0.13509  val 0.13589  lr 2.58e-03  0.5s
01:07:46 | INFO    | 21_lookback_frontier | dlinear_w24_H24_s2024 epoch  19/60  train 0.13471  val 0.12640  lr 2.52e-03  0.5s  *
01:07:46 | INFO    | 21_lookback_frontier | dlinear_w24_H24_s2024 epoch  20/60  train 0.13424  val 0.14117  lr 2.46e-03  0.5s
01:07:47 | INFO    | 21_lookback_frontier | dlinear_w24_H24_s2024 epoch  21/60  train 0.13449  val 0.14401  lr 2.39e-03  0.5s
01:07:47 | INFO    | 21_lookback_frontier | dlinear_w24_H24_s2024 epoch  22/60  train 0.13490  val 0.13303  lr 2.32e-03  0.4s
01:07:47 | INFO    | 21_lookback_frontier | dlinear_w24_H24_s2024 epoch  23/60  train 0.13361  val 0.13291  lr 2.25e-03  0.4s
01:07:48 | INFO    | 21_lookback_frontier | dlinear_w24_H24_s2024 epoch  24/60  train 0.13396  val 0.14479  lr 2.18e-03  0.4s
01:07:48 | INFO    | 21_lookback_frontier | dlinear_w24_H24_s2024 epoch  25/60  train 0.13325  val 0.14313  lr 2.11e-03  0.5s
01:07:49 | INFO    | 21_lookback_frontier | dlinear_w24_H24_s2024 epoch  26/60  train 0.13344  val 0.12792  lr 2.03e-03  0.4s
01:07:49 | INFO    | 21_lookback_frontier | dlinear_w24_H24_s2024 epoch  27/60  train 0.13364  val 0.13311  lr 1.95e-03  0.4s
01:07:50 | INFO    | 21_lookback_frontier | dlinear_w24_H24_s2024 epoch  28/60  train 0.13195  val 0.12873  lr 1.87e-03  0.4s
01:07:50 | INFO    | 21_lookback_frontier | dlinear_w24_H24_s2024 epoch  29/60  train 0.13298  val 0.13624  lr 1.79e-03  0.5s
01:07:51 | INFO    | 21_lookback_frontier | dlinear_w24_H24_s2024 epoch  30/60  train 0.13237  val 0.13139  lr 1.71e-03  0.5s
01:07:51 | INFO    | 21_lookback_frontier | dlinear_w24_H24_s2024 epoch  31/60  train 0.13147  val 0.13776  lr 1.63e-03  0.4s
01:07:52 | INFO    | 21_lookback_frontier | dlinear_w24_H24_s2024 epoch  32/60  train 0.13147  val 0.13807  lr 1.55e-03  0.5s
01:07:52 | INFO    | 21_lookback_frontier | dlinear_w24_H24_s2024 epoch  33/60  train 0.13127  val 0.12921  lr 1.46e-03  0.5s
01:07:53 | INFO    | 21_lookback_frontier | dlinear_w24_H24_s2024 epoch  34/60  train 0.13155  val 0.13105  lr 1.38e-03  0.4s
01:07:53 | INFO    | 21_lookback_frontier |     dlinear        w24   R=48   RMSE   66.24  avail 0.9760
01:07:53 | INFO    | 21_lookback_frontier | wrote F:\BUP\results\lookback_frontier.json and the prediction bundle

arm           model  tier  lookback_h  history_floor_h  radius_h  n_predictors  train_rows  availability  rmse_served
  C           ridge tier2         NaN              168       192           102       25787        0.8348      59.3651
  C   random_forest tier2         NaN              168       192           102       25787        0.8348      58.4997
  C         xgboost tier2         NaN              168       192           102       25787        0.8348      58.6243
  C        lightgbm tier2         NaN              168       192           102       25787        0.8348      59.0210
  C  gru_h64_l2_w48 tier3         NaN              168       192            18       25787        0.8348      58.7178
  C  gru_h64_l2_w24 tier3         NaN              168       192            18       25787        0.8348      58.6905
  C lstm_h64_l1_w48 tier3         NaN              168       192            18       25787        0.8348      57.3758
  C lstm_h64_l1_w24 tier3         NaN              168       192            18       25787        0.8348      57.7002
  C     dlinear_w48 tier3         NaN              168       192            18       25787        0.8348      67.0599
  C     dlinear_w24 tier3         NaN              168       192            18       25787        0.8348      66.7416
B48           ridge tier2     48.0000              168       192            97       25787        0.8348      59.5439
B48   random_forest tier2     48.0000              168       192            97       25787        0.8348      58.3661
B48         xgboost tier2     48.0000              168       192            97       25787        0.8348      58.4651
B48        lightgbm tier2     48.0000              168       192            97       25787        0.8348      58.4309
A48           ridge tier2     48.0000               48        72            97       35399        0.9525      58.0065
A48   random_forest tier2     48.0000               48        72            97       35399        0.9525      56.8100
A48         xgboost tier2     48.0000               48        72            97       35399        0.9525      56.9291
A48        lightgbm tier2     48.0000               48        72            97       35399        0.9525      57.0287
A48  gru_h64_l2_w48 tier3     48.0000               48        72            18       35399        0.9525      57.5850
A48  gru_h64_l2_w24 tier3     48.0000               48        72            18       35399        0.9525      58.1766
A48 lstm_h64_l1_w48 tier3     48.0000               48        72            18       35399        0.9525      56.7669
A48 lstm_h64_l1_w24 tier3     48.0000               48        72            18       35399        0.9525      56.1509
A48     dlinear_w48 tier3     48.0000               48        72            18       35399        0.9525      64.8313
A48     dlinear_w24 tier3     48.0000               48        72            18       35399        0.9525      65.2401
B24           ridge tier2     24.0000              168       192            96       25787        0.8348      59.6047
B24   random_forest tier2     24.0000              168       192            96       25787        0.8348      58.3918
B24         xgboost tier2     24.0000              168       192            96       25787        0.8348      58.4514
B24        lightgbm tier2     24.0000              168       192            96       25787        0.8348      58.5693
A24           ridge tier2     24.0000               24        48            96       38155        0.9760      58.0075
A24   random_forest tier2     24.0000               24        48            96       38155        0.9760      56.4981
A24         xgboost tier2     24.0000               24        48            96       38155        0.9760      56.6386
A24        lightgbm tier2     24.0000               24        48            96       38155        0.9760      56.8431
A24  gru_h64_l2_w48 tier3     24.0000               24        71            18       35504        0.9535      58.0692
A24  gru_h64_l2_w24 tier3     24.0000               24        48            18       38155        0.9760      56.6578
A24 lstm_h64_l1_w48 tier3     24.0000               24        71            18       35504        0.9535      56.5920
A24 lstm_h64_l1_w24 tier3     24.0000               24        48            18       38155        0.9760      55.7877
A24     dlinear_w48 tier3     24.0000               24        71            18       35504        0.9535      65.2299
A24     dlinear_w24 tier3     24.0000               24        48            18       38155        0.9760      66.2391
