model,window,horizon_h,seed,n_params,rmse,mae,r2,smape,bias,n,skill_vs_persistence
gru_h32_l1,24,1,42,4929,20.598796368123622,10.824496960722582,0.9519928846777337,19.372591653401507,-2.740853121474055,3951,0.0319745165972003
gru_h32_l1,24,1,1337,4929,20.568229540011796,10.751185128847018,0.9521352557609826,19.465163365253673,-1.0064364646577082,3951,0.033410982496966724
gru_h32_l1,24,1,2024,4929,20.75405933986877,10.65641498612635,0.9512664520834444,19.481496601618804,-0.8217665862064664,3951,0.024678045939781845
gru_h32_l1,24,1,7,4929,19.958126606153257,10.475326013385887,0.9549327074300011,19.501370632446356,-0.9329131535579355,3951,0.06208232702211658
gru_h32_l1,24,1,31415,4929,21.512553245707522,10.94681370268622,0.9476392524337786,19.555226870157284,-1.995249045076355,3951,-0.010966824601968073
gru_h32_l1,24,3,42,4929,41.91452368867701,24.012339232479537,0.8016052769765315,33.73879852040495,-8.486683512802074,3939,0.011492303571298157
gru_h32_l1,24,3,1337,4929,41.11962652967921,23.54893236351068,0.8090589225200921,33.6638410020206,-6.490459751025224,3939,0.03023907415075011
gru_h32_l1,24,3,2024,4929,40.67460734082776,23.22487156233045,0.8131694965363643,33.18074824777072,-6.846827925756285,3939,0.04073435966336958
gru_h32_l1,24,3,7,4929,40.88908858945477,23.233009109187318,0.8111939499651144,33.524150888160015,-6.135332635516997,3939,0.03567605656580353
gru_h32_l1,24,3,31415,4929,40.61034282138389,23.33649665915679,0.8137594020481975,33.61947252835403,-6.2249772522384115,3939,0.042249967297358304
gru_h32_l1,24,6,42,4929,57.0650092661972,34.24922448005817,0.6335269417204259,45.72161845543949,-8.666237437060342,3921,0.053239223428817706
gru_h32_l1,24,6,1337,4929,59.32672441660902,35.304180144282356,0.6039016720299446,46.81455122392616,-10.218012195999108,3921,0.015715297301023168
gru_h32_l1,24,6,2024,4929,56.172390581396265,34.34407709884688,0.6449021178606267,46.25067177553337,-6.106423452539661,3921,0.0680485850686603
gru_h32_l1,24,6,7,4929,59.58532584943715,35.9666510259381,0.6004410110013785,48.00421810724893,-16.594093152820488,3921,0.011424862645616707
gru_h32_l1,24,6,31415,4929,58.59828986476317,35.7121531700408,0.6135688283932317,47.692436465345025,-15.004359706687596,3921,0.027800693778744834
gru_h32_l1,24,12,42,4929,75.46632175632774,47.71758994094722,0.36398159525387663,61.64641937062885,-18.34666091791932,3885,0.032477692079502685
gru_h32_l1,24,12,1337,4929,71.95526295504283,46.796079942135144,0.42178620793991894,60.33144955546158,-14.778532358373157,3885,0.0774915159363534
gru_h32_l1,24,12,2024,4929,81.00985270766412,50.24885911971351,0.2671096515077407,66.00380788574151,-17.219028940268768,3885,-0.038593611453532795
gru_h32_l1,24,12,7,4929,77.6177259243961,47.53238553290174,0.32720129587602476,61.81614031795062,-16.14288467110603,3885,0.0048954344907427005
gru_h32_l1,24,12,31415,4929,76.96344809196208,48.065829046196065,0.3384961889777429,62.68101220448268,-19.619286303680493,3885,0.013283658319933167
gru_h32_l1,24,24,42,4929,93.57155499724499,59.72987063130183,0.03765702916360525,76.44779144664135,-31.449096744357348,3813,0.038237684825725426
gru_h32_l1,24,24,1337,4929,91.05128821964745,59.13159967281845,0.0887986083543385,76.0615072424032,-28.936921888312547,3813,0.06414189910270729
gru_h32_l1,24,24,2024,4929,95.80983661087329,60.4538125586759,-0.008933132313188707,79.6366085020158,-35.98186188767787,3813,0.0152318161426781
gru_h32_l1,24,24,7,4929,91.13682311136758,58.202582256508904,0.08708581279384398,74.70538172559986,-24.432327406605705,3813,0.06326274052196812
gru_h32_l1,24,24,31415,4929,93.39926201994425,60.14604035445015,0.041197683962179044,77.80468993601843,-34.27355977282428,3813,0.04000857441649808
gru_h32_l1,48,1,42,4929,20.153151982113073,10.811469862448599,0.9540476334943453,19.540274972276816,-3.004281635817328,3951,0.05291725104071299
gru_h32_l1,48,1,1337,4929,20.103041057784218,10.606511200352038,0.9542758710132428,19.512655944743962,-0.6841373143945226,3951,0.0552721775558499
gru_h32_l1,48,1,2024,4929,20.609053382572892,10.65469329366841,0.951945063216464,19.477297391275055,-0.3228176790009606,3951,0.03149249564835066
gru_h32_l1,48,1,7,4929,20.78027628082414,10.892948552757783,0.9511432519421753,20.018256431860557,-1.9827330831201704,3951,0.023445999829508235
gru_h32_l1,48,1,31415,4929,21.49107258104257,10.935827180330541,0.947743766492061,19.747193856836823,-1.6187514040206898,3951,-0.009957356358071934
gru_h32_l1,48,3,42,4929,40.59217474290629,23.285449781712572,0.8139260037898522,34.05183054146504,-7.3014736660801685,3939,0.04267844133986021
gru_h32_l1,48,3,1337,4929,41.28861872470364,23.49758131822239,0.8074862497778625,33.7312146342068,-5.9661776637207256,3939,0.026253580085284778
gru_h32_l1,48,3,2024,4929,39.11367292378451,22.22188153814835,0.8272340130374043,32.7840580205937,-2.2822206579818594,3939,0.07754727196862221
gru_h32_l1,48,3,7,4929,40.98991427477693,23.663191577880912,0.8102616733864764,34.32483934064814,-8.143290459185248,3939,0.0332981942601519
gru_h32_l1,48,3,31415,4929,41.50162822007692,23.907029524336682,0.8054947549288447,34.22594226970915,-8.574345206025248,3939,0.021229986660894706
gru_h32_l1,48,6,42,4929,57.77630354462525,34.76973853152617,0.6243341010716195,46.45384695272149,-9.610215503078187,3921,0.04143819978797714
gru_h32_l1,48,6,1337,4929,57.79627143281937,34.834951502790965,0.6240743907595891,46.53112982893268,-8.08971502760249,3921,0.041106914231797576
gru_h32_l1,48,6,2024,4929,58.52389290559174,36.394013388399266,0.6145494390548994,48.62712036064329,-11.960620032909011,3921,0.029035007480703756
gru_h32_l1,48,6,7,4929,58.91653813180111,35.47083464232748,0.6093600022645869,46.57920035158381,-13.457273462371733,3921,0.022520663505942395
gru_h32_l1,48,6,31415,4929,58.50158336038299,35.69405653339883,0.6148432536751596,47.867051357753475,-13.874927128542717,3921,0.02940514327176713
gru_h32_l1,48,12,42,4929,75.11939356210002,47.375094910446364,0.36981586747899653,61.10670596867575,-18.446103151132874,3885,0.03692551409268774
gru_h32_l1,48,12,1337,4929,73.2401776513279,47.241770667820404,0.40095134764220286,60.996292934377095,-16.26138168585617,3885,0.061018159298609764
gru_h32_l1,48,12,2024,4929,77.50126926282319,49.16233206943215,0.329218698755679,63.83381208555517,-14.9963507750604,3885,0.006388476888403938
gru_h32_l1,48,12,7,4929,80.97051931361055,50.563601057096605,0.26782117154113383,65.50827022958504,-23.0670142392538,3885,-0.03808933437592543
gru_h32_l1,48,12,31415,4929,83.72314042075615,51.41393811815395,0.2171936539269107,66.01088891256107,-24.1786041555967,3885,-0.07337954416003845
gru_h32_l1,48,24,42,4929,92.89382369405034,61.902500940068165,0.05154689138598578,78.44746937308115,-23.58275633990999,3813,0.045203652498761904
gru_h32_l1,48,24,1337,4929,92.07969561232753,60.64174778783494,0.06809866278758325,77.11664375723291,-24.296881760623123,3813,0.053571555637158874
gru_h32_l1,48,24,2024,4929,98.70989555619198,64.823296541102,-0.07093612801696936,85.2357292442943,-34.74051431689182,3813,-0.014576039518945816
gru_h32_l1,48,24,7,4929,91.85009391215591,59.29680659610758,0.07274028039031488,75.99205388687523,-22.580294181147327,3813,0.055931485027361894
gru_h32_l1,48,24,31415,4929,96.5702151916777,61.382153471675124,-0.025011135002704243,78.88642899122327,-34.90035416852735,3813,0.007416369832045411
gru_h32_l1,168,1,42,4929,21.255944437182443,11.427768006345003,0.9488809547101126,19.924704608733972,-4.3583633399299355,3951,0.0010923200916659326
gru_h32_l1,168,1,1337,4929,22.8126791882113,12.087305095755019,0.9411190907124484,20.38441943915527,-4.9045428156617366,3951,-0.07206529955579288
gru_h32_l1,168,1,2024,4929,21.668880099346804,11.110237161440722,0.9468755000777791,19.773243551045027,-0.48220997105961527,3951,-0.018313291616768312
gru_h32_l1,168,1,7,4929,22.7270550190186,11.743818046281747,0.94156026356869,20.36591484686624,-4.509637499009652,3951,-0.06804145387605254
gru_h32_l1,168,1,31415,4929,21.368204838321173,10.937669184061477,0.9483395721820127,19.701587849282266,-0.8733165904458887,3951,-0.00418327597410606
gru_h32_l1,168,3,42,4929,40.471411605105814,23.473780238079573,0.8150315101571055,33.84644338528334,-7.777764678821769,3939,0.04552650641742895
gru_h32_l1,168,3,1337,4929,40.75089775540324,23.393234318913223,0.8124679903874295,33.52533795116831,-6.451858271855909,3939,0.03893513458969977
gru_h32_l1,168,3,2024,4929,40.08636195486087,22.825697248390544,0.8185343899491977,33.43019459438538,-3.5470605016405794,3939,0.05460747667016097
gru_h32_l1,168,3,7,4929,41.938889320752814,24.08780350295541,0.8013745494172635,34.28129590336412,-9.174492823472754,3939,0.010917667079799798
gru_h32_l1,168,3,31415,4929,41.43910111956414,23.897314691000783,0.8060804036322645,34.143848135207584,-7.944611463996231,3939,0.022704619190452635
gru_h32_l1,168,6,42,4929,59.01581815102558,35.110695047432465,0.6080423612748018,46.79087316804107,-10.153249048500053,3921,0.02087351704425522
gru_h32_l1,168,6,1337,4929,62.703717633914,38.07441399731596,0.5575248867617247,49.951824894934745,-19.7016233170506,3921,-0.040312113576576936
gru_h32_l1,168,6,2024,4929,57.10763315292903,34.97428393440593,0.6329792737156943,46.9821202821766,-5.149196065434356,3921,0.052532054103488046
gru_h32_l1,168,6,7,4929,59.380149301819856,35.96136512718324,0.6031879621095106,47.750941378008925,-15.263802603202228,3921,0.014828929516966682
gru_h32_l1,168,6,31415,4929,59.41481896902984,36.627338499961446,0.6027244618442561,49.1599797582261,-16.791361244827243,3921,0.01425372797975022
gru_h32_l1,168,12,42,4929,74.31156101320323,46.82830703594842,0.38329696454746853,60.82905483597465,-15.623922939633275,3885,0.047282399043906076
gru_h32_l1,168,12,1337,4929,71.06331855371188,46.410720558787766,0.43603222852291845,60.29180625170129,-15.142978159622034,3885,0.0889267639467034
gru_h32_l1,168,12,2024,4929,78.79885770986753,50.054011736266894,0.3065691466434326,65.00454957276298,-21.593252252935606,3885,-0.010247364633977574
gru_h32_l1,168,12,7,4929,82.65770567186567,50.550684859030774,0.23699038588713983,65.45583900678405,-25.930913931106517,3885,-0.059720048597055486
gru_h32_l1,168,12,31415,4929,75.9901004679438,48.96686161788917,0.3551223065630763,63.45932844891773,-22.738028246398724,3885,0.025762543174555508
gru_h32_l1,168,24,42,4929,88.82681230145188,59.55995253396216,0.13277789556698727,76.4565482714721,-26.141508275832287,3813,0.08700586785043385
gru_h32_l1,168,24,1337,4929,98.13640233364526,62.91575976818219,-0.05852824397322531,78.94995160499052,-27.446944866176235,3813,-0.008681468573004558
gru_h32_l1,168,24,2024,4929,92.2906043734889,60.721521222215934,0.0638247292137063,77.77458458966726,-24.32627697276144,3813,0.05140375904094885
gru_h32_l1,168,24,7,4929,95.92757577500726,61.58782399611127,-0.01141437929175293,77.43576375409847,-23.249152397001115,3813,0.014021650392119556
gru_h32_l1,168,24,31415,4929,96.74046143930197,61.662000523629715,-0.028628360424400423,78.76404911866453,-30.476466583664156,3813,0.005666517269803939
gru_h32_l2,24,1,42,11265,22.9514209913537,11.99502578796533,0.9404007107933046,19.94778864076279,-5.057352561505549,3951,-0.07858536988684084
gru_h32_l2,24,1,1337,11265,21.38088857846307,10.968153822347436,0.9482782247812435,19.290449140065384,-0.7677210504007507,3951,-0.004779339135408733
gru_h32_l2,24,1,2024,11265,21.573197421589388,11.346152799979,0.9473436250333613,19.54040231064577,-4.031665821058212,3951,-0.013816753628134615
gru_h32_l2,24,1,7,11265,22.42415959120994,11.527762950726412,0.9431075976003157,19.699065605653317,0.670073792363147,3951,-0.05380710310696024
gru_h32_l2,24,1,31415,11265,22.64611202122956,11.48167621898296,0.9419757915754532,19.50561984687588,-2.514940791862079,3951,-0.0642375964485351
gru_h32_l2,24,3,42,11265,40.08342473876763,22.9898247441271,0.8185609817453618,33.01551101625995,-1.0901280518180088,3939,0.05467674766404851
gru_h32_l2,24,3,1337,11265,40.37005900830163,22.9798307626988,0.8159567836733195,33.119604129749916,-5.682278668149104,3939,0.047916795347779706
gru_h32_l2,24,3,2024,11265,39.82468379555939,22.384713581447766,0.8208958213625155,32.706173135395964,-5.017238967667618,3939,0.06077886672049537
gru_h32_l2,24,3,7,11265,41.52431221754401,23.77747285985823,0.8052820711149293,33.81067060924495,-7.848455958335921,3939,0.020695009662264452
gru_h32_l2,24,3,31415,11265,39.22253598878686,22.233564234236116,0.8262709734198702,33.0846388503946,-3.898652329362431,3939,0.07497985695012088
gru_h32_l2,24,6,42,11265,58.191135243857275,35.15111306138752,0.6189202005778256,47.64032450946986,-11.64008926894548,3921,0.03455576190245668
gru_h32_l2,24,6,1337,11265,59.792558203598965,36.45228338745869,0.5976569182110414,48.814459985507256,-17.714451258842736,3921,0.007986688060527491
gru_h32_l2,24,6,2024,11265,55.7080710639511,33.81478130681542,0.6507483150165155,45.842688016860855,-9.653813333765232,3921,0.07575207119030258
gru_h32_l2,24,6,7,11265,56.750485895197265,34.41561433213254,0.6375555642956863,47.305293682453424,-11.614655152555363,3921,0.0584574542642603
gru_h32_l2,24,6,31415,11265,57.58259007208973,34.94275089303409,0.6268489573859455,46.67156113550583,-11.435971694232467,3921,0.04465208374328333
gru_h32_l2,24,12,42,11265,73.37024324429959,47.21893867774312,0.398821784197923,61.291326721218844,-16.973865675119292,3885,0.059350642454482294
gru_h32_l2,24,12,1337,11265,73.4452458822819,47.800922408275795,0.39759204863590303,61.762036592465066,-17.940064415778416,3885,0.05838906484327877
gru_h32_l2,24,12,2024,11265,69.39493771802033,45.364008624959986,0.46220235264672915,59.35667767481293,-8.359611234289407,3885,0.11031638038846758
gru_h32_l2,24,12,7,11265,79.86903309691067,49.132134487100956,0.2876061344436981,65.11034031673222,-22.13779189390464,3885,-0.023967637946024523
gru_h32_l2,24,12,31415,11265,73.90040411596252,48.17970846412023,0.3901023724804985,62.397830787373586,-17.397603601157805,3885,0.052553670531341634
gru_h32_l2,24,24,42,11265,90.92400669629967,60.77068157600004,0.09134438314320581,77.72325954000725,-20.938912499957958,3813,0.06545014467560029
gru_h32_l2,24,24,1337,11265,91.62378657616927,59.33707018779873,0.07730395911974863,75.66840475766594,-26.314022117671904,3813,0.058257553749911706
gru_h32_l2,24,24,2024,11265,90.07302450346283,59.191056650465946,0.1082734924360137,75.90033461293152,-22.606362715619596,3813,0.0741968477092192
gru_h32_l2,24,24,7,11265,88.88202765488643,59.63732353130934,0.13169941810585806,75.84582544792866,-18.6347969877875,3813,0.08643834445986986
gru_h32_l2,24,24,31415,11265,91.59201276123261,60.15180046059222,0.0779438036597776,77.77489529884565,-28.530378180754486,3813,0.05858413652195493
gru_h32_l2,48,1,42,11265,21.713847730923405,11.110392625785042,0.9466547815492117,19.113780476413194,-1.1957053489793412,3951,-0.020426512822342202
gru_h32_l2,48,1,1337,11265,22.540963751236,11.437892292189456,0.9425133656190635,19.608430339851594,-2.946750808270101,3951,-0.05929622982349292
gru_h32_l2,48,1,2024,11265,22.300014192634542,11.456389565465004,0.9437357931789321,19.862342207817534,-3.297453724618839,3951,-0.04797298021353957
gru_h32_l2,48,1,7,11265,21.140401695645366,10.949343969076407,0.9494351885246475,19.4217138700543,-0.7965434295595014,3951,0.0065221673619267895
gru_h32_l2,48,1,31415,11265,22.421590762234,11.356798134378751,0.9431206316210716,19.448757546798866,-1.8718199272497464,3951,-0.05368638285385563
gru_h32_l2,48,3,42,11265,40.25511109955977,22.872774624462377,0.8170033644763305,33.36565859055192,-2.634635245730103,3939,0.050627714677883184
gru_h32_l2,48,3,1337,11265,40.45772189932786,23.083456291429858,0.8151566224694077,33.28735244595736,-6.119395370601709,3939,0.04584936299153353
gru_h32_l2,48,3,2024,11265,39.61120411570835,22.47651932616941,0.8228108459003274,33.171562424046165,-3.5867564391386746,3939,0.06581354892591185
gru_h32_l2,48,3,7,11265,41.314740951420944,23.746443914540098,0.8072425759128784,33.90210109782084,-8.916208151592027,3939,0.025637516251428405
gru_h32_l2,48,3,31415,11265,39.70710156082134,22.685886505821895,0.8219518689474367,33.615740351934534,-4.330904000201017,3939,0.06355191371645219
gru_h32_l2,48,6,42,11265,56.71868477706458,34.43242401549211,0.6379616545237763,46.24767435462961,-4.975761462479623,3921,0.05898506394462821
gru_h32_l2,48,6,1337,11265,59.72053729000896,36.346975253135675,0.5986255894149664,48.423324794844255,-17.23439796899003,3921,0.009181580989778837
gru_h32_l2,48,6,2024,11265,56.741817071607734,34.26813000482305,0.6376662850005992,46.26168823425784,-8.230655612497044,3921,0.05860127798844994
gru_h32_l2,48,6,7,11265,57.98141127788416,35.157742516878265,0.6216621146425846,47.679849482132255,-12.919194282555564,3921,0.03803527460986822
gru_h32_l2,48,6,31415,11265,57.48241575623349,35.53341619380775,0.628146142383048,48.42641436499427,-10.478472661674179,3921,0.04631406740528754
gru_h32_l2,48,12,42,11265,72.77195627155928,47.60425749363355,0.4085862503275951,62.19746463243523,-14.650886205336187,3885,0.0670210307706578
gru_h32_l2,48,12,1337,11265,73.92047986063405,48.349716617835526,0.3897709585373176,62.67379255358732,-17.616276404018684,3885,0.052296287762899074
gru_h32_l2,48,12,2024,11265,71.04901024702008,46.471999671110986,0.4362593108385253,60.81235737806649,-10.449204273172137,3885,0.08911020479277498
gru_h32_l2,48,12,7,11265,72.87023151149734,48.03682298151314,0.4069878166384169,62.61074602976002,-13.26729536658783,3885,0.0657610848140584
gru_h32_l2,48,12,31415,11265,75.85270354621272,48.39406553897161,0.35745219183087384,62.91315473445833,-18.499500634354273,3885,0.02752405193396812
gru_h32_l2,48,24,42,11265,89.15609897569362,59.952345964225124,0.1263362823095443,76.51466520634776,-22.10923705851513,3813,0.08362134021076706
gru_h32_l2,48,24,1337,11265,95.12729507437612,60.945859422081995,0.005390780369242454,78.114361577348,-30.998697438759336,3813,0.022247225134902848
gru_h32_l2,48,24,2024,11265,90.81491855135626,62.1845495175515,0.09352343565892007,83.77909234593706,-28.398129559207845,3813,0.06657139211924845
gru_h32_l2,48,24,7,11265,95.52400842901058,62.1064946599553,-0.002922238845890046,79.21024692195043,-26.994248410286843,3813,0.018169661665694448
gru_h32_l2,48,24,31415,11265,87.61644202427543,58.66812224224658,0.1562507277888524,75.21000800962294,-22.459119328879705,3813,0.09944649171341902
gru_h32_l2,168,1,42,11265,21.249567190187985,11.04794965765032,0.9489116237660583,19.404609553361112,-2.4390879096169957,3951,0.0013920141851588852
gru_h32_l2,168,1,1337,11265,22.581579275140655,11.539237303091541,0.9423060139434389,19.76050831385304,-3.132920453785661,3951,-0.06120492688806056
gru_h32_l2,168,1,2024,11265,23.11170364628007,11.602295081492903,0.9395653735516494,19.87030768736609,-2.8671373998730436,3951,-0.08611773691175517
gru_h32_l2,168,1,7,11265,21.419427879659164,11.249819171577574,0.9480915985277574,19.50982519892944,-2.886421155904079,3951,-0.006590465620841979
gru_h32_l2,168,1,31415,11265,24.682344605716587,12.720999612039392,0.9310721479835338,20.52551006841223,-5.321786448848248,3951,-0.15992886872932122
gru_h32_l2,168,3,42,11265,40.20595143418583,23.070840339342837,0.8174500436739438,33.5116896417639,-0.1185518486202963,3939,0.05178709103002643
gru_h32_l2,168,3,1337,11265,41.45718055646015,23.717301151601315,0.8059111566256214,33.597691198838284,-7.96480328182824,3939,0.022278235661641888
gru_h32_l2,168,3,2024,11265,40.05803197375058,22.822733058650744,0.8187907914009784,33.36662391676221,-5.098860613764754,3939,0.0552756079502682
gru_h32_l2,168,3,7,11265,41.11930473906452,23.495508295077386,0.809061911010575,33.60073561625214,-8.670075289312221,3939,0.03024666322659475
gru_h32_l2,168,3,31415,11265,39.86629619280894,22.713776099042434,0.8205213376364968,33.48744957039777,-5.340670146725313,3939,0.059797484342073215
gru_h32_l2,168,6,42,11265,57.145311234741285,34.795023314233106,0.6324948131254182,46.85785249667506,-9.330940065504448,3921,0.051906940212243735
gru_h32_l2,168,6,1337,11265,60.23459270318643,36.645874979054355,0.5916860438657301,48.701621591141574,-17.3458417094684,3921,0.0006529307987270805
gru_h32_l2,168,6,2024,11265,56.29928411648033,33.96462654690025,0.6432959722083686,45.817940745428494,-5.809215117785909,3921,0.06594330508425461
gru_h32_l2,168,6,7,11265,56.88644976180582,34.265207897392266,0.6358167816820233,46.97703314459471,-12.137445502758547,3921,0.05620168917123358
gru_h32_l2,168,6,31415,11265,57.64998591662108,35.26682375413276,0.6259749589438378,48.25706460885464,-11.308675402373304,3921,0.04353392494638353
gru_h32_l2,168,12,42,11265,73.67710068601679,47.29078779796562,0.39378263564125493,61.732620818136354,-15.556227891829057,3885,0.05541655088484898
gru_h32_l2,168,12,1337,11265,74.11507863719358,48.36451775962485,0.38655382217479295,62.50889091758678,-17.927242894916347,3885,0.04980141782577252
gru_h32_l2,168,12,2024,11265,77.31589873295259,49.764430929900705,0.33242366254847344,66.70184934071382,-19.057197560998723,3885,0.008765035314822867
gru_h32_l2,168,12,7,11265,73.26350051526386,48.041722241619,0.40056976050710624,62.49573940756877,-14.187938757189311,3885,0.06071914656528088
gru_h32_l2,168,12,31415,11265,75.36313931021616,47.8354877330011,0.36571961743998005,62.61008664372271,-18.21305289577686,3885,0.03380055128444859
gru_h32_l2,168,24,42,11265,88.4784872454674,59.22576169724315,0.13956600159342358,75.4351774522821,-23.53288906776728,3813,0.09058607886954861
gru_h32_l2,168,24,1337,11265,93.42679596252668,60.01784198698038,0.040632294073088104,77.1832570773883,-28.202345592054602,3813,0.039725570587345715
gru_h32_l2,168,24,2024,11265,100.96595310749812,66.18372739474188,-0.12044897490238315,87.21039246356396,-36.20576221543081,3813,-0.0377646157243372
gru_h32_l2,168,24,7,11265,97.44083703817756,61.40531324983263,-0.043576274496608836,78.49761623376915,-31.341547136681122,3813,-0.0015321966714787472
gru_h32_l2,168,24,31415,11265,88.59210482482527,58.66402029806244,0.13735477037722865,75.55688818646696,-23.0475105139802,3813,0.08941827625933296
gru_h64_l1,24,1,42,16001,20.854082182891517,10.932852517625937,0.9507955838041922,19.44108413521997,-2.2353190098977094,3951,0.019977545034872146
gru_h64_l1,24,1,1337,16001,20.087662775460448,10.585953556803407,0.9543457996985508,19.58395015109555,-1.3281143820842272,3951,0.05599486877111959
gru_h64_l1,24,1,2024,16001,22.649417329263965,12.085391148275543,0.9419588525195752,19.85091579912982,-5.386596467721366,3951,-0.0643929270004091
gru_h64_l1,24,1,7,16001,20.694562670327866,10.823340497024699,0.9515454652348523,19.283101530553544,-2.1603841260155088,3951,0.02747404873838799
gru_h64_l1,24,1,31415,16001,20.587177790411776,10.77736875224141,0.952047025423256,19.134801715186004,-2.6587370586671097,3951,0.032520523223265485
gru_h64_l1,24,3,42,16001,39.76952213172338,22.641098356740095,0.8213916365864352,32.73440244940758,-4.152027011473566,3939,0.06207979356997406
gru_h64_l1,24,3,1337,16001,40.729527858310306,23.301856416324135,0.8126646235506038,33.87673384371694,-4.010833830197587,3939,0.03943911998400251
gru_h64_l1,24,3,2024,16001,40.086004464883715,23.07049478176494,0.818537626553587,33.34735178804541,-7.064602719832385,3939,0.054615907675996445
gru_h64_l1,24,3,7,16001,41.44930699894972,23.860001258543438,0.8059848724227285,33.67546978465658,-9.09904231806495,3939,0.022463924809755342
gru_h64_l1,24,3,31415,16001,39.7232983638022,23.308135728200643,0.8218065851795678,34.4116354114541,-8.520873936423156,3939,0.0631699300269073
gru_h64_l1,24,6,42,16001,57.00788830877356,34.60804242812183,0.6342602392461836,46.22417737595115,-10.165291805133174,3921,0.0541869124365707
gru_h64_l1,24,6,1337,16001,55.39247462949486,33.80696359278309,0.6546942556614063,46.183468422464045,-9.28683556815561,3921,0.08098810513143573
gru_h64_l1,24,6,2024,16001,55.17415001186325,33.40113668330854,0.6574108765025699,45.257399115582345,-6.715118439286597,3921,0.08461031052825418
gru_h64_l1,24,6,7,16001,61.096838163921724,36.6008556356286,0.5799125190315494,49.014717727805,-15.202287181135832,3921,-0.013652511231303066
gru_h64_l1,24,6,31415,16001,54.76993536307832,33.416359835843124,0.6624122142871455,45.79955342609073,-7.879108388505569,3921,0.091316601821398
gru_h64_l1,24,12,42,16001,72.16499297899388,45.902742107683316,0.41841062371588456,60.28870199737363,-17.15726051390796,3885,0.07480265457288926
gru_h64_l1,24,12,1337,16001,72.36038204635351,45.480559753014575,0.41525701590733066,60.32121225341315,-11.10416668955064,3885,0.0722976526462733
gru_h64_l1,24,12,2024,16001,70.80458704974508,45.334808550661506,0.44013140662148587,59.94386141564887,-11.675861163682992,3885,0.09224385289477721
gru_h64_l1,24,12,7,16001,71.8695956885914,45.97286679313687,0.4231621881334149,59.76369991615219,-14.253910786895188,3885,0.07858982031135586
gru_h64_l1,24,12,31415,16001,79.26886622102677,48.8777871365017,0.2982723157260775,63.870526489655454,-22.95590852717713,3885,-0.016273148173917118
gru_h64_l1,24,24,42,16001,88.84213050218463,58.324746762002896,0.1324787645417963,74.35931119955058,-20.978584299278808,3813,0.08684842183811237
gru_h64_l1,24,24,1337,16001,89.94443525122757,58.78963237318411,0.11081775240488423,75.40589653639145,-25.736743659850646,3813,0.07551853459301583
gru_h64_l1,24,24,2024,16001,86.59357997797653,58.201152393768396,0.17583612504101265,74.54393242644491,-21.128888853411024,3813,0.1099598381014456
gru_h64_l1,24,24,7,16001,87.87463788376094,58.56073708824752,0.15127053098856225,75.0170915639059,-14.521644753735165,3813,0.09679266120269903
gru_h64_l1,24,24,31415,16001,85.17768435987844,57.45735025594163,0.20256766232529677,74.63201038706596,-21.233229231479807,3813,0.12451292581861806
gru_h64_l1,48,1,42,16001,22.3064972522107,12.174047881701165,0.943703074165949,20.462398239955483,-6.177512603311429,3951,-0.04827764689250391
gru_h64_l1,48,1,1337,16001,20.105848623680863,10.704655465981926,0.9542630985705989,19.75950556399563,-1.9211006767018604,3951,0.05514023803444701
gru_h64_l1,48,1,2024,16001,22.344648506137446,11.847915294804332,0.9435103379420625,19.929289880814878,-4.5346600837158615,3951,-0.050070537378183566
gru_h64_l1,48,1,7,16001,20.29366733967681,10.658741413555601,0.9534046051900025,19.49872034083064,-1.6691782189458164,3951,0.046313833806993165
gru_h64_l1,48,1,31415,16001,20.483574486793486,10.859417108718523,0.9525284499184822,19.369656559996375,-3.279215325410495,3951,0.03738928527493668
gru_h64_l1,48,3,42,16001,39.675241156830666,22.529340837496488,0.8222374808063673,32.70323804130887,-4.363691636457497,3939,0.06430330611661483
gru_h64_l1,48,3,1337,16001,41.08139141938799,23.770517755066415,0.8094138507873936,34.13688224750644,-6.33580772619424,3939,0.031140806950516686
gru_h64_l1,48,3,2024,16001,40.305926487931934,23.46552677779226,0.816541067187844,33.88528909513774,-7.395707493441344,3939,0.049429289929554976
gru_h64_l1,48,3,7,16001,41.86600602493618,24.310320341112835,0.8020643101032349,34.33280730700459,-10.711702689126378,3939,0.012636539024783788
gru_h64_l1,48,3,31415,16001,40.47646530730023,23.92448275947514,0.8149853129038303,34.67410316542562,-10.596463389651035,3939,0.04540732043903761
gru_h64_l1,48,6,42,16001,55.614724456225765,34.05828377766952,0.6519177737781298,45.69192548921277,-7.282651383105348,3921,0.07730077692007942
gru_h64_l1,48,6,1337,16001,56.352092442565144,34.55387278785213,0.6426264867124194,46.899660115237666,-11.00493502881808,3921,0.06506716658088108
gru_h64_l1,48,6,2024,16001,54.91154774799527,33.848709352075346,0.6606642328373986,45.90017159102476,-5.695237782918933,3921,0.0889671226354638
gru_h64_l1,48,6,7,16001,60.59454965854547,36.96326557281513,0.5867913613107119,49.115625592570055,-13.419769693154045,3921,-0.0053190848194284435
gru_h64_l1,48,6,31415,16001,57.13603978811169,35.19070598244495,0.6326140539956253,47.488753413749635,-14.228456763320871,3921,0.05206076200468457
gru_h64_l1,48,12,42,16001,75.26727331000707,47.37207188034182,0.3673322691853115,62.410600610854196,-16.751306503611925,3885,0.035029609381024285
gru_h64_l1,48,12,1337,16001,72.22749943354232,46.91761730632364,0.41740268808905145,60.54152307943232,-13.02161468633886,3885,0.07400128532953443
gru_h64_l1,48,12,2024,16001,75.5987478734326,48.044169920474545,0.3617475034371618,62.76783004183586,-18.509797514470282,3885,0.03077991193773366
gru_h64_l1,48,12,7,16001,81.03965499447702,51.10113295831045,0.2665703140007153,66.78926199437191,-26.62365487750283,3885,-0.03897569417132618
gru_h64_l1,48,12,31415,16001,78.09004003345768,49.27772163913295,0.31898824505597556,65.42453144873319,-22.147709211161775,3885,-0.0011599081604891648
gru_h64_l1,48,24,42,16001,101.68083827224842,66.99468587014516,-0.13637172948493248,85.5875006620929,-27.057418492237737,3813,-0.045112464236144456
gru_h64_l1,48,24,1337,16001,92.83649785068145,59.561225920135605,0.052717132759217966,76.43964800681216,-28.087471696984302,3813,0.045792868268868636
gru_h64_l1,48,24,2024,16001,89.22122516298029,58.54117663910748,0.1250594393577782,74.83570359506838,-22.704085115720513,3813,0.08295194968214814
gru_h64_l1,48,24,7,16001,87.41380243899616,57.88967261903849,0.1601490665156412,74.23352750340884,-13.801285443136027,3813,0.10152929472647021
gru_h64_l1,48,24,31415,16001,87.04446230936361,58.25256405218941,0.1672311367704924,74.55767887050948,-18.02563478162114,3813,0.10532550627999859
gru_h64_l1,168,1,42,16001,22.93455974771816,12.509716406308659,0.9404882477702119,20.739675255974007,-6.510479381866282,3951,-0.07779298798115208
gru_h64_l1,168,1,1337,16001,20.5964995732243,10.930695658230736,0.9520035898032586,19.791860962832356,-2.7243868681023407,3951,0.03208245280633415
gru_h64_l1,168,1,2024,16001,23.044976851584924,12.438788257018896,0.9399138366172648,20.286694320367392,-5.891957066337435,3951,-0.08298195962961041
gru_h64_l1,168,1,7,16001,19.95829346808908,10.453768243002772,0.9549319538475367,19.139633557935504,0.17357229872636695,3951,0.06207448546656147
gru_h64_l1,168,1,31415,16001,21.338033385955484,11.18620761439969,0.948485356045869,19.564666668109,-3.322572852382901,3951,-0.002765390470540474
gru_h64_l1,168,3,42,16001,40.211369965928455,22.968684863641716,0.8174008360640532,33.06478405822545,-5.0081957994009105,3939,0.051659300950131604
gru_h64_l1,168,3,1337,16001,40.38333778721877,23.04437287042748,0.815835690409281,33.29450933331172,-5.28225830069145,3939,0.04760363002932677
gru_h64_l1,168,3,2024,16001,39.348465610767526,22.61898466022069,0.8251536182698347,33.2185497309794,-1.8793450412112793,3939,0.07200994605572908
gru_h64_l1,168,3,7,16001,41.57148195103769,24.07021004930002,0.8048394383980946,33.94376865926397,-9.302868687378572,3939,0.01958256365325506
gru_h64_l1,168,3,31415,16001,40.33729987363873,23.260658860836735,0.8162553539720414,33.48914304668987,-6.341424481685002,3939,0.048689383317122914
gru_h64_l1,168,6,42,16001,58.68503870519262,35.588390055322314,0.6124238369805932,47.489533248276196,-11.36516302608527,3921,0.026361451052111518
gru_h64_l1,168,6,1337,16001,56.23787908362731,34.16261182057561,0.6440736544817195,46.43744599869407,-8.415641592977147,3921,0.06696207082769134
gru_h64_l1,168,6,2024,16001,55.46416749931162,34.001191731666125,0.6537998388511403,46.199582162454995,-7.60433617343221,3921,0.07979865474887815
gru_h64_l1,168,6,7,16001,55.96965933131336,33.842860424961074,0.6474606534187854,45.95561054552792,-6.815225607832112,3921,0.07141208221396678
gru_h64_l1,168,6,31415,16001,58.2005152530811,35.520200682623006,0.6187973358111027,47.63210979644884,-14.120896559115506,3921,0.0344001389571319
gru_h64_l1,168,12,42,16001,72.21170240244786,46.94972645274969,0.417657502432242,62.094234458990336,-19.891828536929644,3885,0.07420381249167918
gru_h64_l1,168,12,1337,16001,71.44569155059902,46.19410136224908,0.42994677632019285,59.79045008695161,-10.626972574977675,3885,0.08402451886804085
gru_h64_l1,168,12,2024,16001,77.20196255354104,49.01365959565156,0.33438975374256086,64.45716000327117,-23.908237962420774,3885,0.010225763659525433
gru_h64_l1,168,12,7,16001,70.71916401539471,46.19329135283136,0.4414815119225518,60.46996099432772,-9.677426793022475,3885,0.0933390260716429
gru_h64_l1,168,12,31415,16001,78.06727025037274,49.8843247228314,0.31938533101500044,64.80931699829465,-26.03502668781454,3885,-0.0008679862466012267
gru_h64_l1,168,24,42,16001,91.11726649835083,60.18855479355373,0.0874775664959776,77.35184210378691,-28.899885961124564,3813,0.06346375047005015
gru_h64_l1,168,24,1337,16001,88.59826669798503,58.55600098943313,0.1372347665607948,75.12589407343808,-23.689795460238148,3813,0.08935494229639829
gru_h64_l1,168,24,2024,16001,94.13873725077289,60.94620335071216,0.025955222872308115,78.60401945200462,-29.580479917301176,3813,0.032407980303931216
gru_h64_l1,168,24,7,16001,89.48113959194617,58.247141273156075,0.11995435557209244,74.68364169856898,-21.76023234646082,3813,0.08028045509218662
gru_h64_l1,168,24,31415,16001,89.11085983041417,59.379420612884054,0.12722267758297545,76.73648055513672,-26.385382067005562,3813,0.08408632452252451
gru_h64_l2,24,1,42,40961,20.70611758205783,10.905942881167489,0.9514913404689285,19.62653157544393,-1.7891201911233294,3951,0.026931034048928604
gru_h64_l2,24,1,1337,40961,21.117381121251945,11.094201542539604,0.9495452523959542,19.501901661036722,-1.8221965063143277,3951,0.007604002545747779
gru_h64_l2,24,1,2024,40961,22.996746065128658,11.570196869466622,0.9401650818514389,19.741605411008944,-2.2282051989553366,3951,-0.08071538882907214
gru_h64_l2,24,1,7,40961,23.261937076129204,11.66726410157904,0.9387771313237074,19.53647258565153,-2.223303221968963,3951,-0.09317784789853212
gru_h64_l2,24,1,31415,40961,22.592653036098483,11.51084197237956,0.9422494150621368,19.382186694278815,-2.0821865321806254,3951,-0.06172533024623328
gru_h64_l2,24,3,42,40961,40.42945378290381,23.33539348362075,0.8154148351633849,34.64851930728625,-6.185965694965932,3939,0.04651603526141934
gru_h64_l2,24,3,1337,40961,40.9805157637969,23.367075329051193,0.8103486729978402,33.270226794065294,-5.318972406980157,3939,0.033519847749709175
gru_h64_l2,24,3,2024,40961,40.08115941948751,22.935314333841546,0.818581489259106,33.67464634943227,-4.5771263569933005,3939,0.05473017271451308
gru_h64_l2,24,3,7,40961,39.94865331969646,22.751469078568114,0.8197790256445038,32.99763060994589,-4.861971211528049,3939,0.057855182566470154
gru_h64_l2,24,3,31415,40961,43.38777131469481,24.60977210509758,0.7874134760142091,34.424506248948624,-12.00733196049305,3939,-0.023252612722652888
gru_h64_l2,24,6,42,40961,57.041417593742544,34.45467635372226,0.6338298918231675,46.22891770332248,-12.92726230960174,3921,0.053630630885348474
gru_h64_l2,24,6,1337,40961,55.465703817604194,33.64713722948927,0.6537806595852933,46.11351940455163,-8.650250869787817,3921,0.07977316582110194
gru_h64_l2,24,6,2024,40961,55.905791561050385,34.07662530421713,0.648264769636671,46.54202358606646,-6.901701286589459,3921,0.07247170702695804
gru_h64_l2,24,6,7,40961,58.93742989188605,35.767494889885555,0.6090829118468133,48.20310235887698,-13.019736355702749,3921,0.02217405006880635
gru_h64_l2,24,6,31415,40961,58.334395586072944,35.82732204336685,0.6170415355862185,48.278092981614726,-14.733283335358001,3921,0.03217894159537049
gru_h64_l2,24,12,42,40961,71.08793864881336,46.135789426747216,0.435641384253619,60.715366316539345,-14.370005699882634,3885,0.08861111995240989
gru_h64_l2,24,12,1337,40961,72.23885476397648,46.07293356347575,0.4172194862593569,61.66153970638393,-12.824719769350349,3885,0.07385570336325908
gru_h64_l2,24,12,2024,40961,73.52875795537517,47.98794132270642,0.3962213148816669,62.24280447232897,-17.42518067819619,3885,0.05731839130549432
gru_h64_l2,24,12,7,40961,69.32640118804275,45.28552580783674,0.46326411837110104,59.34892523840839,-4.751610682895298,3885,0.11119505871964264
gru_h64_l2,24,12,31415,40961,70.24130021113181,45.534918839910226,0.4490040565853054,59.70227360512727,-8.458210588100957,3885,0.09946551905569156
gru_h64_l2,24,24,42,40961,82.85597452336643,56.98903040302956,0.24544683629607467,72.06321863133424,-11.460055193626713,3813,0.14837629997748958
gru_h64_l2,24,24,1337,40961,87.83865964139898,58.90856000666064,0.15196537410104405,76.35308948062197,-25.117381396195228,3813,0.09716245860182271
gru_h64_l2,24,24,2024,40961,89.10949436517294,60.27762260047539,0.1272494248945527,78.13935281504536,-27.66075065224055,3813,0.08410035926857251
gru_h64_l2,24,24,7,40961,89.34048655746145,58.97163484893216,0.12271882206924101,75.28738620980148,-21.813344631309874,3813,0.08172613789703365
gru_h64_l2,24,24,31415,40961,92.40458203685832,58.47839856100848,0.06151097346302947,73.83383779360824,-25.37459054449949,3813,0.050232255356912114
gru_h64_l2,48,1,42,40961,23.849514494472288,12.92855925169064,0.9356451908129065,20.954318096014234,-7.564668196992506,3951,-0.1207906221724857
gru_h64_l2,48,1,1337,40961,22.084074785407857,11.80246371435515,0.9448201722746771,19.940111367313705,-4.681057616166689,3951,-0.03782506451348411
gru_h64_l2,48,1,2024,40961,23.115974317478898,11.526176050428909,0.9395430367937393,19.688468150707426,-1.5896089843381713,3951,-0.08631843400481931
gru_h64_l2,48,1,7,40961,23.597677527117675,12.407343035081071,0.9369971136934674,20.031846067966367,-6.131086360310082,3951,-0.10895572669095177
gru_h64_l2,48,1,31415,40961,22.231798487633426,11.343391729505052,0.9440794909117679,19.246495775796333,-3.4965022404701043,3951,-0.04476723267231164
gru_h64_l2,48,3,42,40961,44.728374723968,25.85931351072182,0.7740734443794559,35.80685892659364,-12.884471220453813,3939,-0.05486926182901275
gru_h64_l2,48,3,1337,40961,40.41240606264782,22.812357553886304,0.815570468867001,32.912453433406135,-3.3670710474332273,3939,0.04691808689404153
gru_h64_l2,48,3,2024,40961,40.495402040768596,22.92632887094579,0.8148121558182821,33.47075106608416,-2.222122871851583,3939,0.04496071851847816
gru_h64_l2,48,3,7,40961,40.00490027311678,22.912866988920754,0.8192711728797263,33.34530018547432,-4.320724262193685,3939,0.0565286603621471
gru_h64_l2,48,3,31415,40961,42.81206101949205,24.271604511910397,0.7930176481036644,34.372988948691024,-10.950560365217317,3939,-0.009675121971519651
gru_h64_l2,48,6,42,40961,57.2885073458481,34.626820816534355,0.6306506986275171,46.28721683160929,-12.747181217430924,3921,0.04953118555809055
gru_h64_l2,48,6,1337,40961,57.11051019851463,34.56593995697828,0.6329422922510195,46.922113532184454,-12.273743729926942,3921,0.05248432128178382
gru_h64_l2,48,6,2024,40961,56.896193873358214,34.946258114862324,0.6356920087055382,47.205432969016734,-7.5816302083088996,3921,0.05604002543475173
gru_h64_l2,48,6,7,40961,57.59682231181425,35.01373189196528,0.6266644769241698,47.74719193442559,-10.824033444924998,3921,0.044415957849198606
gru_h64_l2,48,6,31415,40961,56.916068766380626,34.96771825470305,0.6354374452103074,47.778205619082065,-11.841770739847227,3921,0.055710282753656415
gru_h64_l2,48,12,42,40961,72.32800533598333,46.711531282909874,0.41578017010445223,61.789391005055315,-15.703044271199062,3885,0.07271274097721603
gru_h64_l2,48,12,1337,40961,70.45389871726685,45.886096394644724,0.4456636232901191,60.59112329733307,-11.197348702587723,3885,0.09673988207578976
gru_h64_l2,48,12,2024,40961,74.75685108454876,48.64130443625537,0.3758839994650447,62.60192016130618,-17.7078133799739,3885,0.04157352033489203
gru_h64_l2,48,12,7,40961,69.77725311590761,45.770881617348856,0.4562602852823272,60.17972283728565,-3.551190262784236,3885,0.10541487376261394
gru_h64_l2,48,12,31415,40961,69.72157123813037,46.08820295144476,0.45712774184627925,61.83889307668618,-6.389016069595394,3885,0.10612874794705263
gru_h64_l2,48,24,42,40961,86.18033686003227,57.493663622924686,0.18368352871657012,73.49488797917155,-15.759953148248256,3813,0.11420730046172822
gru_h64_l2,48,24,1337,40961,89.3927938491213,58.939211120762636,0.12169125578702689,76.71113350174636,-27.6880340424036,3813,0.08118850461810867
gru_h64_l2,48,24,2024,40961,93.55871507505724,62.821821860991,0.0379211171353917,81.78548282969304,-26.629212583751226,3813,0.03836965819402438
gru_h64_l2,48,24,7,40961,90.73200384626183,59.399652657512036,0.09517791990609648,76.77473213612141,-24.02150629356653,3813,0.06742361947334075
gru_h64_l2,48,24,31415,40961,89.49400000337862,59.8804602036635,0.11970137349289123,76.35340202122954,-16.47845295040916,3813,0.0801482711280137
gru_h64_l2,168,1,42,40961,23.57217165038383,12.923620032959118,0.937133235174609,20.955541935539642,-7.259757826604165,3951,-0.1077570965276331
gru_h64_l2,168,1,1337,40961,22.347252245116625,11.944474420844768,0.9434971721136024,20.12293376611422,-4.819165272457733,3951,-0.050192898201550484
gru_h64_l2,168,1,2024,40961,22.838715081420723,11.639424205069314,0.9409846135769476,20.091303603208196,-2.978374194479836,3951,-0.07328883745866177
gru_h64_l2,168,1,7,40961,21.893554029050453,11.180876125477921,0.9457681454061859,19.47654881481626,-0.9829020652582102,3951,-0.028871679860556165
gru_h64_l2,168,1,31415,40961,21.315012184958295,11.169904159380001,0.9485964524354142,19.460909730782387,-0.3669451160636829,3951,-0.0016835258399301445
gru_h64_l2,168,3,42,40961,40.815908339808615,23.079601389424862,0.8118691672490329,33.40620579708111,-2.4479040888334276,3939,0.03740193183851581
gru_h64_l2,168,3,1337,40961,40.50449839098145,23.052930477376947,0.8147289501901578,33.196353354157864,-2.8652820798768874,3939,0.044746191156516346
gru_h64_l2,168,3,2024,40961,40.37278118467523,23.12489027002911,0.8159319625559464,33.932214655806426,-4.917364786618452,3939,0.047852595827910904
gru_h64_l2,168,3,7,40961,40.64326186414261,22.940489204226555,0.8134573436737891,33.1532551927992,-1.9143634002432348,3939,0.04147360807238509
gru_h64_l2,168,3,31415,40961,41.94613166564671,23.481044428477915,0.8013059430116951,33.73671713870738,-5.131270452291312,3939,0.01074686438331729
gru_h64_l2,168,6,42,40961,57.26085808069621,34.395222468896485,0.6310071321554394,46.336209246613286,-11.538200228190963,3921,0.04998991219431559
gru_h64_l2,168,6,1337,40961,56.56874884604545,34.09356395325132,0.6398732224169934,46.36644371890682,-10.262849615683805,3921,0.06147263838495487
gru_h64_l2,168,6,2024,40961,56.38704258387751,34.64094533094721,0.6421830558639552,46.95060763113878,-5.894334718324126,3921,0.06448731172138544
gru_h64_l2,168,6,7,40961,57.380571116088596,34.517844839578565,0.6294626414377252,47.72900635625351,-9.627544820302221,3921,0.04800376327729561
gru_h64_l2,168,6,31415,40961,57.91023030985768,35.11240989665146,0.6225904786033574,47.800296240297634,-14.141238366056605,3921,0.03921623207281144
gru_h64_l2,168,12,42,40961,71.3246725223319,46.31577998260447,0.43187632191705316,61.726442479616374,-13.822460277314041,3885,0.08557605347058017
gru_h64_l2,168,12,1337,40961,70.84496730556742,46.15712340131646,0.43949263208437417,60.43991259428956,-12.532176318441088,3885,0.09172615443805643
gru_h64_l2,168,12,2024,40961,73.05224224301391,47.946042270116585,0.4040217391279737,62.28197109613497,-15.568010211858871,3885,0.06342760096424505
gru_h64_l2,168,12,7,40961,69.02045560986016,45.77918220801123,0.46799102250694735,60.1850426693559,-7.2123467665599845,3885,0.11511745966634668
gru_h64_l2,168,12,31415,40961,74.47571613990573,48.173971966971465,0.3805693464443196,62.70218274804263,-19.644501451325958,3885,0.04517783447327539
gru_h64_l2,168,24,42,40961,89.54525289739213,58.122359909298865,0.11869279701582514,72.95058198180448,-13.709439700925946,3813,0.07962147532978991
gru_h64_l2,168,24,1337,40961,85.66122274641768,59.0907611082211,0.1934882042738807,75.63104401537727,-16.622275862485747,3813,0.11954294324082182
gru_h64_l2,168,24,2024,40961,99.59265165720376,63.92197684331165,-0.09017639993606896,82.86907248541928,-33.11071267078487,3813,-0.023649326282944694
gru_h64_l2,168,24,7,40961,90.90552909574645,59.350108459263225,0.0917136600839703,76.58224474076323,-21.92115130566664,3813,0.06564006414297974
gru_h64_l2,168,24,31415,40961,94.29296073302714,60.17343099845952,0.022761136531731063,76.67252978627978,-29.814062911461928,3813,0.030822815524405467
gru_h128_l1,24,1,42,56577,22.183882472957507,12.514560907422908,0.9443202811830864,20.803489766531506,-6.850493667047815,3951,-0.042515454343109216
gru_h128_l1,24,1,1337,56577,20.469223646140215,10.753331423437738,0.9525949439775355,19.620400447868327,-2.70586929337271,3951,0.038063692614683786
gru_h128_l1,24,1,2024,56577,19.68663033785704,10.31538893910191,0.956150495025948,19.12006761938456,0.9340842384161195,3951,0.07484109708142961
gru_h128_l1,24,1,7,56577,20.285218935325346,10.934583444591313,0.9534433931319326,19.810039465364564,-3.454471959323668,3951,0.04671086043710071
gru_h128_l1,24,1,31415,56577,22.590445012502567,12.592892682128475,0.9422607026628351,20.188534722135444,-6.7615244032566,3951,-0.06162156578006717
gru_h128_l1,24,3,42,56577,40.188155978826295,23.130658316676993,0.81761160386911,33.213864481672545,-6.479776556962251,3939,0.052206777168297025
gru_h128_l1,24,3,1337,56577,39.969799476875465,22.995391732459584,0.8195881811792358,33.39119123506302,-8.362468536277213,3939,0.05735647383064879
gru_h128_l1,24,3,2024,56577,38.759768295399965,22.077539846233982,0.8303462786545941,32.44287523215992,-1.6137056801982286,3939,0.0858937213177382
gru_h128_l1,24,3,7,56577,40.71344180176731,23.600865838650222,0.8128125698947265,34.12728333244131,-6.271974818673123,3939,0.039818491841262516
gru_h128_l1,24,3,31415,56577,39.286472058200545,22.354322501774107,0.8257041256141977,33.07131949563617,-3.453456772773255,3939,0.07347199544692784
gru_h128_l1,24,6,42,56577,58.57190937562176,35.883762045736354,0.6139166866213785,48.03674266784351,-13.675323036867882,3921,0.028238370258728218
gru_h128_l1,24,6,1337,56577,56.427332678606746,34.13738929260112,0.6416715330601482,46.28567577433635,-11.385406998074469,3921,0.06381886214318522
gru_h128_l1,24,6,2024,56577,55.4761665528725,33.89373782148065,0.6536500295667853,46.67489973027105,-9.95906329231631,3921,0.07959957945889751
gru_h128_l1,24,6,7,56577,57.52628352407325,35.014845124945644,0.627578364467178,46.55247539447593,-13.483994155262698,3921,0.04558626095295404
gru_h128_l1,24,6,31415,56577,56.76809561773438,34.95132297745396,0.6373305957830184,46.79710648050107,-12.041177785547537,3921,0.058165292836463656
gru_h128_l1,24,12,42,56577,69.77647845518945,45.16271544333089,0.45627235831303403,59.59086746019005,-13.23275125054145,3885,0.10542480536532695
gru_h128_l1,24,12,1337,56577,70.31509551380799,45.232260885108964,0.4478456989976004,59.96173809845852,-10.412114054409393,3885,0.09851942018804727
gru_h128_l1,24,12,2024,56577,72.3007352240243,47.29236258143962,0.41622062844953334,61.71163109688709,-20.205777390097847,3885,0.07306235973490571
gru_h128_l1,24,12,7,56577,71.24545970366255,45.95573282570288,0.43313753171810865,60.37328139975815,-10.247336157062128,3885,0.08659160805641664
gru_h128_l1,24,12,31415,56577,76.09387029793712,47.72507619132933,0.3533598522591429,62.01553001571065,-19.934643451878326,3885,0.024432153365286258
gru_h128_l1,24,24,42,56577,87.77170313947529,58.175632534037035,0.15325773878395832,74.25113114409653,-18.12343843068384,3813,0.09785066176685497
gru_h128_l1,24,24,1337,56577,91.4756878987612,59.09607295196777,0.08028439966526424,75.7765370475812,-28.880656429338185,3813,0.059779765568048426
gru_h128_l1,24,24,2024,56577,82.62755923443596,56.83419777764831,0.24960136860968618,74.21251621473553,-19.683849100819547,3813,0.1507240350034751
gru_h128_l1,24,24,7,56577,92.7823059666635,60.49577766217738,0.05382273371227275,78.1936300605685,-24.638968032575516,3813,0.046349872070272746
gru_h128_l1,24,24,31415,56577,86.25008825743352,57.412387829870276,0.18236159707905275,73.91259041150829,-15.427474278826873,3813,0.11349037034922516
gru_h128_l1,48,1,42,56577,21.768075647646324,12.02459334999208,0.9463880013522958,20.325545982388213,-5.993147643867905,3951,-0.022974914406663105
gru_h128_l1,48,1,1337,56577,21.504574673169422,11.450993805252029,0.9476780843239505,19.990135001497727,4.389672265692233,3951,-0.01059187737689582
gru_h128_l1,48,1,2024,56577,20.010406881576863,10.396384477281398,0.954696290810907,19.19334778943492,1.3069429631353926,3951,0.05962545342693493
gru_h128_l1,48,1,7,56577,20.308789431426412,10.697795741922896,0.9533351369808344,19.629616735937006,-1.89928047335603,3951,0.045603182081797033
gru_h128_l1,48,1,31415,56577,20.046378456900513,10.553691064823235,0.9545332645857869,19.505494865590308,0.33707365074036233,3951,0.057934995355058305
gru_h128_l1,48,3,42,56577,40.972361772290206,23.705752767642302,0.8104241362483049,33.66158419374673,-8.058184530517284,3939,0.033712150623549486
gru_h128_l1,48,3,1337,56577,42.664336247314644,24.451933700567206,0.7944435859097349,34.010058614053605,-7.172852173037229,3939,-0.006191196558572809
gru_h128_l1,48,3,2024,56577,40.49324996702036,23.80535968916462,0.814831838413737,34.3713297062761,-9.972129526455582,3939,0.04501147279828854
gru_h128_l1,48,3,7,56577,40.56052416978434,23.404461487528213,0.8142160622868844,33.57860955144285,-6.82670916881008,3939,0.043424885110993405
gru_h128_l1,48,3,31415,56577,39.212078590037635,22.1194232092953,0.826363599328454,32.884226795076216,-0.03859399798097552,3939,0.0752264831369055
gru_h128_l1,48,6,42,56577,58.25921882483773,36.27381999148157,0.6180279528066859,48.73356093597043,-15.677402793431721,3921,0.03342619292788396
gru_h128_l1,48,6,1337,56577,57.59877046150523,34.84630447037347,0.6266392211633478,47.049110669840985,-12.900405630034456,3921,0.04438363626127584
gru_h128_l1,48,6,2024,56577,59.35169619065669,36.495693046326444,0.603568150846707,49.11216408411082,-16.21948887507435,3921,0.01530099269485985
gru_h128_l1,48,6,7,56577,57.78856928890941,35.56953326787491,0.6241745785447868,47.48596662674379,-12.232273300244172,3921,0.0412346998546026
gru_h128_l1,48,6,31415,56577,60.67739522120718,36.77972227524196,0.585660701741607,48.25545157864042,-14.849969357537118,3921,-0.006693568592403887
gru_h128_l1,48,12,42,56577,74.07198072083041,47.64869633342208,0.3872670526166886,62.452627520546265,-14.980514428134937,3885,0.05035395827740463
gru_h128_l1,48,12,1337,56577,73.72631230155604,47.11096143583898,0.39297253592664383,62.07742098688539,-18.27425717311961,3885,0.05478562924013486
gru_h128_l1,48,12,2024,56577,72.20748509064107,47.49659830310274,0.4177255204429937,61.96792458101509,-19.56125549112904,3885,0.07425788089143093
gru_h128_l1,48,12,7,56577,71.15579518896075,46.273435792434455,0.4345634601747518,60.57570879243901,-15.187672442228658,3885,0.08774115948788785
gru_h128_l1,48,12,31415,56577,72.75034832058861,46.963943690411746,0.40893741148117724,61.59624443638051,-14.417673034003583,3885,0.06729805731847427
gru_h128_l1,48,24,42,56577,103.7181272723869,69.02547832024527,-0.18236487128269374,86.01962365707311,-28.36926237956614,3813,-0.06605245807839655
gru_h128_l1,48,24,1337,56577,92.06280674408403,59.89985920765672,0.06844048223924792,76.92666100035449,-26.205774297550455,3813,0.05374514553873755
gru_h128_l1,48,24,2024,56577,88.51810249700061,58.33264410144987,0.13879532973368458,74.54803744186552,-20.959054953989185,3813,0.09017889897356512
gru_h128_l1,48,24,7,56577,86.27422150021654,58.71011767694716,0.1819039737401622,75.71250347323335,-14.912022172224056,3813,0.11324232014366475
gru_h128_l1,48,24,31415,56577,91.24938453694311,60.709197959966886,0.08482937293421822,77.8496312392958,-22.603885038212745,3813,0.0621057934426551
gru_h128_l1,168,1,42,56577,20.087099347700644,10.577785573879282,0.9543483607215375,19.39282319445493,-0.18407794690271365,3951,0.056021346649719916
gru_h128_l1,168,1,1337,56577,20.406428365653074,10.69021557339921,0.9528853553503331,19.533656125272238,0.5101956503704962,3951,0.0410147112403666
gru_h128_l1,168,1,2024,56577,19.986982359819322,10.654425184084053,0.9548022953102798,19.772847517637334,-0.9875300209669925,3951,0.060726271823922096
gru_h128_l1,168,1,7,56577,20.477397485294357,10.863544596826413,0.9525570765259029,20.010822057999214,0.6287294780912701,3951,0.03767956897672753
gru_h128_l1,168,1,31415,56577,20.148264144624815,10.724490296212025,0.954069920872747,19.754670088049707,-0.8410741288887933,3951,0.05314695141557024
gru_h128_l1,168,3,42,56577,39.92418339575184,22.844876018199752,0.8199997411146388,33.69477133687217,-1.6941160101302801,3939,0.058432278666379234
gru_h128_l1,168,3,1337,56577,40.25155707905082,23.05921029177694,0.8170356756570993,33.25844868536846,-5.097637601875861,3939,0.0507115323219165
gru_h128_l1,168,3,2024,56577,41.4907839394156,24.552895769582246,0.8055963892012554,34.93287180617291,-11.126290874451014,3939,0.021485737029801832
gru_h128_l1,168,3,7,56577,40.50119826800342,23.34364874244305,0.8147591390514041,33.54625796254597,-5.347085206619416,3939,0.044824020908016626
gru_h128_l1,168,3,31415,56577,40.20928768727309,22.928770859811127,0.817419746760072,33.21304434263298,-4.33471884177193,3939,0.05170840918984887
gru_h128_l1,168,6,42,56577,57.55897742721711,35.208854535975526,0.627154927523121,46.86286207986933,-10.606039312880792,3921,0.04504383915143928
gru_h128_l1,168,6,1337,56577,55.94680878171637,33.89978021239534,0.6477484548268839,45.87057034512484,-5.913898848464556,3921,0.07179119376340337
gru_h128_l1,168,6,2024,56577,56.91423353527817,35.0362972946596,0.63546095511769,46.95055827260391,-9.089728137323078,3921,0.05574073091875953
gru_h128_l1,168,6,7,56577,59.75020153541448,36.78577132070625,0.5982267508702306,48.65178115495656,-16.30092748723031,3921,0.00868942398537842
gru_h128_l1,168,6,31415,56577,66.08342235396628,39.9190079006489,0.5085409681013797,52.155194567255606,-22.377471429405634,3921,-0.09638451076855259
gru_h128_l1,168,12,42,56577,74.23753125830079,47.73084905541141,0.38452508123129303,63.19934344615456,-21.89033892292717,3885,0.04823150372598228
gru_h128_l1,168,12,1337,56577,74.5364142427243,47.94459477346363,0.3795592564756505,62.342476408971315,-22.386412167107434,3885,0.04439964935495144
gru_h128_l1,168,12,2024,56577,71.86440795526079,47.52778650965265,0.42324546041877575,62.719238029327094,-20.06947750579513,3885,0.0786563300816494
gru_h128_l1,168,12,7,56577,73.66659119792936,47.20726847750757,0.3939555680644795,61.783302588062504,-14.056105551693173,3885,0.05555128865837189
gru_h128_l1,168,12,31415,56577,70.27071866493746,45.81253647530086,0.44854242381143883,60.61030867201641,-11.149435682976748,3885,0.09908835730116228
gru_h128_l1,168,24,42,56577,103.03546493230522,66.84323893371852,-0.16685167834168602,86.00993924707335,-33.08558586124676,3813,-0.05903580742319936
gru_h128_l1,168,24,1337,56577,88.56163554208057,59.681331394011735,0.13794804359343926,77.21420600860029,-26.620662095602786,3813,0.0897314505772665
gru_h128_l1,168,24,2024,56577,95.1080811637799,62.788120679443914,0.005792524214617956,80.43179764426657,-23.500646652762757,3813,0.022444712663448385
gru_h128_l1,168,24,7,56577,84.78337843842588,58.74716014317369,0.20993354712292545,76.09823028827736,-20.128498675061145,3813,0.1285657448180918
gru_h128_l1,168,24,31415,56577,88.96767603168101,58.786371253473796,0.1300251906197203,75.74891388467081,-20.793397125463997,3813,0.08555801943845398
lstm_h32_l1,24,1,42,6561,19.321486173598558,10.122443534974682,0.9577620356848671,19.066060607085948,-0.3975104433242351,3951,0.09200078203588724
lstm_h32_l1,24,1,1337,6561,20.137754983133398,10.86951476702471,0.9541178218465283,19.61324584377996,-2.6652319388800456,3951,0.053640821831641206
lstm_h32_l1,24,1,2024,6561,19.792920872972214,10.50220172878257,0.9556757190638162,20.13693153013678,-0.3857493438043559,3951,0.06984605053612603
lstm_h32_l1,24,1,7,6561,20.589800548097628,11.02702687740111,0.952034806454221,19.54237462890889,-3.1860101128875704,3951,0.032397268629583365
lstm_h32_l1,24,1,31415,6561,19.755558277941045,10.28256566345636,0.9558429007656433,19.262127278057154,-0.7655868467695373,3951,0.07160187856946676
lstm_h32_l1,24,3,42,6561,41.662140186580594,23.74431550678162,0.8039873059505044,34.13424460986671,-6.05994940316904,3939,0.017444489408526942
lstm_h32_l1,24,3,1337,6561,39.866304127182374,22.9712776773155,0.8205212661951538,33.99067358073703,-5.403252356146571,3939,0.05979729721864868
lstm_h32_l1,24,3,2024,6561,40.5666435362652,23.655931664706483,0.8141599996109233,33.91267136594951,-6.357652496901972,3939,0.04328056661870827
lstm_h32_l1,24,3,7,6561,40.98116665480861,23.845467244308775,0.8103426485092696,34.3890728659084,-6.572867896385996,3939,0.03350449720488635
lstm_h32_l1,24,3,31415,6561,40.45734250715983,23.48130587025216,0.8151600891896106,33.96016300741864,-5.650852826073725,3939,0.04585831053632372
lstm_h32_l1,24,6,42,6561,56.12638981603717,34.78662884975996,0.6454834741368946,46.943469109059016,-9.404746006714735,3921,0.0688117799037139
lstm_h32_l1,24,6,1337,6561,58.23513269740919,35.80216556911132,0.6183437251689627,47.85954753795189,-10.701503369258424,3921,0.03382580384536338
lstm_h32_l1,24,6,2024,6561,57.563139069115905,35.52817731364053,0.6271010105204735,47.55184552800007,-12.262117980181447,3921,0.04497479370017976
lstm_h32_l1,24,6,7,6561,58.14740338722205,36.22401090187296,0.6194927642480114,48.13214669850103,-13.841483399451862,3921,0.03528131346340935
lstm_h32_l1,24,6,31415,6561,57.74620854906228,36.17333561685936,0.6247253590225277,48.55112621622412,-14.449425313601203,3921,0.04193750333206647
lstm_h32_l1,24,12,42,6561,79.64520888649876,49.33345829428724,0.2915933511738755,63.259509503448065,-20.410802209470667,3885,-0.021098080882869352
lstm_h32_l1,24,12,1337,6561,74.75145837971925,48.245782211818145,0.3759740394259934,62.804462878503195,-21.9035192431407,3885,0.0416426579594793
lstm_h32_l1,24,12,2024,6561,73.93572866961368,47.12053147615045,0.3895191683465402,61.89851167707887,-15.880604929311506,3885,0.05210078912836047
lstm_h32_l1,24,12,7,6561,72.78579290249066,46.99179092845262,0.40836132984551043,62.572329495661236,-20.67820063241552,3885,0.06684363708323526
lstm_h32_l1,24,12,31415,6561,71.86775598604862,46.70232059872268,0.4231917192973731,60.64638842522836,-10.553580782595617,3885,0.07861340637211323
lstm_h32_l1,24,24,42,6561,93.27793445228689,59.65555197233351,0.04368707399311722,76.48316123647881,-23.752716423582903,3813,0.04125562307747255
lstm_h32_l1,24,24,1337,6561,89.88848469548516,58.573085766244645,0.11192365222025857,75.88951850775743,-23.413337032563312,3813,0.0760936146590433
lstm_h32_l1,24,24,2024,6561,87.72070983846255,57.92289166761753,0.15424132777008004,74.2204275054964,-20.191745470167053,3813,0.09837478937424415
lstm_h32_l1,24,24,7,6561,90.31876769475944,59.197583849301154,0.10340112028615323,76.48747849251603,-25.368580435083274,3813,0.07167101023001199
lstm_h32_l1,24,24,31415,6561,92.03788494031757,60.52776368823148,0.068944768431765,76.90332364095266,-18.3912594875826,3813,0.0540013008595448
lstm_h32_l1,48,1,42,6561,19.44022915866314,10.186938526645699,0.9572412813760391,19.2576591860346,-0.7296886393801059,3951,0.08642054164399182
lstm_h32_l1,48,1,1337,6561,19.575486202916228,10.272675589220002,0.9566442166850637,19.31116177489283,-0.6254637675572303,3951,0.0800642350274875
lstm_h32_l1,48,1,2024,6561,20.01532475316677,10.548562180699824,0.9546740198792175,19.445697484364505,-2.0203210007708683,3951,0.05939434162127133
lstm_h32_l1,48,1,7,6561,19.836470145359296,10.57339867760739,0.9554804559440595,19.362399110108463,-1.718985995737898,3951,0.06779948409112813
lstm_h32_l1,48,1,31415,6561,20.644670805499302,11.297765139705273,0.9517788186055719,20.009084975201123,-3.686521344204371,3951,0.029818680711315992
lstm_h32_l1,48,3,42,6561,39.399092678836524,22.710895353585414,0.8247034022755139,33.54093536932275,-3.214741517636066,3939,0.07081596263352585
lstm_h32_l1,48,3,1337,6561,41.30987002326048,24.10699367583543,0.8072880246895527,34.443900360113346,-7.921581643740905,3939,0.025752391706321598
lstm_h32_l1,48,3,2024,6561,40.721389852558346,23.81088662666238,0.8127394775518878,34.25476535860979,-7.425446221354531,3939,0.03963104585149291
lstm_h32_l1,48,3,7,6561,40.870810679977616,23.882034865536887,0.8113627093430191,34.612207079054755,-6.754305867709314,3939,0.036107120850990104
lstm_h32_l1,48,3,31415,6561,41.063401808921874,23.447066815148514,0.8095807302322089,33.700607197173895,-6.085811688640675,3939,0.0315650720222993
lstm_h32_l1,48,6,42,6561,58.55202098213131,35.62061494723347,0.6141788352618532,46.89486197474578,-8.443950160213424,3921,0.028568336924955084
lstm_h32_l1,48,6,1337,6561,58.354131704687056,36.00337745108934,0.6167823611434184,47.695520121829595,-10.212068750090834,3921,0.0318515013088293
lstm_h32_l1,48,6,2024,6561,57.78231246916175,35.5674666816642,0.6242559560438177,47.320133917675136,-14.399926167002059,3921,0.0413385062256052
lstm_h32_l1,48,6,7,6561,58.360666433325356,36.22311113825096,0.6166965278554357,48.01547581473369,-14.351303870737212,3921,0.03174308417476002
lstm_h32_l1,48,6,31415,6561,56.079612150704456,35.144292095957496,0.6460741604377516,47.57463098192372,-7.086090145479119,3921,0.06958786422098784
lstm_h32_l1,48,12,42,6561,76.24587104428831,47.41825959317811,0.3507738895867831,60.89851071716639,-16.358673524359844,3885,0.022483415047415245
lstm_h32_l1,48,12,1337,6561,75.79714623736936,48.8848383776061,0.35839309840400246,63.340703438578,-24.242351422427483,3885,0.028236329071941624
lstm_h32_l1,48,12,2024,6561,76.8823855556594,48.03717832776515,0.33988892639908497,62.74138751594266,-17.44128564071912,3885,0.014322927365835514
lstm_h32_l1,48,12,7,6561,71.98144329171967,46.86902191682673,0.4213653746328343,61.80156836610672,-15.14010266567008,3885,0.07715586873407543
lstm_h32_l1,48,12,31415,6561,69.64883493424263,46.50146322978461,0.4582598426836252,60.98149161979636,-12.187693748589972,3885,0.10706126983190478
lstm_h32_l1,48,24,42,6561,93.55522004308497,61.136698200132564,0.03799299571232806,78.498906531019,-25.12379129406135,3813,0.03840558139783723
lstm_h32_l1,48,24,1337,6561,96.09124999518593,59.848144523577886,-0.014868728783587581,76.6287785596486,-29.280624352661096,3813,0.012339347507038467
lstm_h32_l1,48,24,2024,6561,90.05017531737097,58.31378677623665,0.10872585074626429,75.17773840097763,-22.81169243132499,3813,0.07443169991527909
lstm_h32_l1,48,24,7,6561,91.1443680041848,59.52532053893469,0.08693465271236478,77.27740840671726,-28.193372677578104,3813,0.06318519138234069
lstm_h32_l1,48,24,31415,6561,95.01053897701775,60.668968947377515,0.007830783015364107,78.04022135490882,-33.96716517561999,3813,0.02344728656927153
lstm_h32_l1,168,1,42,6561,19.368742486918773,10.209867954806121,0.9575551725719815,19.17840296872788,-0.725168026073779,3951,0.08978000589304302
lstm_h32_l1,168,1,1337,6561,19.94404424687215,10.492262004172234,0.9549962835274939,19.226406737195514,-1.6180693785953817,3951,0.06274411727465978
lstm_h32_l1,168,1,2024,6561,19.762741292728172,10.315927500718146,0.9558107843602283,18.885753503922047,-1.3381481342110013,3951,0.07126431800343491
lstm_h32_l1,168,1,7,6561,20.003906107301592,10.585475378106896,0.9547257216316257,19.33616862733455,-1.9084341437301617,3951,0.05993095259532555
lstm_h32_l1,168,1,31415,6561,19.903559663329908,10.469948855125283,0.9551788049352948,19.235020507756957,-1.5393999525353905,3951,0.06464666089194049
lstm_h32_l1,168,3,42,6561,39.31698871890225,22.386597608336903,0.8254332438790483,33.405561458071325,-1.5548593680420852,3939,0.07275229374646242
lstm_h32_l1,168,3,1337,6561,39.75201267642023,23.032198292905058,0.8215488749210902,33.74137737588869,-5.459037078885114,3939,0.062492734713144316
lstm_h32_l1,168,3,2024,6561,39.59659416787474,22.81299233647818,0.8229415284661038,33.26429546311099,-5.191034975920341,3939,0.06615810839139002
lstm_h32_l1,168,3,7,6561,41.13949443499632,23.900379332888573,0.8088743626856929,35.12781601737174,-7.511258558578987,3939,0.02977051157173205
lstm_h32_l1,168,3,31415,6561,40.19552238158084,23.349427834843517,0.817544734937928,33.942577403054116,-6.06704511540524,3939,0.052033048704341556
lstm_h32_l1,168,6,42,6561,58.60126155143928,35.60045684529312,0.6135296333421589,46.82651637656497,-6.795726023124377,3921,0.027751390774655604
lstm_h32_l1,168,6,1337,6561,57.44623604646112,35.59902948581886,0.6286140882965987,47.81068515175531,-10.074765124589543,3921,0.046914321931847414
lstm_h32_l1,168,6,2024,6561,56.578148846346494,34.986990847587755,0.6397535283051541,47.08745427862521,-11.791937017573288,3921,0.061316683769346736
lstm_h32_l1,168,6,7,6561,58.559088921921024,36.278726085951426,0.6140856830425153,48.29876932678664,-15.346800976015011,3921,0.028451073329450294
lstm_h32_l1,168,6,31415,6561,57.54867229589409,35.772797358698334,0.6272884209817975,47.82732019663141,-10.500159315282925,3921,0.045214810719822585
lstm_h32_l1,168,12,42,6561,76.909368212264,47.89673420604611,0.3394254996762103,62.098747311345306,-18.848739292629478,3885,0.013976993953628059
lstm_h32_l1,168,12,1337,6561,76.46011735572633,48.8260518126715,0.3471201908134601,62.73003765516392,-23.80979192917102,3885,0.01973665224141452
lstm_h32_l1,168,12,2024,6561,73.06461454287495,46.76054056848064,0.4038198494683348,61.032979791264296,-12.795096581159179,3885,0.06326898085613253
lstm_h32_l1,168,12,7,6561,73.481221879386,47.000818079045864,0.3970017439986775,62.11471522599364,-19.829210490939037,3885,0.05792783155486847
lstm_h32_l1,168,12,31415,6561,80.15977482051541,49.12294963313784,0.2824101379630938,63.71318870556203,-20.823503555154627,3885,-0.027695116599868674
lstm_h32_l1,168,24,42,6561,92.6841245635804,60.38963159213462,0.055824146787974316,76.63444051502094,-27.121238359800408,3813,0.04735901607283899
lstm_h32_l1,168,24,1337,6561,94.91399614457929,59.95991040032738,0.009846099667116137,77.04263950127394,-23.40365934034926,3813,0.02443958874958929
lstm_h32_l1,168,24,2024,6561,97.29959550908715,62.841732315629784,-0.04055311732860356,79.15324843976784,-24.178453651626782,3813,-8.0465106039318e-05
lstm_h32_l1,168,24,7,6561,94.38757499583092,60.44606259490198,0.020799015036598867,77.78305619800251,-25.66582818689,3813,0.02985033588093533
lstm_h32_l1,168,24,31415,6561,94.17090871387593,60.426892170653836,0.025289358828163078,78.00831343420643,-32.56005893191454,3813,0.03207731036008521
lstm_h32_l2,24,1,42,15009,22.56533140485092,11.925576131968388,0.9423890078873517,20.193450278237513,-4.674253529220099,3951,-0.06044137001753258
lstm_h32_l2,24,1,1337,15009,20.42443487529561,10.672338686194713,0.9528021713078925,19.635565794533978,-1.4052476399774254,3951,0.04016850838998609
lstm_h32_l2,24,1,2024,15009,23.63044131348544,11.676787714877428,0.9368220417088976,19.661449413743842,-3.9059387301733635,3951,-0.1104954370492639
lstm_h32_l2,24,1,7,15009,24.142917573405583,12.84971526179306,0.9340520309823269,20.557519704994988,-6.87947040048495,3951,-0.13457888689633113
lstm_h32_l2,24,1,31415,15009,22.80257591442636,12.086935146788283,0.9411712334888381,19.923554450725444,-5.24156179685443,3951,-0.07159050353786878
lstm_h32_l2,24,3,42,15009,43.17433598967812,24.310922793935124,0.7894998644468388,34.08300273436743,-9.554381342239326,3939,-0.018218976576961587
lstm_h32_l2,24,3,1337,15009,42.03233037152727,24.459274050842033,0.8004884769930609,34.81144289211063,-6.737854709296697,3939,0.008713963214786347
lstm_h32_l2,24,3,2024,15009,40.72402972288047,23.77169155479204,0.8127151974612002,34.09020255189662,-7.045510598119058,3939,0.03956878742884251
lstm_h32_l2,24,3,7,15009,40.73259982379833,23.599044784939633,0.8126363634874963,34.26213700878943,-5.316299440708839,3939,0.03936667107463088
lstm_h32_l2,24,3,31415,15009,42.93388488748837,24.338228467934535,0.7918380147973725,34.322346875906035,-8.439383613971168,3939,-0.012548203197910945
lstm_h32_l2,24,6,42,15009,57.963243708632405,34.64141740193622,0.6218991700274947,46.89350169742739,-11.276530706002491,3921,0.03833669122566108
lstm_h32_l2,24,6,1337,15009,61.60830840024657,37.93656568924427,0.5728495807235282,50.71213940081448,-19.05618702960926,3921,-0.022138270970289087
lstm_h32_l2,24,6,2024,15009,55.80457862981911,34.91548895819675,0.6495371933725406,47.12698731258094,-1.986862603111295,3921,0.07415092226942943
lstm_h32_l2,24,6,7,15009,63.60144607186597,38.76349881011051,0.5447643672145717,51.123401484083885,-18.159773683791926,3921,-0.05520625070184515
lstm_h32_l2,24,6,31415,15009,59.66435265143649,36.95268370126022,0.5993804542996837,49.05982236988458,-12.56549369830487,3921,0.010113735610101537
lstm_h32_l2,24,12,42,15009,74.33277211574757,46.27824038292688,0.38294485733763184,61.06403963689389,-11.731373359130387,3885,0.047010460324625414
lstm_h32_l2,24,12,1337,15009,75.6051421457456,48.32340975021997,0.36163952987997827,62.42990743920338,-16.344579442202143,3885,0.030697933633216268
lstm_h32_l2,24,12,2024,15009,68.01443481196938,44.695286879148945,0.4833867931781515,59.4963005490575,-8.473989689750647,3885,0.12801523368710976
lstm_h32_l2,24,12,7,15009,69.56792700172986,45.50076320546002,0.4595177421970873,60.0889126810762,-3.4035484009969754,3885,0.10809855676695102
lstm_h32_l2,24,12,31415,15009,81.99535649513511,49.601353588605015,0.2491696242496957,63.384152142710015,-22.708225448211873,3885,-0.051228345421315824
lstm_h32_l2,24,24,42,15009,83.48060378539046,57.39745729263458,0.23402719995097165,74.31134061901781,-12.880529937346575,3813,0.14195613430654908
lstm_h32_l2,24,24,1337,15009,88.58662236560573,57.872499542212324,0.13746153544310868,74.52398775206636,-18.502421301926855,3813,0.0894746269598421
lstm_h32_l2,24,24,2024,15009,85.23832221244643,59.12459941242121,0.2014318766635299,75.09395961931637,-10.612285633420086,3813,0.12388966801901535
lstm_h32_l2,24,24,7,15009,90.90207485894426,58.706112608465,0.09178268507123266,76.7013526357119,-26.94121693591747,3813,0.06567556803926666
lstm_h32_l2,24,24,31415,15009,87.47533633192819,58.34640962626353,0.15896624445581076,74.50720498579062,-19.132557420430388,3813,0.1008968270996391
lstm_h32_l2,48,1,42,15009,22.583800611860884,11.972149594555885,0.9422946627379626,20.35378725618651,-5.060473629142356,3951,-0.06130931699484021
lstm_h32_l2,48,1,1337,15009,21.556912989076164,10.920512400224831,0.9474230898929834,19.47050796415299,-0.9683516900039347,3951,-0.013051478542452921
lstm_h32_l2,48,1,2024,15009,22.70048999518421,11.300575126308944,0.9416968008965813,19.456999470343195,-0.6786856961469498,3951,-0.06679304986354007
lstm_h32_l2,48,1,7,15009,22.755414169290123,12.01040125731881,0.9414143286670299,19.915341886632767,-5.2198968140758355,3951,-0.06937417155818704
lstm_h32_l2,48,1,31415,15009,20.570347165746114,10.492116405824842,0.9521253993140028,19.186268294447473,-0.19561677281326556,3951,0.03331146621268999
lstm_h32_l2,48,3,42,15009,43.10255617854576,24.286618939339142,0.7901992197137533,34.158362608864515,-8.859461512214574,3939,-0.016526129098136444
lstm_h32_l2,48,3,1337,15009,40.85808929986945,23.698661446246863,0.8114801209220728,34.44338616797608,-4.889190012660529,3939,0.036407140534847726
lstm_h32_l2,48,3,2024,15009,40.46234444627384,23.377445636639436,0.8151143810399286,33.883073213771794,-4.671280025237673,3939,0.04574034533294946
lstm_h32_l2,48,3,7,15009,40.865662646606665,23.79677917774039,0.8114102273585034,34.53504271815157,-8.523970929894157,3939,0.03622853152587824
lstm_h32_l2,48,3,31415,15009,42.247912062372755,24.123120437121976,0.7984366596519132,34.32897551507895,-7.45929346250195,3939,0.0036297074042535016
lstm_h32_l2,48,6,42,15009,61.77750763355395,37.30946880726254,0.5705001324020347,50.24635485059276,-13.869015014258961,3921,-0.02494544124120046
lstm_h32_l2,48,6,1337,15009,60.81311592736536,37.31810296129309,0.5838050745062359,50.072988622261406,-15.965880471828587,3921,-0.008945299430818343
lstm_h32_l2,48,6,2024,15009,56.07564550500382,34.59059723363558,0.6461242267169376,47.387901498576156,-6.365255892165564,3921,0.0696536745066989
lstm_h32_l2,48,6,7,15009,60.13510287628761,36.99362940041321,0.5930337590009023,49.733028389148934,-16.52314922581771,3921,0.002303558161920294
lstm_h32_l2,48,6,31415,15009,60.106249445312784,37.04983158124746,0.593424198352552,48.837689672699966,-13.14146780198619,3921,0.0027822630121909775
lstm_h32_l2,48,12,42,15009,77.4184407069853,49.12794562102601,0.3306517115961697,63.39630858933006,-14.548889880050123,3885,0.007450387335884767
lstm_h32_l2,48,12,1337,15009,80.40452311377457,50.099390302919105,0.27802147758193496,64.0202766483761,-22.267644743886667,3885,-0.03083293262220388
lstm_h32_l2,48,12,2024,15009,68.766296821738,45.445425646145075,0.47190191531344894,61.001119989946275,-10.302674068879435,3885,0.11837592372739147
lstm_h32_l2,48,12,7,15009,75.40492182135596,48.52803396429082,0.36501611241330945,63.39423445460014,-12.854978718035893,3885,0.033264875095814106
lstm_h32_l2,48,12,31415,15009,77.1986084753988,50.40875201805358,0.3344475880309169,64.677830546861,-21.22220115873861,3885,0.010268764899675986
lstm_h32_l2,48,24,42,15009,90.00284755662611,60.046553217670514,0.1096624602470192,77.67430591482153,-20.316690132370606,3813,0.07491815177286909
lstm_h32_l2,48,24,1337,15009,94.83021768646663,60.01859828662375,0.011593301551022894,76.04701881097058,-20.833089175927086,3813,0.02530069406988178
lstm_h32_l2,48,24,2024,15009,92.25264038109708,60.52105157232341,0.06459476731596192,76.14785795632841,-19.246793120479804,3813,0.05179396669772118
lstm_h32_l2,48,24,7,15009,102.33503215297856,65.78204345954707,-0.15104113840443345,84.64269868979156,-35.25536877123413,3813,-0.05183650576054122
lstm_h32_l2,48,24,31415,15009,91.42957690693842,59.3531440233572,0.08121138498241554,77.00095993685436,-29.302886864581595,3813,0.06025371103418664
lstm_h32_l2,168,1,42,15009,22.110155462002677,11.533311628747102,0.9446897636394928,20.173488187958025,-3.5607217062871857,3951,-0.03905070697904289
lstm_h32_l2,168,1,1337,15009,21.152403088238767,10.820297503495741,0.9493777610058783,19.69933820412055,-0.3810204210755821,3951,0.005958170628374337
lstm_h32_l2,168,1,2024,15009,23.660244937549866,11.658769376760237,0.9366625762544544,19.724062251700307,-3.203156127360091,3951,-0.11189603672880466
lstm_h32_l2,168,1,7,15009,23.432834266300745,12.453848516901095,0.9378742615846886,20.102228983986375,-6.167203009822383,3951,-0.10120903730258823
lstm_h32_l2,168,1,31415,15009,20.993211794959638,10.749882234126462,0.9501368516299683,19.38053954116201,-0.07891307428105138,3951,0.013439249904856454
lstm_h32_l2,168,3,42,15009,43.67993447925322,24.441866690475127,0.7845408201165365,34.163470900602256,-8.96962894069097,3939,-0.03014295791478916
lstm_h32_l2,168,3,1337,15009,41.78637863822549,24.24828631004518,0.8028165248350063,34.51564020835588,-6.362288319071051,3939,0.014514462896582092
lstm_h32_l2,168,3,2024,15009,40.47911177375323,23.626241310476015,0.8149611185397293,34.12071850628465,-6.896264736365363,3939,0.045344906453933964
lstm_h32_l2,168,3,7,15009,44.48674302532981,25.771458516621713,0.7765078526000355,35.353244208420364,-12.181989678946657,3939,-0.04917064538810778
lstm_h32_l2,168,3,31415,15009,41.71410863435756,23.92005048903923,0.8034979970190534,34.30928217238422,-7.4682008953824655,3939,0.016218871029071047
lstm_h32_l2,168,6,42,15009,57.60803634737781,35.552070466460236,0.6265190867714576,47.660613292544625,-9.408085301932552,3921,0.04422990672688776
lstm_h32_l2,168,6,1337,15009,61.140204968416796,37.39321015100408,0.579315947498184,50.179812947042265,-17.809848692973148,3921,-0.014372006242854507
lstm_h32_l2,168,6,2024,15009,56.3749048553135,34.865072168274615,0.6423370847792494,47.356242839373124,-5.149915685857625,3921,0.06468868775669745
lstm_h32_l2,168,6,7,15009,60.80175699905974,36.992474440655556,0.5839605372459424,49.1985987571018,-17.18434545481234,3921,-0.008756844405191755
lstm_h32_l2,168,6,31415,15009,59.56095641767558,36.85279577084157,0.6007677704588656,49.02901472873542,-13.22416581524328,3921,0.01182917384149429
lstm_h32_l2,168,12,42,15009,70.52250292873009,45.665591726242944,0.4445835318716872,60.42220750634398,-10.440570841078916,3885,0.0958603360284509
lstm_h32_l2,168,12,1337,15009,71.03456783674623,45.46968327509286,0.43648847509535216,59.975545598921144,-13.084752070352193,3885,0.08929536492506818
lstm_h32_l2,168,12,2024,15009,68.35893922841916,44.891487340867286,0.4781400754876275,60.02793322655883,-8.923401535135989,3885,0.1235984859202246
lstm_h32_l2,168,12,7,15009,84.46086417812634,50.57609830939843,0.20333752945290995,65.01357584963361,-16.992782195458478,3885,-0.08283759346901709
lstm_h32_l2,168,12,31415,15009,76.32562623476734,49.82534723697962,0.3494149639802093,64.24926347726145,-21.691232140465495,3885,0.021460906938300384
lstm_h32_l2,168,24,42,15009,97.598949269856,61.95392319566127,-0.046965737251131845,80.18740305517163,-29.54441199482916,3813,-0.003157331425313936
lstm_h32_l2,168,24,1337,15009,90.00742927259043,62.27718312979094,0.10957181028069651,79.91821793283482,-21.39019116002638,3813,0.07487105923760617
lstm_h32_l2,168,24,2024,15009,86.62553128606429,57.691195809071466,0.17522781269065457,73.9772044598884,-15.953656752517642,3813,0.10963143099054284
lstm_h32_l2,168,24,7,15009,88.46591268100927,59.86346503066899,0.13981055400999576,76.6820084281475,-14.612391258304845,3813,0.09071532479504296
lstm_h32_l2,168,24,31415,15009,92.84752560043474,60.84150643113285,0.05249207000707956,77.23547617021731,-25.28426873681954,3813,0.04567952106485784
lstm_h64_l1,24,1,42,21313,19.728729193220786,10.511594139576966,0.955962754641805,19.27932857372007,-2.2390422097491354,3951,0.07286269193163841
lstm_h64_l1,24,1,1337,21313,19.608374452736967,10.211137582406383,0.9564984125274829,19.19562174382026,0.06923272742100216,3951,0.07851867559954628
lstm_h64_l1,24,1,2024,21313,19.905563062074446,10.559440969693854,0.9551697814996283,19.58581728168477,-1.0755898393401375,3951,0.06455251262213524
lstm_h64_l1,24,1,7,21313,20.019598508471564,10.85809629254113,0.954654661429481,19.934636153710393,-3.501961366920913,3951,0.05919349959288611
lstm_h64_l1,24,1,31415,21313,19.87810243715383,10.598535758024,0.955293386810969,19.362275073039115,-2.2814972785154963,3951,0.06584300475761051
lstm_h64_l1,24,3,42,21313,39.73708655279306,22.992321703902476,0.8216828597592198,33.411857935520096,-6.641305098538257,3939,0.06284475083511898
lstm_h64_l1,24,3,1337,21313,39.3007750046083,22.05536710512987,0.8255771914192729,32.95912769782872,-2.4955955982072817,3939,0.07313467627062786
lstm_h64_l1,24,3,2024,21313,41.132892520468936,23.279010844192168,0.8089357000402109,33.14976032301845,-6.1475401503614755,3939,0.02992621042614252
lstm_h64_l1,24,3,7,21313,40.12734325331781,23.04460606088213,0.8181631665543377,33.85053699877875,-5.121538431742985,3939,0.05364097805895829
lstm_h64_l1,24,3,31415,21313,40.06733938896281,23.13757884425471,0.8187065743189266,33.47997620319529,-5.72017817356384,3939,0.05505610285367013
lstm_h64_l1,24,6,42,21313,57.64461673355963,36.0924519826522,0.6260446247162276,48.34311674696699,-13.203093176509173,3921,0.04362300461166657
lstm_h64_l1,24,6,1337,21313,58.16465213213543,36.03627646679246,0.619266984752328,48.51670623997268,-12.326120253851503,3921,0.034995140985054074
lstm_h64_l1,24,6,2024,21313,55.24431650047308,34.20247677677122,0.656538962358145,46.187938699391864,-6.874262975730543,3921,0.08344618420811933
lstm_h64_l1,24,6,7,21313,55.52080320808191,34.122921331570645,0.6530924523307731,47.44619564816644,-7.94074934859543,3921,0.07885901646078308
lstm_h64_l1,24,6,31415,21313,61.29474571522352,37.1187956476537,0.5771865796833907,48.96977649390746,-15.005339630848873,3921,-0.016935978795213247
lstm_h64_l1,24,12,42,21313,88.70613849118487,51.620553920781155,0.12123921984694275,67.03486348343053,-25.709932479055286,3885,-0.13726448887791642
lstm_h64_l1,24,12,1337,21313,68.49814237489592,45.52249043073218,0.4760125261308177,60.25423456637328,-10.71647540718181,3885,0.12181382030496035
lstm_h64_l1,24,12,2024,21313,79.25151632025965,48.09486892413948,0.298579462122446,62.00750608475462,-18.6721686251704,3885,-0.016050712315885063
lstm_h64_l1,24,12,7,21313,78.39232487940372,49.21907267135583,0.3137056770811145,64.61741261330745,-25.46119693911359,3885,-0.0050353763825052855
lstm_h64_l1,24,12,31415,21313,70.22506978403226,46.45111785786572,0.44925866082132093,61.20705129321481,-14.471721933089537,3885,0.09967360260767133
lstm_h64_l1,24,24,42,21313,90.43142175837777,59.23051736151336,0.10116308047227496,76.0652366770348,-20.048874115283773,3813,0.0705131109833601
lstm_h64_l1,24,24,1337,21313,82.54906773508841,56.2852464679717,0.251026363815677,72.62417145878462,-14.963584946483772,3813,0.15153079904770006
lstm_h64_l1,24,24,2024,21313,89.76518148407,59.88402229769746,0.11435839259207514,76.69108838853286,-23.87762112154534,3813,0.07736096970174366
lstm_h64_l1,24,24,7,21313,89.81739213513384,58.58445839371366,0.11332785109330668,74.59054581944116,-20.800073844886693,3813,0.07682432972984832
lstm_h64_l1,24,24,31415,21313,89.33764123155385,58.32002490482041,0.1227747006795139,74.69363784546442,-21.126597941919364,3813,0.08175538318672027
lstm_h64_l1,48,1,42,21313,20.24207051024131,10.93515127936001,0.9536412423912157,19.62971209409711,-3.5759867478101515,3951,0.0487385893540524
lstm_h64_l1,48,1,1337,21313,19.70290218842929,10.333309694386019,0.9560779780481973,19.4356953442413,-0.6928859528123,3951,0.0740764132749312
lstm_h64_l1,48,1,2024,21313,20.126995333026077,10.841741195782134,0.9541668386606995,19.685620022124375,-2.524274992483561,3951,0.05414646377839605
lstm_h64_l1,48,1,7,21313,19.704226134127985,10.634912803378286,0.9560720751283933,19.641823537985424,-2.8063926201377667,3951,0.07401419540782517
lstm_h64_l1,48,1,31415,21313,19.687331710292817,10.435550967659715,0.9561473705316661,19.326325127319315,-1.446002345506733,3951,0.07480813659291097
lstm_h64_l1,48,3,42,21313,39.722262295085834,22.91533936495468,0.8218158803903138,33.25365312565797,-5.963036649538638,3939,0.06319436456200456
lstm_h64_l1,48,3,1337,21313,40.597420501371,23.435939938186582,0.8138779077064127,33.51334091893733,-8.484783033240287,3939,0.042554725926690073
lstm_h64_l1,48,3,2024,21313,40.029563678829064,23.194986334261625,0.819048262067894,33.59231482267286,-6.6407496442989125,3939,0.055947001208680014
lstm_h64_l1,48,3,7,21313,40.00436337200789,23.00189462620935,0.8192760239282674,33.38041052415463,-6.4529920409646255,3939,0.05654132258115041
lstm_h64_l1,48,3,31415,21313,39.90102176114389,22.88099310899471,0.8202085314035941,33.422762902051815,-5.505678516529068,3939,0.05897852020885486
lstm_h64_l1,48,6,42,21313,57.120076782044286,35.21551647465847,0.6328193102529973,46.86389469774865,-9.493965325217529,3921,0.05232560289781896
lstm_h64_l1,48,6,1337,21313,58.32705687247974,36.0847735128717,0.6171378851130689,48.47943901838116,-13.520111362881664,3921,0.032300697576310156
lstm_h64_l1,48,6,2024,21313,55.2109346640414,34.083546445156365,0.6569539153120703,46.27639032926513,-6.054732999616032,3921,0.08400001945304147
lstm_h64_l1,48,6,7,21313,58.782608241643565,35.59381901606323,0.6111340001341554,47.339295810835,-9.278907405213802,3921,0.0247426830664782
lstm_h64_l1,48,6,31415,21313,56.841381689871035,35.420841600905135,0.6363935986205753,47.44408384780135,-11.163852605866591,3921,0.05694940976800944
lstm_h64_l1,48,12,42,21313,83.95359440136566,50.98914420168482,0.2128782610558677,65.66715174896149,-20.762021676077005,3885,-0.07633409874809338
lstm_h64_l1,48,12,1337,21313,72.35368645712254,46.956068723515415,0.41536522478012927,61.22984808813858,-15.788648000736229,3885,0.07238349400961086
lstm_h64_l1,48,12,2024,21313,71.60996742688272,46.16310590928021,0.42732230306079666,60.67232974592035,-15.133784815338794,3885,0.08191840621727631
lstm_h64_l1,48,12,7,21313,77.69985338429335,48.69894735587217,0.3257767635086045,63.943006069323985,-24.270578327744825,3885,0.003842512502574169
lstm_h64_l1,48,12,31415,21313,69.43158752171269,45.81800218080231,0.46163414454237806,60.175413956184364,-12.73695856003341,3885,0.10984650850617617
lstm_h64_l1,48,24,42,21313,90.72270242173983,59.52537753594064,0.09536342672916975,75.95769202206755,-22.415983579941567,3813,0.06751922288169465
lstm_h64_l1,48,24,1337,21313,85.70351350419297,56.53655349565593,0.192691661487698,73.59121419855792,-21.693132686333815,3813,0.11910826352314874
lstm_h64_l1,48,24,2024,21313,97.01524299029548,62.39148923200426,-0.034480090069000324,79.20803877734052,-25.466070608808867,3813,0.0028422130177427896
lstm_h64_l1,48,24,7,21313,87.21734605273532,59.54927265598059,0.16391983654244746,76.14887006769099,-20.23048200109264,3813,0.10354854458169116
lstm_h64_l1,48,24,31415,21313,93.32352837846743,59.70562990364365,0.042751960721646776,76.63039231510129,-30.31427484048127,3813,0.040786992199182914
lstm_h64_l1,168,1,42,21313,19.709864704636136,10.388347619347437,0.9560469306604379,19.27520291371497,-0.24980020186781013,3951,0.07374921487962793
lstm_h64_l1,168,1,1337,21313,19.76785333775812,10.501517502868559,0.9557879204798222,19.353105325805878,-2.1070107229082327,3951,0.07102408115790027
lstm_h64_l1,168,1,2024,21313,20.18574688136803,10.917752464701094,0.9538988702627444,19.921883732625503,-2.2889411802577233,3951,0.05138547740967836
lstm_h64_l1,168,1,7,21313,19.801481461487455,10.736712787933861,0.9556373695964969,19.7373297771116,-3.316191449662333,3951,0.06944375189267216
lstm_h64_l1,168,1,31415,21313,19.75005673298033,10.59142239905413,0.9558674911555843,19.23046043519524,-3.016714516586506,3951,0.07186041968152423
lstm_h64_l1,168,3,42,21313,40.30353149968474,23.49574613361506,0.8165628688915695,33.666520428115106,-8.163075099508683,3939,0.04948577307923341
lstm_h64_l1,168,3,1337,21313,40.07868322595572,22.649255753724727,0.8186039044523206,33.05323249007459,-2.3277147307752197,3939,0.05478857100104029
lstm_h64_l1,168,3,2024,21313,39.93092434221748,22.840882535641477,0.8199389521671463,33.11533356659878,-3.2101983952251736,3939,0.05827330089743232
lstm_h64_l1,168,3,7,21313,40.07823028020252,23.178669947463202,0.8186080044935513,33.415557633883154,-7.083326010331124,3939,0.05479925322580881
lstm_h64_l1,168,3,31415,21313,40.48511499984528,23.991676592704824,0.8149062303486108,34.624022437035094,-9.607072206008192,3939,0.04520332700430285
lstm_h64_l1,168,6,42,21313,57.53485136817367,35.517602766177816,0.627467420810238,47.64899616200187,-12.896891551485327,3921,0.04544411257098824
lstm_h64_l1,168,6,1337,21313,58.408681848761624,35.725575287871386,0.6160655533450413,47.824791890996316,-13.513352364719545,3921,0.03094646444946092
lstm_h64_l1,168,6,2024,21313,56.7078811327028,34.98830736454729,0.6380995618477675,46.64922271788164,-5.293573499170143,3921,0.0591643063009738
lstm_h64_l1,168,6,7,21313,55.457760866650126,33.85357084160436,0.653879812977183,46.61161225950229,-6.503055432152092,3921,0.07990494665335346
lstm_h64_l1,168,6,31415,21313,57.4833976998365,35.76009940809284,0.6281334378844396,47.84057153785298,-13.800149230121663,3921,0.04629777606143104
lstm_h64_l1,168,12,42,21313,70.70541750234635,45.95737353033681,0.44169862239297353,60.47879510895831,-12.760606766176373,3885,0.09351526439518743
lstm_h64_l1,168,12,1337,21313,84.43971134754938,50.50411346733952,0.2037365203043474,64.32248923041652,-16.91069551054066,3885,-0.08256640183038177
lstm_h64_l1,168,12,2024,21313,69.79395356160299,45.57474337290805,0.45599997746404497,60.33839341958075,-13.429605901576464,3885,0.10520076429780312
lstm_h64_l1,168,12,7,21313,75.68668787301594,48.14877299668812,0.3602617494749599,63.50447060218034,-22.40789909191443,3885,0.02965246979698477
lstm_h64_l1,168,12,31415,21313,77.93921984600938,47.4288131584781,0.32161626612120353,61.099768949306046,-14.21088812483978,3885,0.0007736947029464147
lstm_h64_l1,168,24,42,21313,88.41738334853612,59.386048933155294,0.14075403537087183,74.38586347082828,-6.201050295510791,3813,0.09121412684182528
lstm_h64_l1,168,24,1337,21313,94.08205098292117,61.26027090741996,0.027127924795424474,78.51404475440698,-21.766506741108916,3813,0.032990622285345994
lstm_h64_l1,168,24,2024,21313,95.78183580418376,61.31134085516223,-0.008343489028645124,80.4349872804192,-33.456892055419196,3813,0.015519618570127958
lstm_h64_l1,168,24,7,21313,99.63516435277488,62.79756671038802,-0.09110731659449356,78.20786823685066,-27.10308504824169,3813,-0.02408628715762484
lstm_h64_l1,168,24,31415,21313,93.00828084044373,60.21458225237282,0.0492082189054347,77.08521379781803,-23.385615912821788,3813,0.044027220514631815
lstm_h64_l2,24,1,42,54593,22.633756188320007,11.441620970495212,0.9420390909039201,19.918108172359407,-2.864431985518049,3951,-0.06365694304960035
lstm_h64_l2,24,1,1337,54593,23.524565642526305,12.055901358542988,0.9373869083279636,20.094150979122084,-4.698050612666291,3951,-0.1055198867438385
lstm_h64_l2,24,1,2024,54593,22.040203628725806,11.524206784268868,0.945039189676699,20.03612002419734,-3.7249359609294252,3951,-0.03576337134968832
lstm_h64_l2,24,1,7,54593,22.90982477017989,12.059537343843648,0.9406165456822978,20.054720925258465,-5.7802179020601745,3951,-0.0766305856659617
lstm_h64_l2,24,1,31415,54593,21.898467714319807,11.276122175714946,0.9457437995947885,19.70808859163473,-2.6269823895697764,3951,-0.02910259493312406
lstm_h64_l2,24,3,42,54593,40.9984307733223,23.99808086766063,0.8101828211087839,35.07000285633867,-8.258778912029335,3939,0.033097342058627355
lstm_h64_l2,24,3,1337,54593,42.32516915913573,24.305290207838016,0.7976988037029668,34.27846754795435,-8.273916234208372,3939,0.0018076842000491755
lstm_h64_l2,24,3,2024,54593,39.64452147036448,22.80668738270934,0.8225126496321862,33.78652146527957,-2.861830897709488,3939,0.06502779595525054
lstm_h64_l2,24,3,7,54593,41.139222680034415,23.66157206030667,0.8088768877127722,34.29540328435872,-5.018422473485614,3939,0.029776920612029967
lstm_h64_l2,24,3,31415,54593,42.31866998839341,24.19245944413924,0.7977609269784095,34.21551583637289,-7.053753861023274,3939,0.001960959955892405
lstm_h64_l2,24,6,42,54593,59.86482550710317,36.356389249021156,0.5966837596191776,48.19291348155531,-13.800051678965836,3921,0.0067877072969009244
lstm_h64_l2,24,6,1337,54593,55.91964405926796,34.74542305933248,0.6480904401024421,48.09637310774762,-9.6526533515252,3921,0.07224188139232546
lstm_h64_l2,24,6,2024,54593,56.25271794271358,34.29828157136045,0.6438858011073456,46.251090015728835,-4.351499268655369,3921,0.06671588056271804
lstm_h64_l2,24,6,7,54593,57.03244393751242,35.3187232824204,0.6339450932450924,47.872756423472886,-7.394940556783584,3921,0.05377951206227927
lstm_h64_l2,24,6,31415,54593,59.73518664924208,36.75979122355497,0.5984286521683453,48.75655644865631,-13.946402022206332,3921,0.008938534700955514
lstm_h64_l2,24,12,42,54593,72.82960900875524,46.68200823911593,0.4076487977824733,62.36022859906174,-20.61435715129367,3885,0.0662818890177328
lstm_h64_l2,24,12,1337,54593,73.71995681238148,46.987280500505015,0.39307718757870314,61.67083200800975,-20.005807464611976,3885,0.05486711032217273
lstm_h64_l2,24,12,2024,54593,75.83778293933658,47.62424373134048,0.3577049517160511,62.544365022467815,-17.38385421209726,3885,0.027715342825910594
lstm_h64_l2,24,12,7,54593,73.31973100514779,48.5744699119942,0.39964926965614245,63.875248850418856,-15.748350459922163,3885,0.05999823885331279
lstm_h64_l2,24,12,31415,54593,77.73102217400769,49.55832446112099,0.3252357345021739,64.43755688031116,-21.26470931076246,3885,0.0034429104197155613
lstm_h64_l2,24,24,42,54593,87.38986348854006,58.63130384184997,0.16060900296389913,74.3993852978629,-15.917685152634279,3813,0.10177534792516052
lstm_h64_l2,24,24,1337,54593,91.83461253414607,59.697793495314464,0.07305283420116715,76.25673542134214,-27.090694597035995,3813,0.05609060823480749
lstm_h64_l2,24,24,2024,54593,90.87878437458555,59.11963747888643,0.09224802343373695,76.59699232159507,-23.935954022685575,3813,0.06591495606866316
lstm_h64_l2,24,24,7,54593,86.69787394007918,59.668260006265314,0.17384967111269012,76.39909663507405,-17.645154563199398,3813,0.10888786700452957
lstm_h64_l2,24,24,31415,54593,91.03031581754372,60.46703791790673,0.08921832523007844,78.69180672463533,-22.538939411082378,3813,0.06435746104354101
lstm_h64_l2,48,1,42,54593,25.87342533351666,13.36259393548431,0.9242592192126401,20.77106851684206,-6.854518266031779,3951,-0.21590284297010132
lstm_h64_l2,48,1,1337,54593,21.394790913991283,11.157517457398377,0.9482109415864454,19.632124316537407,-2.3686625970022,3951,-0.005432669302357418
lstm_h64_l2,48,1,2024,54593,20.539509468760652,10.783155192585559,0.9522688325579977,19.466133431594784,0.5452729382471456,3951,0.034760661398558934
lstm_h64_l2,48,1,7,54593,22.291884076533425,12.077404166722324,0.9437768111930318,20.799707249248282,-6.02532421942321,3951,-0.04759091130872317
lstm_h64_l2,48,1,31415,54593,23.33718603513422,12.321460452970186,0.9383803966462951,20.68702620303769,-5.197513020487969,3951,-0.09671411810649011
lstm_h64_l2,48,3,42,54593,41.39332299650373,24.37192362939631,0.8065086161902802,35.17584373847781,-9.560298560626213,3939,0.023784245606093046
lstm_h64_l2,48,3,1337,54593,43.21032588386423,24.849082091318273,0.7891487746136594,35.124477301363385,-8.442534447579527,3939,-0.019067758437418147
lstm_h64_l2,48,3,2024,54593,41.439505913129125,24.134418880327967,0.8060766150467977,35.149579354554625,-5.190297420786015,3939,0.02269507258180159
lstm_h64_l2,48,3,7,54593,42.51009506618521,24.48370773494764,0.7959271647508815,34.381495606331406,-8.863238217792913,3939,-0.002553588845667143
lstm_h64_l2,48,3,31415,54593,42.79221545802671,24.986106822552156,0.7932094972615781,35.40222345957499,-12.002273947446449,3939,-0.009207086347539972
lstm_h64_l2,48,6,42,54593,57.23961685321572,35.197238781020175,0.631280841211102,47.46004673362977,-6.607792730164424,3921,0.05034232361566382
lstm_h64_l2,48,6,1337,54593,56.8070261140004,34.910607743704574,0.6368330014574921,47.949734048041805,-9.610375143285584,3921,0.057519400242191265
lstm_h64_l2,48,6,2024,54593,60.135563715743,36.57587684743584,0.5930275214853575,48.591662747907975,-8.768074603931574,3921,0.002295912413216028
lstm_h64_l2,48,6,7,54593,59.96988428419828,36.795343976074825,0.5952669312704092,48.806417011085635,-9.894009904571908,3921,0.005044685948666361
lstm_h64_l2,48,6,31415,54593,56.06584799407049,34.62048774767109,0.6462478739381634,48.30493503300255,-7.880563350154536,3921,0.06981622418782552
lstm_h64_l2,48,12,42,54593,71.11825916042139,46.631036793326665,0.43515985977776506,62.59493451040249,-12.871498315971913,3885,0.08822239329016379
lstm_h64_l2,48,12,1337,54593,68.84888898978664,46.23256151665125,0.4706326028490263,61.1544203573293,-7.313095665910962,3885,0.1173170439093899
lstm_h64_l2,48,12,2024,54593,72.80304660678249,47.891319042557235,0.408080803436664,62.73715391881942,-13.79774711631779,3885,0.06662243452018313
lstm_h64_l2,48,12,7,54593,76.03934879016457,49.168521366677375,0.3542861598646413,64.21102971402092,-16.940383105090234,3885,0.025131150928752177
lstm_h64_l2,48,12,31415,54593,76.64054644461109,49.30685023850642,0.3440352492122708,64.13695652843828,-23.160244964649095,3885,0.017423445973624663
lstm_h64_l2,48,24,42,54593,86.47554333628015,59.37925131763446,0.17808144699854112,76.06008090414015,-17.765908392689504,3813,0.11117306143407746
lstm_h64_l2,48,24,1337,54593,86.59112886027104,58.87419450960192,0.17588278194273332,76.68732794046552,-22.4953704196292,3813,0.1099850315765275
lstm_h64_l2,48,24,2024,54593,91.8159662166666,61.76944081117362,0.07342921508754041,79.65620790561475,-21.179387522347767,3813,0.056282261835830405
lstm_h64_l2,48,24,7,54593,87.84352843469135,58.97514217562556,0.15187136037758087,75.60883966634789,-17.091627602018733,3813,0.0971124153818601
lstm_h64_l2,48,24,31415,54593,86.07202439698644,59.71922643563794,0.18573415160642204,75.77561178706831,-10.887552886559321,3813,0.11532057516603611
lstm_h64_l2,168,1,42,54593,23.285867229676256,11.70986595721053,0.9386511034506035,20.147410846037246,-3.580973160472586,3951,-0.09430242809444755
lstm_h64_l2,168,1,1337,54593,21.720160821780464,11.27781774093641,0.9466237578290662,19.65784852185994,-1.9846797796184323,3951,-0.020723191944726604
lstm_h64_l2,168,1,2024,54593,20.71424863879547,10.884407100660516,0.9514532353915491,20.00204463368796,-0.3668032923363474,3951,0.02654892093958139
lstm_h64_l2,168,1,7,54593,22.64717364847904,11.459199189763856,0.9419703512133627,19.813241839415085,-2.509779775823088,3951,-0.06428748685052788
lstm_h64_l2,168,1,31415,54593,22.25384210288102,11.872372580943038,0.943968541605039,20.01513100448688,2.7686783460854056,3951,-0.04580315637021348
lstm_h64_l2,168,3,42,54593,41.128114788392416,24.217765464930505,0.8089800830613425,35.125598171286526,-8.370005594770054,3939,0.03003888795444254
lstm_h64_l2,168,3,1337,54593,42.018291919034844,24.296212059216426,0.8006217251515655,34.68904806985946,-7.9983796627504145,3939,0.009045044594543583
lstm_h64_l2,168,3,2024,54593,39.98768934193029,23.214152938973587,0.8194266459484127,34.18516715057498,-4.032036979764944,3939,0.056934561144103224
lstm_h64_l2,168,3,7,54593,41.66455398232736,23.943454783620226,0.8039645923639636,34.65033347980153,-8.064512058570635,3939,0.01738756270476649
lstm_h64_l2,168,3,31415,54593,44.0730697700766,25.990966115395842,0.7806449446080537,36.10318470851619,-14.32265407910695,3939,-0.039414619060293754
lstm_h64_l2,168,6,42,54593,57.647175838569616,35.31301233569011,0.6260114208414789,47.55773980003173,-9.681439478420511,3921,0.04358054671535261
lstm_h64_l2,168,6,1337,54593,56.70967038383018,34.85242364209625,0.63807672407039,47.95892546931848,-11.310597812288831,3921,0.05913462098577593
lstm_h64_l2,168,6,2024,54593,55.95515438348383,34.144901187148776,0.6476433560574,46.4741085283012,-5.093660907950091,3921,0.07165273258532034
lstm_h64_l2,168,6,7,54593,58.73129620087209,35.56603338634087,0.6118125953788588,47.69338942128599,-7.277108221667933,3921,0.025593996825872156
lstm_h64_l2,168,6,31415,54593,60.00671495203706,37.22438292023768,0.5947696427777959,49.531285936814356,-15.393500746660296,3921,0.004433631431492557
lstm_h64_l2,168,12,42,54593,70.27072960141716,45.81369971865459,0.44854225216085175,61.74854310131451,-12.007425461365889,3885,0.09908821708910698
lstm_h64_l2,168,12,1337,54593,70.96497316873639,46.056533317143746,0.4375921120278148,60.664743591499445,-14.595656350776139,3885,0.09018760920363866
lstm_h64_l2,168,12,2024,54593,70.53035719515867,45.97732104310227,0.4444598087574081,61.76402033421867,-8.930647246425115,3885,0.0957596397469157
lstm_h64_l2,168,12,7,54593,73.86638070244416,48.09045532284857,0.3906638314507398,63.20873340722047,-15.20862551429218,3885,0.052989870558115215
lstm_h64_l2,168,12,31415,54593,78.54339352855249,49.34646191354457,0.31105803385437747,64.06053688850199,-17.560233525647433,3885,-0.006972164670011827
lstm_h64_l2,168,24,42,54593,89.17912324949309,58.5562731136518,0.12588498239279788,74.9684619198805,-18.664512230787352,3813,0.08338468838986668
lstm_h64_l2,168,24,1337,54593,88.62493636993945,60.38564132228591,0.136715272675218,78.07318729849992,-25.46797947651055,3813,0.08908082175362675
lstm_h64_l2,168,24,2024,54593,85.39271138411739,59.84050352324424,0.19853642017060202,74.82944719173753,-3.1311915660871064,3813,0.12230280022368512
lstm_h64_l2,168,24,7,54593,95.33344223224913,61.28733966436188,0.0010753412133456264,77.88066125566343,-24.13386738781479,3813,0.02012837002099155
lstm_h64_l2,168,24,31415,54593,90.50623762857461,59.75640397694644,0.09967521082365083,75.22016155761736,-17.278964073625442,3813,0.06974412638612426
lstm_h128_l1,24,1,42,75393,19.71178531014902,10.466586927990267,0.9560383643286561,19.235055043962205,-1.9092291829875583,3951,0.07365895741764772
lstm_h128_l1,24,1,1337,75393,21.154511103631705,11.622338101217231,0.9493676706368571,19.991239093887547,-4.213465727944899,3951,0.005859105975114853
lstm_h128_l1,24,1,2024,75393,20.74724420476851,11.419737312159743,0.951298452684047,19.98319366935156,-4.130370097133128,3951,0.024998318266959862
lstm_h128_l1,24,1,7,75393,20.01578327491961,10.348812431871059,0.9546719431518934,19.0756388804683,-0.15607452479748907,3951,0.059372793724320916
lstm_h128_l1,24,1,31415,75393,19.86612305260602,10.525856793594174,0.9553472547632105,19.82720100735212,-1.1344459935456073,3951,0.06640596723903536
lstm_h128_l1,24,3,42,75393,41.22961372162765,23.92303317733066,0.8080360941699684,34.80487850961138,-7.1205505420051525,3939,0.027645147841169115
lstm_h128_l1,24,3,1337,75393,44.48741873253637,26.61305174917175,0.7765010633234457,36.378678025461696,-14.883717398036676,3939,-0.049186581195447054
lstm_h128_l1,24,3,2024,75393,41.239784726769365,23.794843299958348,0.8079413706678271,34.4635705480947,-6.952672925320778,3939,0.0274052759309531
lstm_h128_l1,24,3,7,75393,40.63618378433927,23.00306486861621,0.8135223113351462,33.68644946230967,-4.038892764874371,3939,0.041640536758334235
lstm_h128_l1,24,3,31415,75393,41.905056570331844,23.898863768452287,0.8016948885975992,33.94816228461138,-7.449588067716278,3939,0.011715575089703223
lstm_h128_l1,24,6,42,75393,58.92076272091813,35.2957694607096,0.6093039788558026,48.31521873066048,-10.61246362222507,3921,0.02245057370267145
lstm_h128_l1,24,6,1337,75393,55.146787911300855,34.09728221200826,0.6577505875327718,46.33740271591473,-7.9615215461126025,3921,0.08506427284089002
lstm_h128_l1,24,6,2024,75393,61.335889821927275,36.908099098762904,0.5766187620374867,48.77446568941893,-11.228725541231276,3921,-0.017618597214364984
lstm_h128_l1,24,6,7,75393,56.547859908956376,34.86275413131678,0.6401391387337125,46.72784408208148,-8.346842514395021,3921,0.06181920498600357
lstm_h128_l1,24,6,31415,75393,59.03172777341413,36.597423046794624,0.6078310030741085,49.97897140511055,-17.159622862215635,3921,0.02060956183525353
lstm_h128_l1,24,12,42,75393,74.00398011123369,48.554184105647806,0.388391555783274,64.0918091115186,-23.236291299483113,3885,0.051225765796385825
lstm_h128_l1,24,12,1337,75393,71.48480788247687,46.84992194331358,0.42932240010499434,61.64842758517548,-18.784870315936125,3885,0.08352302465426376
lstm_h128_l1,24,12,2024,75393,69.68387282803965,46.1674002754419,0.45771464451732446,61.27873827090663,-13.613255354475159,3885,0.10661206357562758
lstm_h128_l1,24,12,7,75393,82.33505671027132,51.316563105267804,0.2429354765616133,66.50288963656578,-21.223812305582516,3885,-0.0555835005223011
lstm_h128_l1,24,12,31415,75393,71.40743766204398,46.645331222549835,0.4305570556544297,61.77794143112138,-17.1345384898964,3885,0.08451495605485937
lstm_h128_l1,24,24,42,75393,86.57586536377644,58.22343425463391,0.17617329210899568,74.9969189115228,-25.044520334556495,3813,0.11014191531888629
lstm_h128_l1,24,24,1337,75393,85.71506379511484,58.70671491158193,0.192474044399786,76.13519000344368,-22.25683024562741,3813,0.11898954545184715
lstm_h128_l1,24,24,2024,75393,91.54275260622254,60.511531076405376,0.0789353402729488,78.57573163073748,-27.508625285384326,3813,0.05909045022732973
lstm_h128_l1,24,24,7,75393,92.35536710860829,59.43989812670234,0.06251039079165344,78.84233487490037,-29.28409905786517,3813,0.050738104205274914
lstm_h128_l1,24,24,31415,75393,93.60934116585999,61.661139574313175,0.036879643431644626,79.15192313710162,-23.412861395494826,3813,0.03784930490610361
lstm_h128_l1,48,1,42,75393,19.775020252679134,10.359594412228798,0.9557558561330075,19.251100799701,-0.8892059354380341,3951,0.07068727719338996
lstm_h128_l1,48,1,1337,75393,21.369128435778777,10.842907879465821,0.9483351062503811,19.525371530969345,0.5373443657868016,3951,-0.004226679766220265
lstm_h128_l1,48,1,2024,75393,21.028920104500447,10.833219688824846,0.9499670783675186,19.52873140076373,-1.2996979484414695,3951,0.011761163817349485
lstm_h128_l1,48,1,7,75393,19.81037204774253,10.352037490070341,0.9555975242611777,19.28397602573024,-1.128648911194591,3951,0.06902594524496819
lstm_h128_l1,48,1,31415,75393,20.01937890566033,10.399630399730604,0.9546556562455564,19.635847114897068,1.8685556086749695,3951,0.059203819667598356
lstm_h128_l1,48,3,42,75393,41.19802189836405,23.968545476859653,0.8083301627196442,35.059507489849096,-7.124393841432828,3939,0.02839020606185283
lstm_h128_l1,48,3,1337,75393,44.72919917365182,26.722677717011884,0.7740651155816782,36.33382537101063,-15.033380458436037,3939,-0.0548887055632139
lstm_h128_l1,48,3,2024,75393,40.63244285480721,23.062099930662377,0.8135566436822042,33.73131846245417,-3.771764161866203,3939,0.04172876244501289
lstm_h128_l1,48,3,7,75393,40.87269534857112,23.5950080010184,0.8113453117446678,33.903870341774876,-5.121074799567586,3939,0.03606267302608501
lstm_h128_l1,48,3,31415,75393,39.76415886949283,22.621176913260697,0.8214398070871655,33.66829698903379,-4.426531654418694,3939,0.062206280179537776
lstm_h128_l1,48,6,42,75393,57.69073586656552,35.37881122936309,0.6254460121212528,47.613119926916525,-9.82027008665546,3921,0.04285784594892528
lstm_h128_l1,48,6,1337,75393,54.6143085127053,33.7739866780752,0.6643279763349672,46.03229722995666,-6.040473287715983,3921,0.09389859382681709
lstm_h128_l1,48,6,2024,75393,59.41392633941216,36.788618198967455,0.6027363988409193,49.47515190685781,-16.454152345214045,3921,0.01426853752277657
lstm_h128_l1,48,6,7,75393,57.6099187356221,35.26503789689851,0.626494678803013,46.760508528538715,-10.326273838326873,3921,0.04419867618160467
lstm_h128_l1,48,6,31415,75393,59.55774915470456,36.02464390708288,0.6008107653450712,47.94430737572169,-14.119395163708132,3921,0.011882385272109275
lstm_h128_l1,48,12,42,75393,72.60228021585925,47.776202370412285,0.411340931395068,63.15784451859383,-20.810442897843476,3885,0.06919637687457691
lstm_h128_l1,48,12,1337,75393,69.61982391995255,46.071373555548654,0.45871105362654396,61.58551636640542,-16.734419946474024,3885,0.10743320797395028
lstm_h128_l1,48,12,2024,75393,72.52656247699734,46.652416033277525,0.4125681295275818,61.9334555733919,-15.813822539122818,3885,0.07016712249658752
lstm_h128_l1,48,12,7,75393,79.04250373506459,49.819898834188756,0.3022743414819147,64.966172728508,-23.04820467663305,3885,-0.01337104893616825
lstm_h128_l1,48,12,31415,75393,71.76201274482627,47.37406465549598,0.4248878542223291,62.96016570518709,-17.835037076311632,3885,0.07996909646556705
lstm_h128_l1,48,24,42,75393,84.0752423845133,58.35241958148963,0.2230761725160163,75.32507119995091,-15.526096670369064,3813,0.13584422352553005
lstm_h128_l1,48,24,1337,75393,86.74636086015096,58.81500185739157,0.17292534195721487,76.43910357267062,-24.741772771616535,3813,0.10838950088776167
lstm_h128_l1,48,24,2024,75393,88.02265489406071,61.262807487818215,0.14840890436156906,79.80937194658208,-23.722383802364906,3813,0.09527128878866498
lstm_h128_l1,48,24,7,75393,84.77332123247491,60.20149321715512,0.21012097512825878,77.70154074045631,-15.937928409050432,3813,0.12866911642156542
lstm_h128_l1,48,24,31415,75393,88.21026875816116,61.64733424356682,0.14477482707451217,79.95145895861403,-22.364399926709428,3813,0.09334292557720225
lstm_h128_l1,168,1,42,75393,19.87881729316957,10.664382833370473,0.9552901712760724,19.484316625836605,-2.7779873832321362,3951,0.06580941061803902
lstm_h128_l1,168,1,1337,75393,21.404536862048918,11.058172552118073,0.9481637480022076,19.880172709956046,-0.05305961967398629,3951,-0.005890673057096674
lstm_h128_l1,168,1,2024,75393,20.295373675661278,10.713420881698294,0.953396769174942,19.713385349729293,-1.2987786897905829,3951,0.046233645785970334
lstm_h128_l1,168,1,7,75393,19.976411280079056,10.292793978057533,0.9548500926396609,19.225140687944588,-0.2924445602455122,3951,0.06122305204315348
lstm_h128_l1,168,1,31415,75393,21.22831023879311,11.16526759796334,0.9490137849009632,19.69310321630731,2.937495693022253,3951,0.0023909691863129856
lstm_h128_l1,168,3,42,75393,41.040253768366284,23.691135832557965,0.8097953539801233,34.7733336601943,-5.792918040072843,3939,0.03211099296408071
lstm_h128_l1,168,3,1337,75393,40.56635274767399,23.52526404814299,0.8141626638667507,34.1335303580441,-7.847907170209912,3939,0.04328742454610779
lstm_h128_l1,168,3,2024,75393,40.46610558246104,23.083357982553355,0.8150800077320716,33.52871087785597,-4.21773727724947,3939,0.04565164309465186
lstm_h128_l1,168,3,7,75393,40.80361392096687,22.525294367843898,0.8119824863443751,32.99758379980022,-1.0334404199011744,3939,0.03769188211299479
lstm_h128_l1,168,3,31415,75393,42.609772249306545,24.084340189332895,0.7949690274668101,33.956582676206516,-8.234940880508644,3939,-0.00490436499680813
lstm_h128_l1,168,6,42,75393,63.560182193263266,37.85321645532881,0.5453548787633089,51.29661578204551,-16.653099084552522,3921,-0.054521645157175946
lstm_h128_l1,168,6,1337,75393,54.86604506329526,33.977421975353714,0.6612263838441708,46.35094584303429,-5.849643739917682,3921,0.08972205385612997
lstm_h128_l1,168,6,2024,75393,56.33806004670172,34.913082627976046,0.6428044457558744,47.37845105730774,-9.256928567749648,3921,0.06529997688224864
lstm_h128_l1,168,6,7,75393,58.12433412719396,35.81160424452442,0.619794627394691,47.73831231578685,-11.498077653295043,3921,0.03566405361924163
lstm_h128_l1,168,6,31415,75393,60.15736329002301,36.92556565974817,0.5927324071045315,49.24104452375932,-16.229934426571518,3921,0.0019342375070053874
lstm_h128_l1,168,12,42,75393,73.27782758871575,48.01682576903722,0.4003352939382713,63.06949274192457,-21.60587656151713,3885,0.06053546511838748
lstm_h128_l1,168,12,1337,75393,70.02946585330378,46.29118397061904,0.4523224424653629,61.38563312400266,-16.607024738321552,3885,0.10218135920812965
lstm_h128_l1,168,12,2024,75393,69.27990266599544,45.67987419984461,0.46398387462818513,60.25188074712485,-7.970849785773457,3885,0.11179119692167894
lstm_h128_l1,168,12,7,75393,79.64965796717652,50.38365803622508,0.2915142040058806,64.76357799110465,-19.516501975919283,3885,-0.021155120694871465
lstm_h128_l1,168,12,31415,75393,72.8079606957488,47.65779178290825,0.40800089354563285,62.70756998983737,-18.930547745613925,3885,0.06655943303041434
lstm_h128_l1,168,24,42,75393,83.80972041835295,56.73578435660952,0.22797570271745005,72.83934085203086,-10.495509520841566,3813,0.13857335441270535
lstm_h128_l1,168,24,1337,75393,85.94415748552693,58.62941226805819,0.18815166931426408,76.07248928254427,-23.13739005217365,3813,0.11663483756985216
lstm_h128_l1,168,24,2024,75393,88.08558081565612,61.28407411122899,0.14719089272900476,79.83933171342564,-23.8080085538263,3813,0.09462451338731726
lstm_h128_l1,168,24,7,75393,84.77022872537194,60.204464137932604,0.2101786032099423,77.67464985686236,-15.888055694111227,3813,0.12870090232905773
lstm_h128_l1,168,24,31415,75393,90.45172705271952,58.06196903313529,0.10075938899203807,73.92054465793963,-21.518594824144248,3813,0.070304405817597
dlinear,24,1,42,818,89.57339524689286,34.38905678435804,0.09222128698062837,37.11172025575568,11.286255200307101,3951,-3.209436691557624
dlinear,24,1,1337,818,96.70228349940957,36.387016879762,-0.05802366302877848,37.56732617522428,14.130216978126967,3951,-3.54445362038392
dlinear,24,1,2024,818,89.52264478290694,34.34527107369194,0.09324965348473913,37.735642944172085,12.152715820432928,3951,-3.2070517103405214
dlinear,24,1,7,818,102.54244937662824,37.84835175310034,-0.18967763125495485,37.24666430361987,16.551165159015447,3951,-3.818907976619789
dlinear,24,1,31415,818,98.01883692178345,36.287192826859055,-0.08702870298691079,36.64279417154139,14.739487832166212,3951,-3.6063240928301292
dlinear,24,3,42,818,91.69608208718243,39.25316006158052,0.050483303792027034,43.63430873329998,7.847186333049868,3939,-1.1625507079309694
dlinear,24,3,1337,818,91.90362695746424,40.089980060573524,0.046180168127020194,44.47931837472754,6.153012263319798,3939,-1.1674454242147974
dlinear,24,3,2024,818,97.33259885396349,40.67854125556681,-0.0698371754199325,43.64661802355011,10.472082287603735,3939,-1.2954817235950618
dlinear,24,3,7,818,93.81325106451644,40.18221771790321,0.006130372071811663,44.15483599122004,8.040277324463036,3939,-1.2124817973137199
dlinear,24,3,31415,818,94.48397835192213,40.314728011750766,-0.008131973369593926,44.070117696947754,8.099920271792511,3939,-1.2283001587659435
dlinear,24,6,42,818,101.37420247510894,47.45311133756811,-0.1565307101149369,51.9392657276117,11.815315162636528,3921,-0.6818908801346857
dlinear,24,6,1337,818,88.6108701593966,44.56047788809564,0.11635816081065642,52.106689527574964,2.9183707888941695,3921,-0.47013550551464145
dlinear,24,6,2024,818,90.49781626002303,44.921514963936886,0.07832359945428902,52.24563895313764,5.043078688971094,3921,-0.5014416698095325
dlinear,24,6,7,818,93.11027969288291,44.93659483032891,0.024342178117845115,51.81631728268856,3.676177362779217,3921,-0.544784831236536
dlinear,24,6,31415,818,94.92764609731037,46.11302067311277,-0.014116133635432737,52.43452439582287,7.209215101067555,3921,-0.5749366046349036
dlinear,24,12,42,818,79.38381034812453,50.17828317376723,0.2962357543301488,64.80607925674427,-11.321478836890986,3885,-0.01774679899647369
dlinear,24,12,1337,818,79.37734307430205,49.63529818291171,0.2963504187853848,63.82942796731176,-9.723231762177566,3885,-0.017663884769981042
dlinear,24,12,2024,818,77.53466007249072,49.43849262044521,0.32864057259188173,64.28095142426731,-7.504400750831992,3885,0.005960387212360252
dlinear,24,12,7,818,81.15697153691319,49.50599542162694,0.2644452873084454,63.32757339326992,-9.865466812400367,3885,-0.040479760743718396
dlinear,24,12,31415,818,76.2361544343842,48.58992874043997,0.35093935100289486,63.01245126455295,-7.964804514522299,3885,0.02260798765968508
dlinear,24,24,42,818,100.02524126235157,64.68250015945567,-0.09966752577180982,86.32943378220315,-47.280089400590214,3813,-0.028095638842135617
dlinear,24,24,1337,818,101.768815337847,64.99453946744289,-0.13833902051638058,85.62757873602112,-49.62218600428842,3813,-0.04601672436407345
dlinear,24,24,2024,818,89.72918985361252,61.874566774878275,0.1150684517619397,80.32015468222113,-22.483571505228362,3813,0.07773090470855948
dlinear,24,24,7,818,93.7695526694226,61.997586338831994,0.033580079466251855,81.6326331523061,-38.15035968781692,3813,0.03620259307590623
dlinear,24,24,31415,818,85.47906072232747,59.437297495348915,0.19691471641707015,77.07957528407078,-17.305321899176853,3813,0.12141527046709255
dlinear,48,1,42,1634,87.54414171736822,35.42196298096544,0.13288619517088096,39.06451123346672,9.32902067491267,3951,-3.114073394898953
dlinear,48,1,1337,1634,94.21158028561803,35.221005517549,-0.004223775197186752,36.59643721380269,13.804205668891436,3951,-3.4274048307626694
dlinear,48,1,2024,1634,88.31748398844131,35.615452135661954,0.1174988124821098,39.395521754854286,7.229009219534462,3951,-3.1504160535870023
dlinear,48,1,7,1634,97.13627142299379,36.1778912345778,-0.06754153218342007,36.5544053534926,15.117526943917053,3951,-3.564848567836709
dlinear,48,1,31415,1634,93.61963361967395,35.443805734452155,0.008355982206661339,37.300990528945235,13.284587126144743,3951,-3.3995867268691855
dlinear,48,3,42,1634,93.79537576624209,39.80043189506104,0.006509082398811317,43.630676514259896,8.651681876191763,3939,-1.2120602281685855
dlinear,48,3,1337,1634,95.75084054017822,40.92505815128284,-0.03534773103675848,44.085200859299256,11.241361046394841,3939,-1.2581777027100718
dlinear,48,3,2024,1634,105.19005288209762,43.634458392064246,-0.2495406605860908,44.305565393175364,18.45501930244852,3939,-1.4807910888842004
dlinear,48,3,7,1634,92.55504443758043,41.060526104945254,0.03261080294769281,45.44642259670862,10.968507009875733,3939,-1.1828083852128968
dlinear,48,3,31415,1634,88.36384828898397,39.01366244628893,0.11824021328188516,44.00767810411682,8.188130106290416,3939,-1.0839636582418217
dlinear,48,6,42,1634,72.89611111988195,41.92426039583602,0.40198649973389533,53.5034968218759,-11.2736428766674,3921,-0.20941325797278343
dlinear,48,6,1337,1634,81.61203313100596,42.64266108433596,0.25043264738655147,51.339670916013766,1.0780612340753701,3921,-0.3540183881199135
dlinear,48,6,2024,1634,86.82883089688771,44.075001455491034,0.15154233929919658,51.886108202138146,1.5740777721412178,3921,-0.44056984176116765
dlinear,48,6,7,1634,78.1304372565123,42.014054444761655,0.31302208131261844,52.30143337117885,-3.8835203725022835,3921,-0.2962555233411428
dlinear,48,6,31415,1634,86.61468319326234,44.52501188617633,0.15572231496946964,52.50811810304913,6.790134421697536,3921,-0.43701693519386087
dlinear,48,12,42,1634,78.0349822836889,49.81786929382192,0.31994820760108733,64.273227921285,-9.797488252480216,3885,-0.00045403566153257024
dlinear,48,12,1337,1634,81.67627979073873,49.8765534841563,0.2550018166063236,63.43852291860975,-6.8366777491439725,3885,-0.04713759576959631
dlinear,48,12,2024,1634,77.46441202434842,48.281915193058126,0.3298565532794183,62.59153999033433,-7.082880646348794,3885,0.006861008205722219
dlinear,48,12,7,1634,80.97926789801329,49.30721469786961,0.2676629442164098,62.497005408836905,-5.409584554329069,3885,-0.0382014963360604
dlinear,48,12,31415,1634,80.87792979986516,49.30923973065709,0.26949470216112925,63.156188709714826,-5.935081549023214,3885,-0.03690228274887741
dlinear,48,24,42,1634,88.79250214004531,61.533250944468094,0.13344771097810315,79.43910132026006,-18.026613852699203,3813,0.0873585201096525
dlinear,48,24,1337,1634,100.60272843674024,65.16864110977835,-0.11240185302726569,86.65310818172858,-48.16018735219455,3813,-0.03403126107091925
dlinear,48,24,2024,1634,95.18246859647664,63.313947191762594,0.004236705554105269,83.39652030362754,-35.939975034386286,3813,0.021680131701932948
dlinear,48,24,7,1634,90.66265857410025,62.16134554972992,0.09656047849853855,80.24527014181614,-22.495104970747594,3813,0.06813637528361327
dlinear,48,24,31415,1634,88.52910950498067,61.59175701814289,0.1385811390591527,79.4873393350339,-17.513203544311338,3813,0.09006576496100804
dlinear,168,1,42,5714,89.69097311784185,34.66707440425484,0.08983654449465872,37.27595764037252,12.68259609071272,3951,-3.2149621782573714
dlinear,168,1,1337,5714,90.12724136852817,36.29171594431448,0.08096070967441482,38.88391826721138,10.267591560813539,3951,-3.235464288027117
dlinear,168,1,2024,5714,88.64784036652854,34.78134577472716,0.11088437685200281,38.04914608188673,11.561282377209878,3951,-3.165940911781531
dlinear,168,1,7,5714,93.71385937185093,36.22792555136532,0.006358849307754211,37.45095241950687,11.868348323594317,3951,-3.4040147976976955
dlinear,168,1,31415,5714,93.94350505756012,36.1466856109362,0.0014830499555081866,37.35819360323009,12.914400350902994,3951,-3.414806830006147
dlinear,168,3,42,5714,94.06285881381558,40.52884271054285,0.0008345831178138141,43.976358306721224,10.506451835552786,3939,-1.2183685200903671
dlinear,168,3,1337,5714,92.5674325229968,40.14793842436849,0.032351824043057364,43.92480699380462,9.98927716737049,3939,-1.183100544509971
dlinear,168,3,2024,5714,87.84078861782177,39.56241777482957,0.12864826916204042,44.598071312985645,5.628067012618584,3939,-1.071627874243041
dlinear,168,3,7,5714,92.14852675477556,40.10799653817147,0.041090020532290605,43.943067614139345,9.122042091886932,3939,-1.173221115149381
dlinear,168,3,31415,5714,93.93090251636352,40.575997596220205,0.0036359797639499147,44.047299441595364,11.20519071890215,3939,-1.2152564767186602
dlinear,168,6,42,5714,80.14278938123454,43.31973227454556,0.27717830973610624,52.364443816071336,3.973840079562476,3921,-0.3296422884505503
dlinear,168,6,1337,5714,85.34674014942662,44.304329677645875,0.18025996933734856,51.92919179111952,4.643622344276505,3921,-0.4159805986319913
dlinear,168,6,2024,5714,80.64015511043668,45.69965385832979,0.26817881550075995,55.4561384753918,1.3918526907490518,3921,-0.33789404149632163
dlinear,168,6,7,5714,78.98291387499157,42.762709030235946,0.29794914596717526,52.206504570628724,0.5609235207233363,3921,-0.31039889132966403
dlinear,168,6,31415,5714,83.87647918515508,43.71269882971272,0.20825988014243613,51.82437471156637,2.698387014535571,3921,-0.3915876224422796
dlinear,168,12,42,5714,79.98965391966851,51.189883928002565,0.2854527486406814,64.9729164859658,-9.165812779766595,3885,-0.02551406732143202
dlinear,168,12,1337,5714,84.39515010758701,51.50311878000218,0.20457672036818642,64.33868334133007,-6.128681785749269,3885,-0.08199510071580796
dlinear,168,12,2024,5714,79.95820196654081,49.70223558474434,0.2860145585044126,62.81606869952431,-4.1786162763990315,3885,-0.025110834918281588
dlinear,168,12,7,5714,78.89069835666743,50.32804510875617,0.3049518071874283,64.4115094713473,-7.1817913437362675,3885,-0.011424815349538653
dlinear,168,12,31415,5714,80.6949382302624,49.29585927051904,0.27279659393102806,62.14110251548461,-4.088005765980219,3885,-0.03455622398211089
dlinear,168,24,42,5714,97.73857512119618,68.22873491395829,-0.049963475426020754,86.20874540108593,-20.7593311794811,3813,-0.0045924564699608705
dlinear,168,24,1337,5714,93.12273316709332,64.72331538620624,0.046866765315962455,82.3996941633259,-20.96824209803827,3813,0.04285083806957335
dlinear,168,24,2024,5714,95.46020853317172,65.4048481683165,-0.001582995081189642,84.1633065177588,-28.165114925430352,3813,0.0188254200906951
dlinear,168,24,7,5714,91.75058957167442,63.55233697206943,0.07474825632752902,80.55232698963627,-16.67989871749292,3813,0.05695422665941219
dlinear,168,24,31415,5714,93.52624907165757,66.11431343621122,0.03858870725397545,83.23597183229009,-14.916483144505007,3813,0.03870335552966264
nlinear,24,1,42,411,103.07495078919423,43.563397002857286,-0.20206566984907437,46.16852400147939,1.1825996171306532,3951,-3.843932493979918
nlinear,24,1,1337,411,102.61296165889381,42.25905495273776,-0.19131433346825077,44.535520928897576,3.379992203079555,3951,-3.8222216501425583
nlinear,24,1,2024,411,101.24446924272348,41.95354397804756,-0.15975041857740657,44.25045369180636,1.4447861925884167,3951,-3.7579103423835107
nlinear,24,1,7,411,104.54317670306058,42.464152867891826,-0.23655462811431538,43.94306622675928,3.9496686245747212,3951,-3.912930705070271
nlinear,24,1,31415,411,104.94951138020268,42.69322381501161,-0.24618570119940975,44.225480656556,4.451824833422145,3951,-3.9320261082789987
nlinear,24,3,42,411,101.71188918583123,44.63704269284404,-0.1682733980590756,48.895779125604534,1.2902752195544445,3939,-1.3987624439033906
nlinear,24,3,1337,411,104.00020012060043,46.30662794772944,-0.22143228719934727,49.74661147009738,-1.772259996915385,3939,-1.4527297271210782
nlinear,24,3,2024,411,102.59711750566997,46.259984417416945,-0.1886975417642851,50.43622573534831,-3.3109711939250257,3939,-1.4196395750323707
nlinear,24,3,7,411,104.61185054950523,46.169837186510065,-0.23584161504854406,49.278672397600076,-1.0180969889455056,3939,-1.4671548261866714
nlinear,24,3,31415,411,103.09372997481194,46.301348267384554,-0.20023296765139853,50.60134399803435,-2.7745488970552987,3939,-1.4313516310140995
nlinear,24,6,42,411,96.91140380818656,50.11755450686079,-0.056944145170162885,59.644139490856894,-14.33384605975339,3921,-0.6078489622254724
nlinear,24,6,1337,411,92.93944730264857,48.92472365338672,0.027919034664891873,59.04314882859059,-13.259499056606424,3921,-0.5419505653961976
nlinear,24,6,2024,411,103.25533038014545,49.12373459244926,-0.1998507558945235,55.53508086058231,-3.241996445864236,3921,-0.7131005152351406
nlinear,24,6,7,411,101.09505827721873,50.03387938176339,-0.15017022895269205,57.696365876177346,-9.5163089046036,3921,-0.6772596221892597
nlinear,24,6,31415,411,98.98585128170573,50.04798675363261,-0.10267750008320986,58.773428681762084,-10.952157738320626,3921,-0.6422659460521716
nlinear,24,12,42,411,93.52385630059307,56.24248860175083,0.02319442583844611,72.51268010804196,-27.577510886619844,3885,-0.19903044414626714
nlinear,24,12,1337,411,92.43890050833039,55.17398163086066,0.04572650850308435,70.11276721232721,-22.45580125309485,3885,-0.18512067740937588
nlinear,24,12,2024,411,93.94229852985579,53.9119667444061,0.014434071031399043,66.15288493152292,-13.80202517201402,3885,-0.20439511784395825
nlinear,24,12,7,411,90.96462570832419,53.379764284250676,0.07592251018758644,67.48013807355225,-16.795426647374722,3885,-0.16621961367903149
nlinear,24,12,31415,411,92.31667164820922,54.94887063084115,0.048248447774213776,69.8413846831727,-21.923096962428968,3885,-0.18355363205607556
nlinear,24,24,42,411,101.11983306034124,66.36133542523649,-0.12386687998339263,88.65290459353656,-48.24252221097996,3813,-0.03934624958421762
nlinear,24,24,1337,411,97.607768301688,65.15313907571452,-0.04715495324965491,86.99034664630041,-42.34414316295973,3813,-0.0032479766269735144
nlinear,24,24,2024,411,99.02506590321103,65.56157668075917,-0.07778581930384987,87.41015108159303,-44.853788383562005,3813,-0.0178154744373058
nlinear,24,24,7,411,99.25953874335762,65.46530232574156,-0.08289585253849463,87.31220939100172,-45.06399981934968,3813,-0.02022547116752471
nlinear,24,24,31415,411,99.5032961134568,65.40705560637684,-0.08822104272305498,86.99675416378041,-45.31347089907932,3813,-0.022730897657597282
nlinear,48,1,42,819,101.65183630498271,38.59768875045407,-0.1691019335226367,38.49663061639147,11.822150994714514,3951,-3.777054261781447
nlinear,48,1,1337,819,101.44168813326294,38.71272303019002,-0.16427308464280266,38.472535825141385,11.402291808643925,3951,-3.7671785009903926
nlinear,48,1,2024,819,109.18509274631711,40.46692532605721,-0.348803289998995,38.03868102041969,15.751385700447223,3951,-4.131074180125068
nlinear,48,1,7,819,98.15731247142386,40.79809792510354,-0.09010225965942009,43.435054765761535,1.413089705864846,3951,-3.612831650771115
nlinear,48,1,31415,819,101.91553639818696,38.80192961521853,-0.17517545227545828,38.66013930960089,11.395768647320779,3951,-3.7894466562512736
nlinear,48,3,42,819,95.00803242908768,43.073123910715545,-0.019346167098132527,47.965045557615944,-1.251161172114723,3939,-1.2406593947308013
nlinear,48,3,1337,819,103.18547289511557,43.003869898815545,-0.20237008835015136,44.59007157576886,9.160862493457206,3939,-1.4335152863495764
nlinear,48,3,2024,819,103.55955407005138,43.67408817798067,-0.21110386278539983,45.376857580281104,8.421625625898008,3939,-1.4423375772399543
nlinear,48,3,7,819,103.34963088204427,43.0873194620398,-0.20619883774215064,44.55759979057443,8.88052728193197,3939,-1.437386770962274
nlinear,48,3,31415,819,102.71455135818144,42.95024170746783,-0.19142029314893572,44.70328102831466,8.790825119059717,3939,-1.4224091225975792
nlinear,48,6,42,819,91.25271152600813,46.14689603599636,0.06288298244658375,54.10335238951613,-4.9814055178836725,3921,-0.5139660737734397
nlinear,48,6,1337,819,89.25581223446521,48.2115873376733,0.10344841820505657,59.68388838492018,-17.89562770572676,3921,-0.48083568532162313
nlinear,48,6,2024,819,97.08495300765671,50.07347839742427,-0.060733091530468686,58.76643164948666,-12.987794985981793,3921,-0.6107283024196919
nlinear,48,6,7,819,96.737403886519,47.876056126159234,-0.053152164207456165,54.17820184928577,-3.423316379279173,3921,-0.6049621441371262
nlinear,48,6,31415,819,96.52777277416553,46.18359738098739,-0.04859272305160478,52.37463770554024,1.5379549179100136,3921,-0.6014841719563204
nlinear,48,12,42,819,91.37680475871933,57.09989252265337,0.06752917456988794,74.39577078136791,-34.652698891699835,3885,-0.17150398976671788
nlinear,48,12,1337,819,85.52811251685941,52.43661621183994,0.18307705718966683,66.88114462607419,-20.97385515567483,3885,-0.09652034031269441
nlinear,48,12,2024,819,89.449275352578,54.94156377603723,0.10645388564297531,70.8611287573063,-27.542982935596168,3885,-0.14679193734105267
nlinear,48,12,7,819,96.68635570390848,54.90424651081124,-0.0439836560235094,66.77994853821826,-12.181009277775523,3885,-0.2395755330055418
nlinear,48,12,31415,819,90.43304483465303,53.510252575478574,0.08669123724803274,66.86937199917354,-17.813021641228406,3885,-0.15940443650103964
nlinear,48,24,42,819,103.30873908144706,67.04052227303205,-0.1730494134461784,89.9257596609097,-51.83749562747113,3813,-0.0618446180533494
nlinear,48,24,1337,819,95.93714609366769,63.39542183054918,-0.011616199064121036,83.58083060530834,-38.713132595952175,3813,0.01392328319247127
nlinear,48,24,2024,819,102.55614909692221,66.56409050708695,-0.15602065833052925,88.68661962039674,-49.11462964128568,3813,-0.054109225754750634
nlinear,48,24,7,819,101.69867855721753,66.11670791399001,-0.13677052584289906,88.08889039598023,-48.492967020936845,3813,-0.04529583314324204
nlinear,48,24,31415,819,95.42489788350586,63.897607960710396,-0.0008421627330041925,84.45304892762574,-39.66133971883012,3813,0.01918835573041966
nlinear,168,1,42,2859,103.02808883774816,39.184136994980996,-0.20097290507080579,37.09536656532181,13.984566760364315,3951,-3.841730250587096
nlinear,168,1,1337,2859,98.19029864951234,38.095553845256454,-0.09083504967447942,38.08736751992568,10.579183587677752,3951,-3.6143818122669167
nlinear,168,1,2024,2859,102.40073765980287,38.94364928726113,-0.1863916796191356,37.25639681993759,13.402127857907962,3951,-3.8122483373509626
nlinear,168,1,7,2859,99.6988270469525,38.201222090486354,-0.12461020396771105,37.50820136989147,11.82935208334962,3951,-3.6852740093187135
nlinear,168,1,31415,2859,103.59210141526125,39.30932612036015,-0.21415800628339876,37.09473906982551,13.786081357913112,3951,-3.8682356122711052
nlinear,168,3,42,2859,101.78569136036704,43.04950450223309,-0.16996941214263317,43.40221814718301,10.28778536827,3939,-1.400502986586965
nlinear,168,3,1337,2859,102.02690984718195,43.08952053088714,-0.17552132532830056,43.76553801591537,10.209706634382794,3939,-1.406191857883905
nlinear,168,3,2024,2859,100.38797423566109,42.81732589152735,-0.1380580812383554,43.76584156955195,9.327974165614828,3939,-1.367539373652595
nlinear,168,3,7,2859,101.19988646007879,42.766879697181075,-0.15654116800662954,43.77918047174795,10.07175794014718,3939,-1.3866874257364659
nlinear,168,3,31415,2859,110.36545593574665,45.69826637360997,-0.37552145714186147,44.01718001733359,13.491316984111567,3939,-1.6028472474761855
nlinear,168,6,42,2859,110.93925804134675,50.715705539124784,-0.38507337890340576,51.680701395804405,10.711693243303873,3921,-0.8405839137867819
nlinear,168,6,1337,2859,89.9294525876068,44.747229573013364,0.08986426234282852,50.90645611046855,4.176199000585705,3921,-0.49201199585011035
nlinear,168,6,2024,2859,89.98363533861964,45.03368323664204,0.08876721321261294,51.353055816979655,3.743185661436947,3921,-0.49291093732204416
nlinear,168,6,7,2859,90.48042046427962,45.37260041890979,0.07867790089670978,51.58898762217948,3.263261833226159,3921,-0.5011530576232051
nlinear,168,6,31415,2859,95.14248798929059,46.436399761881276,-0.018711658471899373,51.23960966352854,5.521808494858544,3921,-0.5785010284229093
nlinear,168,12,42,2859,84.15284565067273,49.97754534385727,0.20913759686847821,61.96822473397248,-4.644007011857984,3885,-0.07888861610231235
nlinear,168,12,1337,2859,93.69553727507504,52.28069361891525,0.01960490630262912,61.59690164725888,-0.45961966575369084,3885,-0.20123149447959543
nlinear,168,12,2024,2859,85.83802254330567,50.23800587239032,0.1771461115108086,61.42132147152518,-3.7662842628141866,3885,-0.10049356780088647
nlinear,168,12,7,2859,86.20412858022203,50.27783342629643,0.17011206765471254,61.53964272814086,-2.6520502050432975,3885,-0.10518726095482966
nlinear,168,12,31415,2859,88.62660743978599,50.76374169017452,0.12281425039067706,62.21790014447522,-2.947335025140962,3885,-0.13624485436267864
nlinear,168,24,42,2859,92.1970107781466,63.454311315934014,0.06572255145743888,78.64018718254576,-14.24451322761713,3813,0.05236574789476822
nlinear,168,24,1337,2859,99.99560507325873,66.86265385990566,-0.09901598769341802,85.48784029045538,-34.835127125328015,3813,-0.02779102736233585
nlinear,168,24,2024,2859,91.58749872709629,63.5921010191612,0.0780346869247116,79.0983197064222,-14.87692909882386,3813,0.05863053339888891
nlinear,168,24,7,2859,91.3822995761059,63.50783502059242,0.08216133234384759,79.61567704064414,-17.80167589625135,3813,0.06073964455488201
nlinear,168,24,31415,2859,102.51737450826003,68.64676215927474,-0.1551466833948505,82.3430449855823,-10.491658591495161,3813,-0.05371068649607569
